Date,prcp(mm/day),srad(W/m2),tmax(C),tmin(C),vp(Pa),flow(mm/day)
1980-01-01,22.37,15.21,-0.37,4.02,814.23,21.887476895967467
1980-01-02,8.96,154.46,10.06,-6.56,385.86,18.073749861064044
1980-01-03,12.21,131.29,8.69,-0.62,585.71,14.177115716706199
1980-01-04,17.08,90.45,6.58,1.7,695.19,11.441181104710267
1980-01-05,21.72,149.49,-0.78,-11.71,258.06,9.865946025076244
1980-01-06,0.0,224.44,4.46,-14.83,201.68,8.556013695696372
1980-01-07,15.42,168.48,2.8,-14.43,207.62,7.892756820060995
1980-01-08,19.39,166.35,1.66,-12.93,234.95,7.295825631989155
1980-01-09,5.29,63.88,-10.21,-13.35,227.76,6.765220131480853
1980-01-10,7.2,47.13,-2.0,-4.19,445.31,6.284358896645204
1980-01-11,13.98,134.08,4.78,-3.25,487.35,6.019056146391053
1980-01-12,60.61,22.71,-2.3,0.93,645.89,29.846559403591996
1980-01-13,7.68,113.05,6.33,0.08,612.11,15.33781524906811
1980-01-14,6.64,19.84,-6.11,-3.67,468.27,10.744761385293119
1980-01-15,26.61,117.25,-3.73,-9.71,302.5,9.948853134530667
1980-01-16,38.26,87.72,-1.76,-5.98,396.58,9.534317587258556
1980-01-17,19.17,146.32,-4.38,-12.09,249.67,8.638920805150795
1980-01-18,0.0,182.24,-6.9,-13.73,217.67,7.660616913588613
1980-01-19,0.0,110.39,-6.22,-9.87,291.08,6.914452928498813
1980-01-20,0.0,199.93,1.78,-6.5,381.09,6.41701027177228
1980-01-21,0.0,181.34,-4.85,-11.34,264.97,5.952730458827515
1980-01-22,0.0,47.16,-2.93,-2.29,519.45,5.952730458827515
1980-01-23,0.0,80.21,-3.8,-5.95,394.89,6.284358896645204
1980-01-24,0.0,199.65,-3.89,-10.89,275.57,6.6988944439173155
1980-01-25,0.68,185.75,-4.58,-10.89,275.55,6.218033209081667
1980-01-26,0.0,284.53,4.62,-11.71,253.29,5.621102021009826
1980-01-27,0.0,253.87,2.45,-7.61,345.6,5.107077942392409
1980-01-28,0.0,249.27,-10.03,-19.2,138.19,4.874938035920026
1980-01-29,0.0,113.45,-11.69,-14.42,203.36,4.642798129447645
1980-01-30,0.0,280.5,-10.14,-21.19,118.6,4.460402488647915
1980-01-31,16.9,231.63,4.43,-16.61,172.4,4.410658222975262
1980-02-01,37.81,33.21,-3.82,-2.85,499.86,6.350684584208742
1980-02-02,48.46,163.21,-1.92,-8.61,329.64,26.861903463232796
1980-02-03,23.39,172.86,-0.86,-8.01,345.1,20.726777363605557
1980-02-04,10.08,128.71,6.68,1.52,683.12,14.409255623178582
1980-02-05,15.87,207.56,9.9,0.19,624.55,12.038112292782106
1980-02-06,23.24,161.34,-1.51,-7.15,367.51,16.913050328702134
1980-02-07,0.1,333.04,7.35,-7.61,356.63,13.016416184344289
1980-02-08,0.0,136.92,6.34,2.84,748.98,10.645272853947812
1980-02-09,0.0,96.26,1.61,-0.58,587.12,9.451410477804133
1980-02-10,0.0,357.31,10.17,-11.03,270.21,8.423362320569298
1980-02-11,0.0,261.68,-3.95,-11.01,273.53,7.660616913588613
1980-02-12,0.0,353.75,0.99,-12.73,239.02,7.1465928349711945
1980-02-13,0.0,352.66,1.58,-12.08,250.26,6.615987334462893
1980-02-14,0.0,296.43,4.61,-4.4,443.17,6.151707521518128
1980-02-15,5.77,186.38,4.02,-2.88,498.62,5.753753396136902
1980-02-16,7.12,241.97,5.71,-4.69,432.97,5.687427708573364
1980-02-17,8.77,161.63,7.33,1.54,683.03,7.3621513195526935
1980-02-18,23.98,28.67,-1.69,3.26,775.34,28.02260299559471
1980-02-19,11.4,241.93,11.11,1.11,665.35,22.384919552694
1980-02-20,11.78,277.14,10.47,-3.17,489.18,13.828905856997626
1980-02-21,0.7,143.94,4.04,0.25,618.75,10.645272853947812
1980-02-22,0.0,61.95,-0.89,0.6,635.25,9.036874930532022
1980-02-23,0.0,109.11,2.4,0.73,638.91,7.959082507624532
1980-02-24,7.59,311.49,13.68,-7.5,359.71,7.743524023043036
1980-02-25,16.07,306.23,13.68,-3.93,469.9,14.177115716706199
1980-02-26,79.3,177.8,6.32,0.32,635.85,82.40966679769569
1980-02-27,63.87,165.84,2.98,-2.27,535.22,89.87130664859369
1980-02-28,26.35,272.51,7.71,-2.85,509.55,52.231478956286
1980-02-29,24.72,129.29,10.37,6.2,938.27,30.84144471704506
1980-03-01,0.0,59.8,2.71,4.74,859.57,21.72166267705862
1980-03-02,0.05,451.84,14.92,-6.38,393.54,17.742121423246356
1980-03-03,22.61,213.09,1.51,-5.14,430.85,15.569955155540493
1980-03-04,7.87,34.41,-0.24,5.12,889.77,13.596765950525244
1980-03-05,2.31,351.39,6.32,-3.17,489.81,11.839135230091491
1980-03-06,0.0,380.16,9.53,-0.36,596.35,10.4462957912572
1980-03-07,0.6,474.47,11.14,-8.29,336.46,9.534317587258556
1980-03-08,0.0,82.86,1.84,2.14,717.21,8.705246492714334
1980-03-09,9.7,117.43,-0.64,-3.03,496.6,8.041989617078956
1980-03-10,29.95,291.83,3.22,-6.36,393.71,8.041989617078956
1980-03-11,28.71,71.48,3.06,1.96,709.67,7.743524023043036
1980-03-12,33.45,240.85,8.75,1.95,709.38,7.1465928349711945
1980-03-13,52.57,46.73,-3.03,-1.46,551.19,7.511384116570653
1980-03-14,32.8,94.26,1.16,-0.65,583.1,6.848127240935275
1980-03-15,27.51,38.47,-3.75,1.83,702.25,6.284358896645204
1980-03-16,23.54,277.52,5.68,-1.31,558.95,5.886404771263978
1980-03-17,31.87,187.45,-3.0,-7.12,367.56,6.848127240935275
1980-03-18,24.43,168.1,5.53,1.68,693.27,6.765220131480853
1980-03-19,25.62,40.95,-1.06,3.33,777.2,6.350684584208742
1980-03-20,24.78,42.94,0.46,4.07,812.49,6.6988944439173155
1980-03-21,0.0,76.24,-0.09,2.29,722.44,6.615987334462893
1980-03-22,15.84,385.25,2.94,-8.19,340.33,6.483335959335817
1980-03-23,9.15,150.75,0.46,-2.13,527.67,6.284358896645204
1980-03-24,0.0,113.13,0.09,0.2,618.94,5.753753396136902
1980-03-25,0.0,136.95,1.57,0.98,648.33,5.355799270755675
1980-03-26,9.73,112.33,4.09,3.09,766.48,5.289473583192137
1980-03-27,2.92,64.71,-0.04,2.08,713.36,4.991007989156217
1980-03-28,5.52,368.96,3.54,-4.49,445.91,4.9246823015926795
1980-03-29,15.32,53.42,-0.37,2.02,709.17,4.9246823015926795
1980-03-30,3.75,111.2,-0.54,-0.14,604.3,4.642798129447645
1980-03-31,6.63,407.36,0.18,-8.93,321.89,4.460402488647915
1980-04-01,0.0,150.32,0.43,-0.32,597.94,4.2282625821755335
1980-04-02,0.0,244.61,3.84,0.96,650.06,4.112192628939342
1980-04-03,0.0,232.47,4.93,2.28,723.04,4.112192628939342
1980-04-04,4.12,397.27,4.49,-4.0,462.56,4.874938035920026
1980-04-05,17.25,382.85,2.57,-4.24,456.46,8.638920805150795
1980-04-06,19.9,451.1,6.17,-8.65,328.63,8.556013695696372
1980-04-07,4.92,415.59,9.19,0.59,635.91,6.6988944439173155
1980-04-08,7.19,432.09,13.22,2.25,719.5,6.765220131480853
1980-04-09,35.6,459.3,13.45,-6.64,383.13,20.063520487970177
1980-04-10,9.29,78.16,2.23,3.31,782.27,11.739646698746187
1980-04-11,0.0,241.76,4.92,2.17,717.8,9.119782039986445
1980-04-12,0.0,320.63,9.88,5.34,903.74,8.638920805150795
1980-04-13,0.0,597.75,24.67,7.25,1020.01,10.545784322602506
1980-04-14,30.15,198.73,9.78,6.48,970.7,16.581421890884446
1980-04-15,30.0,229.85,9.47,5.51,911.55,17.078864547610976
1980-04-16,0.0,203.4,5.54,3.42,787.89,11.9386237614368
1980-04-17,22.84,475.14,11.8,-6.69,381.67,11.34169257336496
1980-04-18,24.91,389.39,3.2,-4.23,459.56,17.410492985428668
1980-04-19,31.56,333.42,2.63,-3.25,495.6,32.333772687224666
1980-04-20,16.46,387.13,1.64,-5.86,406.55,20.8925915825144
1980-04-21,0.0,142.17,4.68,4.26,822.84,14.641395529650962
1980-04-22,0.0,184.99,6.33,4.51,841.0,12.436066418163334
1980-04-23,0.0,230.56,7.29,4.33,827.6,11.441181104710267
1980-04-24,0.0,642.86,14.32,-2.23,528.41,10.545784322602506
1980-04-25,0.0,515.25,12.81,4.58,846.02,9.617224696712977
1980-04-26,0.0,404.13,6.55,0.49,638.33,9.28559625889529
1980-04-27,0.0,621.72,23.47,7.04,1002.84,10.645272853947812
1980-04-28,0.0,638.4,10.3,-4.04,466.45,11.9386237614368
1980-04-29,1.01,569.19,15.87,2.53,738.83,10.280481572348355
1980-04-30,0.0,185.13,6.36,3.8,803.46,9.036874930532022
1980-05-01,0.0,627.94,10.82,-3.19,488.87,9.865946025076244
1980-05-02,0.08,175.84,10.08,7.86,1068.91,10.4462957912572
1980-05-03,0.0,627.08,19.89,4.05,811.14,9.202689149440866
1980-05-04,0.0,674.91,23.03,-6.83,375.75,10.031760243985088
1980-05-05,2.48,547.53,20.17,1.07,668.48,11.34169257336496
1980-05-06,0.65,167.17,11.03,8.07,1085.58,10.197574462893932
1980-05-07,0.0,599.71,18.94,4.84,866.99,9.036874930532022
1980-05-08,0.99,645.59,18.61,0.08,621.99,8.423362320569298
1980-05-09,3.17,338.54,16.59,8.65,1132.12,8.108315304642492
1980-05-10,0.73,124.09,7.17,6.59,966.98,7.660616913588613
1980-05-11,0.0,671.28,20.98,-3.67,478.58,8.489688008132834
1980-05-12,0.0,480.06,6.48,-2.61,521.41,9.617224696712977
1980-05-13,0.0,79.99,3.74,5.18,884.55,8.788153602168755
1980-05-14,1.0,669.78,17.22,-4.81,440.81,7.892756820060995
1980-05-15,2.58,504.44,6.62,-6.32,394.2,7.1465928349711945
1980-05-16,0.0,657.89,13.48,-5.97,404.22,6.483335959335817
1980-05-17,0.0,424.19,7.89,-0.59,590.27,6.284358896645204
1980-05-18,0.0,616.7,18.1,1.86,703.62,6.848127240935275
1980-05-19,0.0,602.28,13.05,-2.12,533.25,7.212918522534733
1980-05-20,13.81,477.04,15.96,-2.95,506.92,8.788153602168755
1980-05-21,8.51,162.63,8.95,4.62,852.03,9.28559625889529
1980-05-22,3.91,413.53,6.39,-6.49,389.33,7.660616913588613
1980-05-23,7.65,207.44,10.41,4.48,838.42,6.41701027177228
1980-05-24,0.0,619.17,8.91,-7.28,361.52,5.886404771263978
1980-05-25,20.22,314.03,4.78,-4.07,465.26,5.687427708573364
1980-05-26,25.07,111.8,1.32,-1.43,562.21,5.687427708573364
1980-05-27,21.34,437.9,14.45,-0.54,600.21,5.753753396136902
1980-05-28,19.22,51.3,4.96,9.29,1183.37,5.753753396136902
1980-05-29,0.0,441.77,12.11,3.0,763.69,5.952730458827515
1980-05-30,0.0,353.82,16.47,8.99,1158.87,6.151707521518128
1980-05-31,0.0,379.62,16.55,8.55,1123.85,6.350684584208742
1980-06-01,3.5,131.56,4.92,2.3,724.43,6.6988944439173155
1980-06-02,3.31,58.9,3.98,6.8,985.3,5.886404771263978
1980-06-03,0.0,115.47,4.69,5.04,881.44,5.289473583192137
1980-06-04,0.0,500.84,15.38,5.65,916.56,4.991007989156217
1980-06-05,21.2,318.21,3.95,-3.44,488.85,4.874938035920026
1980-06-06,4.06,459.78,11.84,-2.51,524.69,5.107077942392409
1980-06-07,4.0,173.96,6.12,2.31,726.42,5.355799270755675
1980-06-08,17.12,491.21,19.07,0.6,652.69,9.451410477804133
1980-06-09,2.0,68.02,6.23,10.89,1311.32,7.445058429007115
1980-06-10,0.0,367.16,16.76,10.4,1271.79,6.019056146391053
1980-06-11,0.0,97.2,10.02,10.6,1287.77,5.422124958319213
1980-06-12,0.0,379.04,9.48,3.2,774.68,5.2231478956286
1980-06-13,0.0,78.53,7.53,9.75,1219.98,5.289473583192137
1980-06-14,0.0,146.33,11.54,9.69,1215.33,5.289473583192137
1980-06-15,0.0,555.93,12.67,3.5,793.67,5.48845064588275
1980-06-16,12.31,95.04,10.43,9.66,1213.03,5.753753396136902
1980-06-17,7.6,56.27,5.47,8.61,1128.65,5.2231478956286
1980-06-18,0.0,172.29,9.06,7.89,1071.07,4.808612348356489
1980-06-19,0.0,211.8,10.68,8.48,1118.15,4.758868082683835
1980-06-20,0.0,316.05,13.82,9.95,1235.78,5.2231478956286
1980-06-21,0.0,261.4,11.77,9.11,1168.79,5.156822208065061
1980-06-22,0.0,666.07,13.65,-0.77,595.13,4.808612348356489
1980-06-23,14.0,488.78,16.87,2.86,757.53,4.526728176211453
1980-06-24,21.52,500.47,19.43,-0.4,611.43,4.874938035920026
1980-06-25,29.38,489.55,13.82,-0.72,597.28,6.218033209081667
1980-06-26,12.06,100.89,8.46,8.0,1079.95,4.808612348356489
1980-06-27,0.02,566.7,7.07,-1.18,576.72,4.178518316502879
1980-06-28,0.0,602.62,7.58,-1.85,550.38,4.112192628939342
1980-06-29,0.0,676.8,15.77,-3.71,478.71,3.962959831921382
1980-06-30,0.0,602.59,16.38,5.22,890.59,3.763982769230769
1980-07-01,0.0,232.83,12.16,9.08,1166.19,3.863471300576075
1980-07-02,0.0,144.53,11.24,10.65,1291.93,4.012704097594035
1980-07-03,10.71,74.66,7.94,8.5,1120.29,6.085381833954591
1980-07-04,12.43,58.56,6.22,9.34,1187.16,8.705246492714334
1980-07-05,0.0,106.23,7.44,8.7,1135.8,6.019056146391053
1980-07-06,0.0,203.54,10.18,7.78,1062.59,4.991007989156217
1980-07-07,0.0,536.06,17.91,9.02,1161.44,4.758868082683835
1980-07-08,0.0,614.35,25.31,11.24,1338.83,4.808612348356489
1980-07-09,0.0,631.14,11.32,-0.45,609.76,4.758868082683835
1980-07-10,8.09,459.0,12.14,0.5,652.21,4.460402488647915
1980-07-11,8.86,201.3,7.74,4.09,829.85,4.112192628939342
1980-07-12,10.73,72.71,9.31,10.91,1313.05,4.012704097594035
1980-07-13,0.0,186.5,14.12,12.23,1418.43,3.763982769230769
1980-07-14,17.78,52.27,7.12,9.24,1179.59,3.6644942378854624
1980-07-15,0.2,66.55,9.02,13.54,1555.64,3.565005706540155
1980-07-16,0.0,397.38,9.09,3.71,810.05,3.4157729095221954
1980-07-17,0.0,573.79,20.53,9.71,1216.82,3.3162843781768885
1980-07-18,0.0,582.73,23.72,11.33,1346.66,3.117307315486275
1980-07-19,0.0,275.14,14.86,11.02,1326.61,3.067563049813622
1980-07-20,0.0,167.53,11.87,9.67,1213.82,3.117307315486275
1980-07-21,0.0,548.48,25.0,13.37,1534.61,3.216795846831582
1980-07-22,0.0,509.95,26.19,15.61,1767.56,3.216795846831582
1980-07-23,0.0,585.12,23.31,10.21,1257.1,3.0178187841409687
1980-07-24,0.0,582.47,24.39,11.34,1346.8,2.7525160338868173
1980-07-25,0.0,582.94,25.33,11.8,1383.21,2.6696089244323953
1980-07-26,0.0,574.17,26.32,12.68,1457.53,2.619864658759742
1980-07-27,0.0,583.52,28.1,12.47,1436.31,2.5867018149779732
1980-07-28,0.0,621.05,27.81,5.55,908.38,2.5037947055235508
1980-07-29,0.0,590.34,24.5,9.15,1170.9,2.38772475228736
1980-07-30,0.0,557.45,22.33,9.87,1229.58,2.2384919552694
1980-07-31,0.0,578.93,25.8,10.38,1269.87,2.1721662677058617
1980-08-01,0.0,362.82,17.28,10.42,1273.32,2.139003423924093
1980-08-02,0.0,373.6,9.31,2.88,765.15,2.0726777363605557
1980-08-03,0.0,555.12,10.93,-1.2,575.31,2.0063520487970177
1980-08-04,0.0,566.5,20.44,5.81,927.96,1.906863517451711
1980-08-05,0.0,575.68,13.63,-0.97,587.18,1.8737006736699422
1980-08-06,0.0,350.97,17.91,10.61,1289.16,1.8405378298881734
1980-08-07,0.0,287.36,16.88,10.88,1310.48,1.7907935642155197
1980-08-08,0.0,571.67,27.0,8.88,1151.0,1.7907935642155197
1980-08-09,0.0,337.36,19.8,12.49,1439.39,1.7907935642155197
1980-08-10,0.0,550.56,30.2,12.15,1411.26,1.724467876651982
1980-08-11,0.0,160.15,16.43,13.32,1530.31,1.6913050328702133
1980-08-12,0.0,500.52,21.72,8.72,1137.84,1.6913050328702133
1980-08-13,0.0,476.65,20.54,8.38,1110.94,1.6747236109793289
1980-08-14,0.0,550.99,16.82,-0.13,621.88,1.608397923415791
1980-08-15,0.0,513.48,12.88,-1.24,574.38,1.5254908139613688
1980-08-16,0.0,572.75,20.63,-0.75,596.75,1.5089093920704844
1980-08-17,24.53,245.61,7.95,0.41,648.33,1.5752350796340222
1980-08-18,0.0,72.59,7.93,9.87,1229.56,1.6913050328702133
1980-08-19,0.0,436.6,9.33,-1.87,548.38,1.4757465482887153
1980-08-20,0.0,411.7,8.39,-1.93,546.52,1.426002282616062
1980-08-21,0.0,102.0,9.09,8.33,1106.64,1.3762580169434087
1980-08-22,0.0,106.29,8.73,7.56,1044.81,1.3430951731616398
1980-08-23,0.0,369.41,9.43,0.62,653.82,1.309932329379871
1980-08-24,0.0,201.33,9.38,4.71,861.75,1.309932329379871
1980-08-25,0.0,137.03,11.03,8.68,1134.25,1.2601880637072178
1980-08-26,27.28,382.47,11.77,-2.69,517.31,1.309932329379871
1980-08-27,9.65,327.65,6.86,-0.87,591.42,1.426002282616062
1980-08-28,0.0,72.97,7.32,9.22,1177.69,1.2933509074889866
1980-08-29,0.0,225.41,8.54,4.07,823.83,1.2104437980345644
1980-08-30,24.85,333.17,8.36,-1.67,556.87,1.2601880637072178
1980-08-31,25.64,106.01,5.56,2.88,763.33,1.2933509074889866
1980-09-01,34.52,40.1,5.85,11.05,1323.89,2.1721662677058617
1980-09-02,32.57,283.19,5.68,-1.97,545.17,2.354561908505591
1980-09-03,0.0,476.99,7.81,-3.33,493.47,1.5254908139613688
1980-09-04,0.0,346.88,10.67,3.02,767.58,1.3430951731616398
1980-09-05,0.0,289.72,17.16,10.72,1297.74,1.2601880637072178
1980-09-06,7.96,413.01,11.45,0.29,637.41,1.3762580169434087
1980-09-07,24.31,386.12,18.29,-1.19,576.21,1.906863517451711
1980-09-08,0.0,159.82,10.93,7.64,1051.47,1.3762580169434087
1980-09-09,0.0,197.9,13.18,9.0,1160.01,1.2436066418163334
1980-09-10,0.0,437.39,20.81,8.79,1143.52,1.1606995323619111
1980-09-11,0.0,509.81,24.74,0.67,653.16,1.1441181104710265
1980-09-12,20.43,374.44,20.51,-1.18,576.77,1.2601880637072178
1980-09-13,21.2,364.8,17.03,-1.36,569.18,1.2104437980345644
1980-09-14,15.53,354.19,10.55,-1.34,570.86,1.1441181104710265
1980-09-15,0.0,488.65,16.13,-1.34,570.06,1.1109552666892577
1980-09-16,0.0,265.37,15.69,9.09,1166.88,1.077792422907489
1980-09-17,0.0,416.24,15.65,3.39,786.12,1.0446295791257199
1980-09-18,0.8,456.92,17.52,-0.11,623.36,1.0280481572348354
1980-09-19,19.37,338.3,17.1,0.02,629.48,2.885167409013893
1980-09-20,14.23,338.18,15.26,-2.45,527.84,3.3660286438495417
1980-09-21,1.52,60.27,5.45,7.21,1018.14,2.0395148925787865
1980-09-22,0.0,273.09,7.87,0.69,647.27,1.5752350796340222
1980-09-23,0.0,237.03,4.32,-1.62,559.47,1.4425837045069465
1980-09-24,0.0,60.08,7.18,9.11,1168.42,1.309932329379871
1980-09-25,0.0,111.72,9.59,7.66,1053.14,1.2436066418163334
1980-09-26,0.0,116.23,10.59,8.29,1102.93,1.1606995323619111
1980-09-27,0.0,367.72,9.19,-1.81,550.57,1.1109552666892577
1980-09-28,24.82,247.53,8.98,-0.66,600.46,1.1109552666892577
1980-09-29,28.14,243.16,16.98,6.89,999.7,1.2601880637072178
1980-09-30,25.29,63.21,6.66,4.76,865.97,1.5089093920704844
1980-10-01,0.0,76.63,9.21,8.62,1129.74,1.2104437980345644
1980-10-02,0.0,114.09,10.99,8.3,1104.17,1.1109552666892577
1980-10-03,0.0,216.7,15.24,8.41,1112.73,1.077792422907489
1980-10-04,0.0,66.04,10.26,10.85,1307.73,1.0280481572348354
1980-10-05,0.0,409.17,24.65,-1.08,576.95,0.9948853134530665
1980-10-06,0.0,406.5,24.42,-2.47,525.37,0.9783038915621821
1980-10-07,0.0,372.22,22.2,4.48,850.19,0.9617224696712977
1980-10-08,0.0,383.58,20.14,-0.52,601.08,0.9285596258895288
1980-10-09,0.0,329.41,19.56,5.23,894.09,0.8788153602168755
1980-10-10,0.0,111.04,9.77,6.57,965.29,0.862233938325991
1980-10-11,19.69,142.51,13.07,6.42,966.05,0.8456525164351066
1980-10-12,27.55,263.59,16.64,-0.62,595.55,1.2933509074889866
1980-10-13,26.04,27.67,3.16,7.98,1078.28,3.216795846831582
1980-10-14,8.3,173.18,13.85,5.86,924.0,2.38772475228736
1980-10-15,0.0,306.13,13.5,1.59,690.3,1.6415607671975598
1980-10-16,0.0,172.77,8.0,2.2,716.75,1.392839438834293
1980-10-17,0.0,328.6,15.1,0.1,620.24,1.2436066418163334
1980-10-18,0.0,104.01,6.78,3.86,806.12,1.1606995323619111
1980-10-19,0.0,343.85,17.61,-3.33,487.4,1.1109552666892577
1980-10-20,11.72,189.37,5.39,-3.27,494.86,1.1441181104710265
1980-10-21,2.15,314.17,9.73,-6.97,372.44,1.0943738447983733
1980-10-22,0.0,117.35,2.59,-0.82,581.18,1.0280481572348354
1980-10-23,0.0,278.82,14.94,2.53,730.47,0.9783038915621821
1980-10-24,7.51,219.91,16.7,1.39,686.05,1.2104437980345644
1980-10-25,9.42,135.88,13.29,5.95,928.08,1.724467876651982
1980-10-26,1.99,266.98,12.37,-4.22,453.7,1.309932329379871
1980-10-27,0.0,130.83,7.33,1.97,705.1,1.1606995323619111
1980-10-28,0.0,296.73,12.65,-5.37,415.27,1.0943738447983733
1980-10-29,0.0,228.92,15.03,4.01,810.19,1.0446295791257199
1980-10-30,0.0,237.12,14.92,2.72,749.09,0.9948853134530665
1980-10-31,26.49,211.29,14.69,-4.83,440.83,7.892756820060995
1980-11-01,31.52,78.28,2.4,-2.24,535.17,25.203761274144355
1980-11-02,21.09,91.39,8.12,2.3,724.78,14.326348513724158
1980-11-03,34.03,26.2,2.64,2.52,739.38,18.073749861064044
1980-11-04,15.51,111.41,5.83,-1.06,582.12,15.619699421213145
1980-11-05,1.53,247.67,17.11,0.04,627.45,11.109552666892577
1980-11-06,39.11,191.08,14.97,-2.38,528.81,29.349116746865466
1980-11-07,50.77,186.96,15.31,-1.68,555.25,46.096352856658754
1980-11-08,44.38,121.76,6.94,-0.75,587.81,32.99702956286004
1980-11-09,26.96,118.64,4.82,-2.8,505.69,18.57119251779058
1980-11-10,17.1,161.84,4.66,-6.94,368.72,12.734532012199253
1980-11-11,0.0,195.23,8.51,-1.64,543.64,9.832783181294475
1980-11-12,0.0,249.57,8.31,-9.39,305.78,8.14147814842426
1980-11-13,0.0,212.06,7.82,-4.7,433.94,7.013941459844119
1980-11-14,22.53,185.66,9.05,-9.31,309.44,6.350684584208742
1980-11-15,1.4,202.5,5.83,-7.23,363.91,5.687427708573364
1980-11-16,24.79,95.16,8.67,1.79,699.58,5.2231478956286
1980-11-17,34.19,101.85,-1.44,-8.57,330.24,5.853241927482208
1980-11-18,27.58,83.29,-0.03,-5.59,416.02,6.41701027177228
1980-11-19,31.07,93.02,2.06,-4.29,458.08,10.379970103693662
1980-11-20,42.71,158.01,9.38,-4.23,459.99,10.794505650965773
1980-11-21,79.35,62.95,6.06,1.76,699.18,64.50173115554048
1980-11-22,20.48,109.89,10.2,1.93,709.32,21.72166267705862
1980-11-23,0.0,231.94,8.65,-11.05,272.78,13.24855609081667
1980-11-24,0.0,219.63,5.67,-10.93,274.73,10.164411619112164
1980-11-25,6.84,93.56,-2.43,-9.23,314.09,9.036874930532022
1980-11-26,0.0,95.71,8.66,3.23,776.29,8.075152460860723
1980-11-27,30.09,95.23,3.0,-4.16,457.61,22.384919552694
1980-11-28,13.25,85.15,9.26,2.78,743.84,13.447533153507283
1980-11-29,33.27,25.47,4.64,4.01,815.1,18.73700673669942
1980-11-30,45.81,104.22,-1.48,-8.78,326.31,14.110790029142663
1980-12-01,25.67,120.07,6.84,-2.43,512.37,11.225622620128767
1980-12-02,43.28,113.8,6.31,-2.41,514.44,9.832783181294475
1980-12-03,25.9,133.51,6.03,-5.65,404.96,8.655502227041678
1980-12-04,19.95,57.74,4.66,0.44,629.62,7.693779757370382
1980-12-05,26.49,65.37,4.92,0.24,619.57,6.931034350389697
1980-12-06,24.07,146.98,-0.77,-13.97,214.02,6.26777747475432
1980-12-07,0.0,125.34,-6.41,-12.81,230.95,5.720590552355134
1980-12-08,0.0,133.01,-8.29,-15.12,197.56,5.388962114537445
1980-12-09,0.0,49.18,-7.21,-9.22,308.24,5.156822208065061
1980-12-10,22.74,41.42,-4.17,-6.42,384.53,11.822553808200608
1980-12-11,14.34,17.1,-2.45,0.24,621.0,15.254908139613688
1980-12-12,12.65,74.89,-2.11,-6.6,385.06,12.966671918671635
1980-12-13,16.26,101.43,2.17,-4.37,450.34,10.114667353439511
1980-12-14,33.33,100.62,-0.4,-6.48,389.07,19.897706269061334
1980-12-15,30.96,110.22,2.62,-4.23,459.69,20.56096314469671
1980-12-16,0.0,204.72,13.92,-5.56,416.11,15.387559514740763
1980-12-17,0.0,104.0,-1.66,-6.26,397.17,11.872298073873262
1980-12-18,0.0,104.7,-3.08,-7.69,355.98,9.749876071840053
1980-12-19,0.0,175.4,0.04,-9.45,306.3,8.47310658624195
1980-12-20,22.36,87.28,-3.12,-8.24,338.3,10.927157026092848
1980-12-21,32.05,85.48,-0.57,-5.63,414.77,31.173073154862752
1980-12-22,25.48,102.75,3.23,-3.16,497.84,35.15261440867502
1980-12-23,0.76,107.97,-0.75,-5.43,418.69,20.063520487970177
1980-12-24,22.01,14.44,-0.65,5.69,916.99,21.55584845814978
1980-12-25,40.26,146.0,9.33,-3.2,497.32,52.72892161301253
1980-12-26,61.27,148.15,15.11,-0.67,600.18,108.77412760420195
1980-12-27,35.39,108.11,8.26,1.41,686.45,63.506845842087415
1980-12-28,10.01,22.26,0.36,0.79,650.93,35.48424284649271
1980-12-29,12.44,121.87,5.18,-2.51,515.62,24.70631861741782
1980-12-30,23.27,72.94,12.07,7.87,1069.88,23.8772475228736
1980-12-31,17.85,97.41,8.63,2.68,792.75,20.8925915825144
1981-01-01,0.0,205.26,8.02,-6.57,386.76,16.913050328702134
1981-01-02,0.0,213.07,9.48,-7.52,354.83,14.508744154523887
1981-01-03,0.0,111.1,8.34,2.65,737.12,12.767694855981022
1981-01-04,0.0,192.66,2.92,-8.69,328.28,11.474343948492034
1981-01-05,0.0,220.44,9.86,-8.77,324.51,10.4462957912572
1981-01-06,0.0,202.21,4.47,-8.0,344.5,9.7001318061674
1981-01-07,0.0,195.55,8.75,-3.08,492.59,8.9539678210776
1981-01-08,0.0,222.5,9.31,-7.73,351.48,8.622339383259911
1981-01-09,4.84,96.36,-1.65,-7.72,355.14,8.9539678210776
1981-01-10,0.0,189.99,11.84,0.83,649.35,7.992245351406301
1981-01-11,0.0,168.96,10.1,1.28,665.35,7.3953141633344615
1981-01-12,0.0,69.34,0.85,-2.22,521.11,6.9476157722805825
1981-01-13,0.0,129.8,7.66,1.26,663.12,6.499917381226702
1981-01-14,0.0,164.78,9.07,0.92,645.44,6.201451787190782
1981-01-15,0.0,157.07,8.18,0.42,628.49,5.853241927482208
1981-01-16,0.0,79.36,4.86,1.6,687.92,5.5879391772280576
1981-01-17,5.05,123.98,10.26,2.27,721.92,6.1185446777363595
1981-01-18,13.29,151.48,7.48,-2.72,507.95,17.410492985428668
1981-01-19,15.09,101.65,13.31,7.05,1004.17,11.374855417146728
1981-01-20,21.5,40.73,8.04,6.33,947.3,12.668206324635715
1981-01-21,34.54,184.21,11.88,-4.2,460.24,35.15261440867502
1981-01-22,28.15,184.63,13.82,-2.07,537.2,24.208875960691287
1981-01-23,29.87,190.98,11.85,-5.15,430.85,17.244678766519822
1981-01-24,21.28,31.68,4.42,3.79,802.74,13.580184528634359
1981-01-25,18.76,75.41,6.39,2.28,719.51,11.275366885801422
1981-01-26,20.2,119.47,-3.05,-9.33,307.26,10.4462957912572
1981-01-27,3.26,152.93,6.4,-2.31,517.92,9.451410477804133
1981-01-28,11.86,144.05,-1.93,-9.51,308.26,9.7001318061674
1981-01-29,9.04,93.22,1.87,-2.81,498.39,9.119782039986445
1981-01-30,0.0,209.11,9.43,0.84,644.69,8.290710945442223
1981-01-31,0.0,69.29,-4.65,-6.61,375.73,7.693779757370382
1981-02-01,0.0,292.76,3.44,-11.13,271.59,7.163174256862079
1981-02-02,0.0,154.77,-0.41,-5.77,399.72,6.715475865808199
1981-02-03,0.0,311.67,10.12,-8.78,319.37,6.350684584208742
1981-02-04,0.0,299.15,9.31,-4.98,423.66,5.985893302609283
1981-02-05,0.0,249.77,-2.5,-11.36,266.85,5.654264864791595
1981-02-06,0.0,310.47,8.6,-6.08,390.72,5.322636426973906
1981-02-07,0.0,305.24,4.35,-8.28,330.01,5.057333676719756
1981-02-08,0.0,250.03,-3.0,-11.33,263.44,4.858356614029142
1981-02-09,0.0,221.31,-4.19,-11.04,272.84,4.609635285665875
1981-02-10,0.0,314.26,1.64,-10.81,272.99,4.2614254259573014
1981-02-11,29.71,225.66,5.35,-6.08,391.58,4.991007989156217
1981-02-12,68.02,40.89,-3.33,-2.97,496.15,13.69625448187055
1981-02-13,36.12,142.53,-0.69,-6.19,398.43,20.8925915825144
1981-02-14,40.74,116.11,-0.04,-4.34,456.22,30.84144471704506
1981-02-15,49.32,106.01,-0.98,-4.83,440.49,37.80564191121653
1981-02-16,62.47,249.98,9.32,-3.43,489.44,57.37171974246017
1981-02-17,31.66,264.0,12.22,-2.93,505.1,42.780068478481866
1981-02-18,32.32,266.74,11.66,-3.39,484.99,33.16284378176889
1981-02-19,52.17,149.91,0.11,-5.6,414.52,49.2468230159268
1981-02-20,22.1,155.28,9.69,3.62,795.08,25.701203930870886
1981-02-21,15.58,264.36,6.73,-4.18,456.8,18.57119251779058
1981-02-22,0.0,366.75,11.39,-1.79,540.09,15.089093920704842
1981-02-23,13.74,290.03,12.07,-4.37,448.59,13.69625448187055
1981-02-24,12.65,299.19,11.96,-7.0,371.85,12.270252199254488
1981-02-25,14.55,235.72,8.82,-1.27,560.92,10.77792422907489
1981-02-26,0.0,237.28,8.07,1.17,667.76,9.783038915621821
1981-02-27,11.32,228.11,11.49,2.74,741.47,8.9539678210776
1981-02-28,0.0,82.15,2.82,2.56,732.96,8.290710945442223
1981-03-01,0.0,394.74,16.56,1.55,684.38,7.76010544493392
1981-03-02,0.0,153.16,4.92,0.76,642.62,7.3124070538800385
1981-03-03,23.63,327.4,13.64,-7.23,365.72,7.096848569298542
1981-03-04,28.01,127.99,-1.4,-5.86,400.83,6.466754537444933
1981-03-05,17.61,75.73,1.22,-0.58,588.19,5.9693118807184
1981-03-06,0.0,97.07,0.12,-0.59,584.94,5.637683442900711
1981-03-07,24.71,346.56,13.43,-8.59,330.64,5.471869223991867
1981-03-08,21.14,121.71,1.01,-2.56,508.06,5.637683442900711
1981-03-09,0.0,257.19,4.74,-1.68,541.59,5.306055005083023
1981-03-10,0.0,487.79,17.09,-9.42,309.77,4.974426567265334
1981-03-11,0.0,360.46,4.22,-5.06,431.44,4.725705238902067
1981-03-12,0.0,435.02,12.84,-0.91,573.34,4.4769839105388
1981-03-13,0.0,494.91,15.39,-6.87,375.78,4.2282625821755335
1981-03-14,0.0,384.55,15.82,4.66,853.06,4.311169691629956
1981-03-15,15.29,365.39,13.88,-6.36,394.29,4.808612348356489
1981-03-16,15.19,65.77,0.63,-0.09,607.9,5.140240786174178
1981-03-17,0.0,129.88,1.23,-0.95,571.97,4.642798129447645
1981-03-18,0.0,465.24,3.45,-10.65,279.94,4.1453554727211115
1981-03-19,0.0,420.91,4.25,-7.14,368.43,3.979541253812266
1981-03-20,0.0,380.39,13.07,2.68,738.17,3.9132155662487285
1981-03-21,0.0,384.2,9.18,-0.95,572.78,3.6479128159945775
1981-03-22,16.82,321.33,10.42,-1.47,551.72,4.1453554727211115
1981-03-23,16.41,382.5,13.45,-5.02,431.87,4.974426567265334
1981-03-24,3.59,81.98,1.93,0.83,647.35,5.48845064588275
1981-03-25,18.95,393.59,13.13,-6.04,402.79,15.42072235852253
1981-03-26,0.0,352.18,3.1,-5.21,424.32,8.788153602168755
1981-03-27,0.0,551.7,14.85,-7.33,364.05,7.096848569298542
1981-03-28,21.01,305.28,4.67,-5.36,423.33,6.41701027177228
1981-03-29,40.1,249.39,3.23,-4.4,450.47,7.992245351406301
1981-03-30,31.43,49.72,-1.67,-1.11,568.84,7.163174256862079
1981-03-31,54.25,103.21,-0.33,-3.12,494.64,9.783038915621821
1981-04-01,22.1,385.8,11.22,-3.96,461.23,8.456525164351067
1981-04-02,23.89,364.6,11.88,-0.95,573.92,7.3953141633344615
1981-04-03,24.46,60.26,0.14,0.53,634.14,6.566243068790239
1981-04-04,24.08,433.03,13.06,-8.51,332.94,5.985893302609283
1981-04-05,29.74,226.58,-0.05,-6.64,383.31,8.705246492714334
1981-04-06,13.23,50.26,0.91,3.62,794.83,7.3124070538800385
1981-04-07,21.99,318.95,11.87,1.95,708.78,6.499917381226702
1981-04-08,39.1,319.18,2.47,-7.08,369.82,6.350684584208742
1981-04-09,25.75,333.18,5.97,-3.74,466.99,5.919567615045746
1981-04-10,20.47,378.39,8.33,-3.6,471.16,5.786916239918671
1981-04-11,37.16,430.28,5.23,-9.94,297.34,5.720590552355134
1981-04-12,11.62,56.44,-2.05,0.81,647.77,5.388962114537445
1981-04-13,0.0,134.31,0.79,-0.13,603.72,5.057333676719756
1981-04-14,0.0,227.28,5.15,1.43,674.56,5.123659364283293
1981-04-15,4.82,450.25,7.47,-7.31,363.89,6.1185446777363595
1981-04-16,12.31,230.86,3.96,-1.6,551.0,8.05857103896984
1981-04-17,0.0,254.92,4.58,0.24,619.88,7.843012554388341
1981-04-18,0.0,242.33,6.61,2.57,732.67,7.925919663842764
1981-04-19,0.0,615.61,19.21,2.13,714.45,8.871060711623178
1981-04-20,0.0,495.96,5.06,-4.21,458.88,9.036874930532022
1981-04-21,26.68,455.87,9.98,-4.98,436.26,7.992245351406301
1981-04-22,40.47,270.61,2.96,-2.89,508.95,11.971786605218567
1981-04-23,24.76,347.63,4.89,-3.3,493.68,12.4692292619451
1981-04-24,23.97,458.26,13.07,-1.42,555.18,12.071275136563875
1981-04-25,0.0,280.71,2.91,-1.66,545.4,8.705246492714334
1981-04-26,0.0,334.32,8.53,2.93,754.47,7.461639850897999
1981-04-27,6.52,401.42,2.81,-6.48,389.22,7.544546960352421
1981-04-28,34.61,309.44,2.2,-4.14,463.44,15.205163873941036
1981-04-29,0.37,499.52,6.89,-1.63,558.87,12.767694855981022
1981-04-30,0.0,535.32,14.68,3.99,817.76,12.883764809217212
1981-05-01,1.92,591.83,9.99,-1.88,542.1,10.877412760420194
1981-05-02,3.56,324.4,13.19,5.9,925.27,8.9539678210776
1981-05-03,8.86,356.96,7.21,-0.8,580.57,8.373618054896644
1981-05-04,7.27,403.08,0.39,-8.56,331.83,7.76010544493392
1981-05-05,11.47,341.34,1.65,-5.53,413.69,7.013941459844119
1981-05-06,4.63,550.82,9.14,-2.01,533.52,6.566243068790239
1981-05-07,13.53,394.43,1.96,-5.22,428.03,6.350684584208742
1981-05-08,8.46,366.76,2.71,-5.23,423.0,6.1185446777363595
1981-05-09,21.67,466.54,7.2,-5.38,422.98,6.9476157722805825
1981-05-10,19.07,409.55,6.38,-3.08,496.63,6.649150178244661
1981-05-11,24.43,447.78,4.84,-6.03,403.67,6.201451787190782
1981-05-12,0.0,685.92,12.89,-8.18,340.97,5.919567615045746
1981-05-13,0.0,685.15,21.36,-4.21,461.05,6.052218990172822
1981-05-14,0.0,413.89,10.53,2.9,759.49,6.201451787190782
1981-05-15,11.43,150.12,5.77,2.98,759.11,5.985893302609283
1981-05-16,0.0,664.55,17.3,-1.14,565.81,5.455287802100982
1981-05-17,20.0,450.68,7.93,-5.09,432.22,5.2563107394103685
1981-05-18,24.75,344.54,6.61,-1.9,547.88,6.798382975262622
1981-05-19,22.66,120.16,3.35,1.02,667.32,7.163174256862079
1981-05-20,1.89,107.34,3.7,2.63,745.71,6.350684584208742
1981-05-21,9.14,248.48,4.77,0.14,627.3,6.26777747475432
1981-05-22,0.0,643.21,11.82,-3.37,491.9,5.853241927482208
1981-05-23,0.0,681.71,19.96,-1.61,551.66,5.786916239918671
1981-05-24,30.85,483.23,16.01,-0.34,612.72,8.05857103896984
1981-05-25,25.61,298.22,6.25,-0.69,599.38,8.622339383259911
1981-05-26,19.41,60.34,6.03,8.85,1148.11,6.8647086628261595
1981-05-27,0.0,123.53,7.05,7.03,1002.03,5.985893302609283
1981-05-28,0.0,254.8,12.22,7.72,1057.97,5.919567615045746
1981-05-29,2.49,598.34,25.11,2.94,764.5,6.566243068790239
1981-05-30,3.67,346.21,7.42,-0.81,593.67,6.9476157722805825
1981-05-31,0.0,689.48,16.84,-4.94,437.63,5.919567615045746
1981-06-01,0.0,619.71,13.84,-0.63,588.01,5.388962114537445
1981-06-02,0.0,677.57,17.53,-2.85,510.89,5.189985051846831
1981-06-03,4.45,301.6,6.31,-1.17,576.81,5.853241927482208
1981-06-04,8.75,271.95,4.75,-1.85,550.06,5.853241927482208
1981-06-05,20.58,361.43,8.48,-0.86,591.61,8.05857103896984
1981-06-06,27.92,58.48,5.57,8.68,1134.14,8.2078038359878
1981-06-07,19.04,62.16,6.85,8.69,1135.35,6.201451787190782
1981-06-08,40.53,217.48,3.57,-1.29,568.95,7.3124070538800385
1981-06-09,29.66,208.41,4.5,-0.16,615.21,7.76010544493392
1981-06-10,27.34,170.34,5.12,1.39,686.63,8.373618054896644
1981-06-11,0.0,117.07,6.21,6.45,955.83,7.544546960352421
1981-06-12,2.12,181.36,6.98,4.83,866.54,6.649150178244661
1981-06-13,19.85,100.0,6.86,6.24,942.3,5.985893302609283
1981-06-14,10.34,162.95,11.85,9.14,1171.37,5.455287802100982
1981-06-15,0.0,283.41,12.36,8.12,1089.9,5.2563107394103685
1981-06-16,19.17,66.54,8.72,9.82,1225.59,5.455287802100982
1981-06-17,14.71,421.29,17.78,8.37,1109.94,5.322636426973906
1981-06-18,22.53,367.82,4.49,-2.48,525.77,5.52161348966452
1981-06-19,28.4,344.62,5.42,-1.1,579.81,6.499917381226702
1981-06-20,16.98,430.95,6.73,-1.93,546.63,5.720590552355134
1981-06-21,21.96,264.27,4.39,-0.36,609.65,5.52161348966452
1981-06-22,21.01,78.33,4.09,3.66,802.89,5.985893302609283
1981-06-23,13.23,102.16,6.84,6.21,952.15,6.201451787190782
1981-06-24,0.0,183.19,9.06,7.74,1059.82,5.52161348966452
1981-06-25,0.0,270.28,12.6,9.01,1161.1,5.123659364283293
1981-06-26,0.0,643.34,12.25,0.6,648.63,4.9246823015926795
1981-06-27,0.0,660.93,15.68,1.83,704.04,4.609635285665875
1981-06-28,0.0,409.57,14.47,8.69,1135.67,4.311169691629956
1981-06-29,0.0,686.02,23.39,-1.05,582.41,4.377495379193493
1981-06-30,0.0,605.75,9.27,-0.02,627.94,4.195099738393764
1981-07-01,0.0,487.95,17.87,10.73,1298.79,3.846889878685191
1981-07-02,0.0,357.4,14.32,9.21,1176.58,3.7308199254489995
1981-07-03,0.0,619.13,24.16,11.39,1351.2,3.7308199254489995
1981-07-04,0.0,629.32,27.64,12.37,1429.73,3.6810756597763468
1981-07-05,0.0,463.73,15.97,8.72,1137.33,3.4655171751948486
1981-07-06,0.0,227.83,8.13,5.33,894.49,3.2665401125042353
1981-07-07,19.57,92.03,7.43,7.21,1017.08,3.067563049813622
1981-07-08,0.0,684.74,15.45,-4.89,436.76,2.918330252795662
1981-07-09,9.47,589.91,9.57,-3.9,472.13,2.8188417214503554
1981-07-10,24.98,503.85,13.5,-4.59,448.01,2.8685859871230086
1981-07-11,23.43,448.35,7.12,-3.55,485.68,2.918330252795662
1981-07-12,0.0,142.4,9.14,8.3,1104.11,2.769097455777702
1981-07-13,22.78,430.0,8.99,-1.02,583.74,2.7193531901050485
1981-07-14,0.0,602.72,11.99,0.18,636.56,2.619864658759742
1981-07-15,0.0,546.75,11.11,1.22,676.0,2.5203761274144356
1981-07-16,0.0,600.36,26.38,11.33,1346.37,2.487213283632667
1981-07-17,0.0,639.44,23.6,5.12,889.61,2.437469017960013
1981-07-18,0.0,649.39,21.05,1.1,681.49,2.354561908505591
1981-07-19,0.0,623.96,18.6,1.79,715.64,2.354561908505591
1981-07-20,0.0,602.09,16.52,1.77,715.21,2.2716547990511686
1981-07-21,0.0,581.77,20.41,5.99,942.87,2.1887476895967466
1981-07-22,0.0,495.77,20.61,9.52,1201.65,2.0395148925787865
1981-07-23,0.0,615.66,20.95,2.71,758.65,2.0063520487970177
1981-07-24,0.0,382.26,22.05,13.42,1542.41,1.9731892050152489
1981-07-25,0.0,395.55,22.2,12.84,1469.8,1.9731892050152489
1981-07-26,0.0,556.38,29.89,13.01,1489.27,1.94002636123348
1981-07-27,0.0,561.63,30.61,12.87,1486.93,1.94002636123348
1981-07-28,0.0,479.39,25.9,13.02,1491.59,1.94002636123348
1981-07-29,0.0,370.31,20.92,12.45,1436.07,1.8239564079972888
1981-07-30,0.0,521.47,13.01,0.28,642.14,1.724467876651982
1981-07-31,0.0,181.13,13.3,9.65,1211.6,1.6913050328702133
1981-08-01,0.0,487.49,24.13,11.32,1345.3,1.6581421890884442
1981-08-02,0.0,148.92,10.56,8.07,1086.5,1.6581421890884442
1981-08-03,0.0,399.49,12.72,3.9,821.06,1.6249793453066754
1981-08-04,0.0,88.84,9.73,10.9,1311.63,1.5586536577431376
1981-08-05,0.0,293.26,17.02,10.29,1263.08,1.5254908139613688
1981-08-06,0.0,229.68,17.38,12.06,1404.75,1.5254908139613688
1981-08-07,0.0,266.16,20.52,14.15,1616.36,1.5254908139613688
1981-08-08,0.0,376.86,25.25,15.65,1773.8,1.4923279701796
1981-08-09,0.0,547.75,36.23,16.39,1855.38,1.4923279701796
1981-08-10,0.0,609.27,36.71,6.39,981.03,1.459165126397831
1981-08-11,0.0,535.04,35.47,15.82,1794.24,1.426002282616062
1981-08-12,0.0,498.11,30.49,14.76,1679.69,1.392839438834293
1981-08-13,0.0,424.82,24.97,13.2,1513.13,1.3762580169434087
1981-08-14,0.0,442.62,25.96,13.43,1543.87,1.3430951731616398
1981-08-15,0.0,397.35,24.49,13.66,1568.84,1.309932329379871
1981-08-16,0.0,521.46,25.06,9.02,1161.32,1.2767694855981022
1981-08-17,0.0,603.55,26.48,-0.11,622.83,1.2436066418163334
1981-08-18,0.0,502.05,27.85,11.7,1376.19,1.2270252199254488
1981-08-19,0.0,362.67,19.98,9.92,1233.47,1.19386237614368
1981-08-20,21.58,218.9,8.45,1.75,714.59,1.1606995323619111
1981-08-21,0.0,432.66,10.2,-0.65,594.89,1.127536688580142
1981-08-22,0.0,344.98,12.98,4.61,857.0,1.1109552666892577
1981-08-23,0.0,499.76,26.07,10.34,1267.05,1.077792422907489
1981-08-24,0.01,515.86,16.1,0.67,661.66,1.127536688580142
1981-08-25,0.17,563.99,21.59,-0.22,614.96,1.1109552666892577
1981-08-26,0.0,174.88,13.08,8.7,1135.66,1.0612110010166043
1981-08-27,0.0,149.89,12.41,8.97,1157.58,1.0280481572348354
1981-08-28,0.0,185.5,11.98,7.69,1056.25,0.9948853134530665
1981-08-29,4.86,355.89,11.89,-0.88,590.48,1.077792422907489
1981-08-30,9.01,383.25,17.27,0.54,655.5,1.127536688580142
1981-08-31,19.95,410.82,20.63,-1.45,565.94,1.2270252199254488
1981-09-01,20.46,243.02,8.01,-0.2,618.75,1.8239564079972888
1981-09-02,0.0,448.62,9.22,-3.5,486.91,1.2436066418163334
1981-09-03,0.0,468.59,11.27,-3.1,499.36,1.077792422907489
1981-09-04,0.0,420.77,10.1,-2.23,535.49,1.0280481572348354
1981-09-05,0.0,423.68,10.3,-2.48,527.08,0.9948853134530665
1981-09-06,0.0,461.15,23.31,6.56,972.31,0.9783038915621821
1981-09-07,0.0,514.27,29.93,5.69,920.08,0.9451410477804132
1981-09-08,0.0,477.24,29.16,8.9,1155.41,0.9451410477804132
1981-09-09,0.0,490.57,23.27,3.33,795.25,0.9285596258895288
1981-09-10,0.0,480.83,19.07,0.28,638.83,0.8953967821077599
1981-09-11,0.0,489.9,16.54,-2.73,513.87,0.8788153602168755
1981-09-12,0.0,472.86,14.18,-3.84,474.59,0.8788153602168755
1981-09-13,0.0,470.99,24.27,4.17,825.36,0.8456525164351066
1981-09-14,0.0,474.55,25.92,4.27,832.01,0.8290710945442221
1981-09-15,0.0,343.44,22.65,9.67,1213.5,0.7959082507624533
1981-09-16,0.0,447.55,20.27,1.62,698.88,0.7959082507624533
1981-09-17,0.0,485.91,24.99,0.53,654.84,0.7959082507624533
1981-09-18,11.05,275.96,9.96,-1.37,568.99,0.7959082507624533
1981-09-19,13.39,307.39,13.58,-2.75,515.01,0.8788153602168755
1981-09-20,7.5,293.16,11.78,-3.43,488.4,1.426002282616062
1981-09-21,19.03,201.45,5.69,-3.67,480.62,5.388962114537445
1981-09-22,21.07,283.53,9.94,-4.82,441.05,3.846889878685191
1981-09-23,22.73,305.95,10.74,-6.22,397.49,2.155584845814978
1981-09-24,22.55,201.85,4.28,-5.11,432.34,1.757630720433751
1981-09-25,0.0,434.44,13.59,-6.17,397.64,1.6249793453066754
1981-09-26,9.6,203.24,16.98,6.31,949.0,2.8188417214503554
1981-09-27,36.82,306.78,17.1,-2.66,519.21,24.208875960691287
1981-09-28,23.19,38.77,4.36,5.06,880.56,19.234449393425955
1981-09-29,10.41,174.17,4.1,-4.59,448.23,9.7001318061674
1981-09-30,16.48,183.87,6.21,-2.89,508.75,6.798382975262622
1981-10-01,29.7,211.76,8.68,-2.31,533.48,7.096848569298542
1981-10-02,32.73,192.98,3.84,-5.98,404.27,7.693779757370382
1981-10-03,19.18,93.48,3.27,-1.23,563.27,5.388962114537445
1981-10-04,0.0,319.84,7.94,-5.06,426.6,4.377495379193493
1981-10-05,15.08,206.77,3.41,-7.27,365.1,13.09932329379871
1981-10-06,63.99,130.44,2.82,-3.5,486.82,30.012373622500842
1981-10-07,25.22,161.74,4.44,-3.34,492.14,33.66028643849542
1981-10-08,18.21,148.32,3.33,-3.68,480.25,22.71654799051169
1981-10-09,13.98,36.06,2.24,5.1,887.92,15.669443686885797
1981-10-10,7.17,285.02,9.65,-7.65,355.47,10.877412760420194
1981-10-11,3.99,195.68,12.03,2.28,722.05,8.705246492714334
1981-10-12,0.0,360.02,5.56,-9.42,308.02,7.3953141633344615
1981-10-13,0.0,120.52,3.15,-0.54,588.59,6.499917381226702
1981-10-14,0.0,332.56,3.6,-9.13,315.56,5.853241927482208
1981-10-15,0.0,260.47,4.46,-4.9,431.4,5.322636426973906
1981-10-16,0.0,360.41,7.9,-7.79,352.45,4.9246823015926795
1981-10-17,0.0,380.4,15.59,-6.08,401.24,4.609635285665875
1981-10-18,0.0,367.11,14.23,-5.32,424.9,4.311169691629956
1981-10-19,0.0,359.21,13.73,-5.18,429.96,4.02928551948492
1981-10-20,0.0,234.02,1.88,-6.55,386.29,3.7474013473398844
1981-10-21,0.0,204.49,3.53,-4.26,447.48,3.515261440867502
1981-10-22,0.0,305.66,4.27,-8.95,318.16,3.4157729095221954
1981-10-23,0.0,271.07,4.15,-7.03,367.11,3.2665401125042353
1981-10-24,0.0,269.56,8.28,-3.01,495.05,3.2665401125042353
1981-10-25,0.0,318.52,12.3,-3.65,475.75,3.2665401125042353
1981-10-26,17.94,209.62,14.34,1.42,684.46,4.211681160284649
1981-10-27,30.03,166.4,12.29,3.39,785.02,26.861903463232796
1981-10-28,28.23,123.6,14.4,7.73,1058.7,31.504701592680444
1981-10-29,11.99,105.97,12.25,6.62,969.85,21.55584845814978
1981-10-30,23.84,88.48,9.27,4.66,852.47,16.581421890884446
1981-10-31,19.32,151.05,4.3,-3.83,475.92,33.16284378176889
1981-11-01,1.06,160.8,5.79,-0.76,588.86,19.897706269061334
1981-11-02,0.0,279.5,11.96,-2.99,498.37,13.265137512707554
1981-11-03,3.88,221.16,16.12,-5.27,427.4,9.948853134530667
1981-11-04,0.0,227.8,13.46,2.17,718.81,8.290710945442223
1981-11-05,0.0,49.13,0.85,1.06,652.42,7.13001141308031
1981-11-06,0.0,53.86,1.27,0.78,643.86,6.499917381226702
1981-11-07,0.0,283.92,12.47,-8.76,326.61,6.052218990172822
1981-11-08,0.0,261.14,12.67,-4.29,451.04,5.5879391772280576
1981-11-09,0.0,272.88,12.3,-8.44,334.33,5.2563107394103685
1981-11-10,23.25,169.03,13.25,-0.4,594.19,5.720590552355134
1981-11-11,45.17,90.28,2.08,-3.77,477.29,37.80564191121653
1981-11-12,22.48,35.96,2.84,1.06,662.23,24.70631861741782
1981-11-13,13.91,169.98,12.48,-2.1,531.84,20.8925915825144
1981-11-14,22.57,178.6,13.04,-4.3,458.2,42.780068478481866
1981-11-15,28.24,181.28,11.78,-6.43,391.35,35.8158712843104
1981-11-16,12.05,118.39,3.87,-4.59,446.16,28.02260299559471
1981-11-17,19.66,84.86,5.73,-0.11,611.27,24.872132836326667
1981-11-18,8.48,26.64,3.25,2.56,737.03,22.053291114876313
1981-11-19,9.73,141.48,8.38,-2.32,521.93,17.9079356421552
1981-11-20,13.66,21.98,-0.83,-0.27,602.84,21.887476895967467
1981-11-21,22.9,18.48,-0.24,1.72,695.59,34.65517175194849
1981-11-22,18.82,45.76,-1.48,-4.21,455.41,26.032832368688577
1981-11-23,22.05,97.43,-2.68,-8.68,328.28,20.063520487970177
1981-11-24,6.93,103.52,-0.11,-6.67,375.1,15.78551364012199
1981-11-25,4.88,167.19,5.05,-9.65,304.32,13.348044622161977
1981-11-26,7.11,102.14,-2.13,-8.45,334.1,11.772809542527956
1981-11-27,0.0,147.47,-3.17,-10.35,284.08,10.363388681802778
1981-11-28,0.0,69.46,-5.45,-8.54,321.67,9.36850336834971
1981-11-29,8.02,43.75,-3.81,-6.15,388.54,8.705246492714334
1981-11-30,15.76,93.11,7.48,1.22,660.59,8.622339383259911
1981-12-01,41.47,49.86,7.15,4.0,809.34,12.883764809217212
1981-12-02,43.05,135.76,2.15,-7.68,355.43,23.711433303964753
1981-12-03,11.17,140.66,6.31,-4.34,445.68,14.508744154523887
1981-12-04,11.57,106.36,-1.99,-8.62,329.45,21.390034239240933
1981-12-05,58.95,139.16,4.57,-6.11,400.95,67.32057287699084
1981-12-06,12.15,145.07,5.29,-7.18,367.15,28.02260299559471
1981-12-07,15.2,117.37,0.24,-7.71,354.25,22.882362209420535
1981-12-08,6.37,155.45,8.11,-8.58,326.99,17.244678766519822
1981-12-09,15.03,20.43,-1.86,-1.21,565.26,33.82610065740427
1981-12-10,27.88,117.27,-0.13,-7.54,359.0,32.333772687224666
1981-12-11,23.15,87.47,-2.15,-7.42,352.04,20.726777363605557
1981-12-12,0.0,199.81,1.11,-11.68,256.06,15.78551364012199
1981-12-13,13.62,142.14,6.22,-5.35,414.23,14.160534294815315
1981-12-14,11.21,14.89,-2.88,2.98,762.71,13.928394388342932
1981-12-15,37.13,90.76,-3.52,-8.48,333.29,14.160534294815315
1981-12-16,4.69,99.71,-3.43,-8.94,322.29,12.999834762453403
1981-12-17,0.0,162.15,8.65,0.68,641.6,11.374855417146728
1981-12-18,20.44,125.75,6.55,-2.24,524.61,27.027717682141642
1981-12-19,38.03,91.48,-0.75,-5.9,406.03,56.54264864791595
1981-12-20,7.2,110.14,-0.13,-7.11,364.43,26.696089244323954
1981-12-21,0.0,141.02,-4.81,-11.19,268.68,18.405378298881732
1981-12-22,18.29,64.55,-5.71,-9.33,307.63,15.089093920704842
1981-12-23,5.41,79.69,-6.28,-10.57,281.9,13.115904715689595
1981-12-24,10.65,98.91,-3.53,-9.21,313.11,11.606995323619111
1981-12-25,9.95,17.11,0.34,2.67,736.76,10.4462957912572
1981-12-26,24.64,85.87,-4.86,-9.36,308.48,9.451410477804133
1981-12-27,22.47,15.39,-6.65,-0.86,577.12,8.622339383259911
1981-12-28,24.13,15.74,-7.7,-3.53,472.49,7.959082507624532
1981-12-29,0.0,155.62,-7.34,-13.61,221.76,7.295825631989155
1981-12-30,0.0,27.12,-8.24,-7.33,353.13,6.798382975262622
1981-12-31,6.05,101.79,-7.68,-12.73,238.59,6.300940318536089
1982-01-01,24.5,16.46,-4.86,-1.2,559.87,5.9693118807184
1982-01-02,22.48,16.65,-8.94,-4.53,439.53,5.637683442900711
1982-01-03,10.44,20.48,-3.64,-2.02,528.03,5.306055005083023
1982-01-04,4.68,19.84,-6.96,-5.01,423.65,5.140240786174178
1982-01-05,0.31,221.82,-8.06,-19.18,141.64,4.974426567265334
1982-01-06,0.0,32.48,-13.17,-10.05,280.0,4.808612348356489
1982-01-07,0.0,111.98,-7.3,-10.28,281.54,4.642798129447645
1982-01-08,16.9,88.41,-7.51,-10.56,277.6,4.4769839105388
1982-01-09,0.0,164.08,-2.85,-7.59,349.53,4.311169691629956
1982-01-10,6.61,216.04,-0.85,-10.99,273.34,4.311169691629956
1982-01-11,23.35,26.15,-6.14,-5.54,409.62,4.1453554727211115
1982-01-12,18.65,38.91,-5.5,-6.44,381.96,4.1453554727211115
1982-01-13,10.19,117.32,-4.81,-8.52,329.04,4.1453554727211115
1982-01-14,21.12,29.91,-2.88,-2.01,530.97,4.311169691629956
1982-01-15,22.61,20.93,-2.93,0.5,636.92,4.311169691629956
1982-01-16,44.74,116.93,-3.84,-7.79,352.61,9.119782039986445
1982-01-17,31.45,19.09,-3.05,2.81,745.27,9.617224696712977
1982-01-18,16.82,182.65,-2.24,-10.56,281.78,7.627454069806844
1982-01-19,0.0,130.82,-5.3,-8.63,322.03,6.300940318536089
1982-01-20,0.63,259.39,-0.45,-11.04,272.78,5.637683442900711
1982-01-21,22.48,163.03,-5.03,-10.86,276.97,5.471869223991867
1982-01-22,35.38,169.06,1.01,-5.4,410.66,5.471869223991867
1982-01-23,59.35,194.43,3.06,-6.07,390.27,23.213990647238223
1982-01-24,49.64,195.3,-0.57,-8.72,327.39,31.504701592680444
1982-01-25,17.89,210.6,9.15,-5.59,409.95,21.55584845814978
1982-01-26,41.3,108.07,-1.15,-4.35,451.28,26.530275025415108
1982-01-27,17.08,47.15,1.62,0.9,646.82,16.581421890884446
1982-01-28,14.9,21.19,-4.63,2.52,730.35,12.436066418163334
1982-01-29,5.74,21.53,-2.89,3.48,789.68,10.77792422907489
1982-01-30,30.0,72.1,0.76,-1.23,563.78,11.275366885801422
1982-01-31,33.19,23.97,-1.83,2.76,745.09,11.606995323619111
1982-02-01,26.31,43.77,-3.78,-4.36,448.92,9.948853134530667
1982-02-02,21.75,119.59,-1.05,-4.3,452.85,8.622339383259911
1982-02-03,18.45,190.62,-2.35,-8.23,339.17,7.461639850897999
1982-02-04,0.0,321.66,-3.95,-14.25,209.46,6.632568756353777
1982-02-05,0.0,307.56,-6.27,-14.56,203.89,5.9693118807184
1982-02-06,0.0,316.53,-4.5,-13.37,226.83,5.471869223991867
1982-02-07,0.0,335.87,-3.1,-14.32,208.41,5.140240786174178
1982-02-08,0.0,194.92,-4.62,-9.05,310.16,4.808612348356489
1982-02-09,0.0,351.61,-0.17,-14.42,207.28,4.4769839105388
1982-02-10,0.0,325.82,4.97,-4.51,440.0,4.211681160284649
1982-02-11,19.52,240.42,-3.97,-12.69,239.73,4.195099738393764
1982-02-12,23.73,202.31,-4.14,-10.2,291.93,5.786916239918671
1982-02-13,68.49,41.53,-2.07,-1.39,557.19,21.390034239240933
1982-02-14,46.59,249.81,4.82,-4.47,451.6,31.338887373771595
1982-02-15,39.41,266.18,7.51,-4.14,463.58,54.221249583192126
1982-02-16,30.26,27.5,0.36,5.08,881.12,42.44844004066418
1982-02-17,30.39,177.86,-0.23,-5.23,428.52,32.49958690613351
1982-02-18,25.67,240.25,-1.61,-9.19,315.77,22.384919552694
1982-02-19,31.05,191.49,-0.3,-5.64,412.47,27.027717682141642
1982-02-20,41.97,268.53,8.11,-1.6,549.92,39.297969881396135
1982-02-21,0.0,123.35,-1.64,-3.29,480.78,26.364460806506266
1982-02-22,25.71,287.29,1.15,-9.05,313.51,17.57630720433751
1982-02-23,8.66,33.31,-4.1,-0.63,586.11,13.69625448187055
1982-02-24,4.46,252.42,-0.42,-7.44,354.47,11.573832479837343
1982-02-25,0.26,292.44,-3.1,-8.64,326.19,10.280481572348355
1982-02-26,18.93,286.67,8.48,-0.77,579.79,9.7001318061674
1982-02-27,13.8,311.98,7.89,-3.96,456.4,8.788153602168755
1982-02-28,8.71,331.57,9.96,-7.83,342.78,8.788153602168755
1982-03-01,32.63,320.08,5.91,-7.15,367.51,26.530275025415108
1982-03-02,13.08,295.6,8.51,-1.84,537.39,17.9079356421552
1982-03-03,31.35,228.69,1.37,-5.17,422.61,14.044464341579122
1982-03-04,10.97,39.37,-2.16,1.15,665.66,11.374855417146728
1982-03-05,0.0,467.0,8.91,-7.89,345.27,10.031760243985088
1982-03-06,0.0,458.43,3.34,-10.29,285.99,9.036874930532022
1982-03-07,0.0,455.29,6.63,-6.69,373.02,8.290710945442223
1982-03-08,0.0,471.42,5.87,-8.76,320.45,7.992245351406301
1982-03-09,36.73,274.63,1.43,-6.79,377.13,10.280481572348355
1982-03-10,24.69,289.4,13.24,3.69,798.07,10.4462957912572
1982-03-11,31.72,314.93,2.84,-7.39,359.97,10.197574462893932
1982-03-12,35.59,86.8,-3.38,-5.03,424.22,9.202689149440866
1982-03-13,29.61,206.39,-2.82,-8.07,342.51,8.290710945442223
1982-03-14,21.99,267.21,-3.01,-10.07,293.73,7.627454069806844
1982-03-15,13.83,423.28,9.14,-8.83,318.04,7.030522881735004
1982-03-16,0.0,230.96,-1.35,-5.86,394.54,6.499917381226702
1982-03-17,0.0,534.44,12.47,-7.39,352.72,6.052218990172822
1982-03-18,0.0,502.66,5.53,-8.28,330.71,5.720590552355134
1982-03-19,0.0,325.24,6.43,-0.83,576.58,5.388962114537445
1982-03-20,0.99,505.86,3.49,-10.68,279.05,5.123659364283293
1982-03-21,0.0,498.33,6.27,-6.98,363.19,4.858356614029142
1982-03-22,0.0,566.54,14.55,-11.69,258.91,4.792030926465604
1982-03-23,0.0,546.71,12.19,-6.75,372.05,4.858356614029142
1982-03-24,0.0,572.69,15.46,-10.58,283.53,5.189985051846831
1982-03-25,0.0,552.08,13.34,-6.84,374.24,5.322636426973906
1982-03-26,25.2,347.07,5.72,-7.44,361.3,5.720590552355134
1982-03-27,27.03,166.26,4.7,-0.6,585.76,5.720590552355134
1982-03-28,27.82,128.05,-1.38,-5.18,420.21,5.5879391772280576
1982-03-29,26.66,276.91,-1.81,-10.56,281.83,5.189985051846831
1982-03-30,12.58,357.65,3.1,-9.23,309.38,4.991007989156217
1982-03-31,10.09,273.13,-3.06,-11.21,270.4,4.792030926465604
1982-04-01,11.88,300.18,2.5,-6.72,372.69,4.543309598102337
1982-04-02,16.59,360.14,8.02,-4.47,442.39,4.493565332429684
1982-04-03,38.48,316.32,7.43,-2.77,501.84,4.609635285665875
1982-04-04,21.09,244.29,-2.48,-9.51,308.36,4.543309598102337
1982-04-05,26.13,310.7,3.37,-6.15,390.87,4.377495379193493
1982-04-06,0.0,221.88,0.95,-3.38,477.51,4.195099738393764
1982-04-07,20.04,464.63,6.57,-11.5,263.12,3.962959831921382
1982-04-08,0.0,533.17,10.17,-3.39,478.55,3.846889878685191
1982-04-09,0.0,626.94,15.03,-6.96,366.3,3.846889878685191
1982-04-10,0.0,595.22,15.9,-2.41,514.32,4.02928551948492
1982-04-11,28.2,211.36,6.54,0.39,631.6,14.276604248051505
1982-04-12,23.8,396.2,11.91,-2.27,524.1,22.053291114876313
1982-04-13,35.57,244.68,-1.66,-8.81,325.63,14.973023967468654
1982-04-14,18.75,56.96,-3.45,-1.71,541.9,10.612110010166045
1982-04-15,24.99,177.4,-2.0,-6.79,370.53,8.539432273805488
1982-04-16,3.96,506.75,8.67,-4.71,434.02,7.3953141633344615
1982-04-17,21.64,63.78,-0.99,0.22,621.27,6.798382975262622
1982-04-18,7.41,126.87,-1.14,-3.89,461.66,6.1185446777363595
1982-04-19,0.0,423.88,4.42,-4.39,443.31,5.654264864791595
1982-04-20,0.0,297.02,6.7,0.76,639.98,5.388962114537445
1982-04-21,0.0,426.86,11.08,2.31,720.89,5.654264864791595
1982-04-22,0.0,646.69,24.62,3.96,806.81,7.246081366316502
1982-04-23,0.0,662.89,12.24,-6.75,377.74,8.788153602168755
1982-04-24,0.0,661.36,7.23,-9.8,300.46,8.373618054896644
1982-04-25,0.0,682.47,16.85,-5.95,393.16,7.6108726479159605
1982-04-26,0.0,692.4,17.44,-9.2,314.69,7.3953141633344615
1982-04-27,0.0,683.72,15.52,-8.11,342.45,7.544546960352421
1982-04-28,32.42,361.75,3.41,-6.66,382.64,8.539432273805488
1982-04-29,28.19,290.61,6.12,-1.6,545.75,7.992245351406301
1982-04-30,0.0,611.41,10.2,-5.02,427.72,7.246081366316502
1982-05-01,0.0,635.35,17.26,-0.29,600.58,7.013941459844119
1982-05-02,0.0,211.24,3.77,-0.24,607.31,7.246081366316502
1982-05-03,4.82,71.1,1.57,2.65,741.01,7.246081366316502
1982-05-04,0.0,546.57,2.18,-9.38,308.35,6.649150178244661
1982-05-05,0.0,672.17,10.76,-8.27,335.34,6.649150178244661
1982-05-06,0.0,660.3,19.15,-0.87,576.62,7.843012554388341
1982-05-07,0.0,457.21,5.4,-4.06,465.12,9.451410477804133
1982-05-08,4.36,363.86,2.44,-6.26,394.59,8.871060711623178
1982-05-09,0.0,157.9,3.16,2.08,720.41,8.622339383259911
1982-05-10,0.0,114.17,6.03,5.74,919.2,8.290710945442223
1982-05-11,0.0,338.01,12.3,6.02,930.13,8.9539678210776
1982-05-12,0.0,482.84,4.02,-4.78,442.4,9.617224696712977
1982-05-13,0.0,631.32,13.82,-0.75,584.54,10.031760243985088
1982-05-14,1.84,589.71,8.82,-4.14,463.18,10.031760243985088
1982-05-15,0.0,534.67,12.02,0.74,644.4,10.114667353439511
1982-05-16,0.0,702.88,20.43,-3.16,494.37,11.175878354456115
1982-05-17,25.16,318.34,6.32,-2.25,528.53,12.4692292619451
1982-05-18,20.62,338.8,2.6,-6.54,386.48,11.076389823110809
1982-05-19,0.0,677.78,11.02,-7.99,345.52,10.031760243985088
1982-05-20,0.0,678.71,18.71,-2.01,533.58,10.031760243985088
1982-05-21,0.0,648.56,13.19,-4.59,446.17,11.474343948492034
1982-05-22,1.0,513.92,7.43,-4.03,467.33,13.812324435106742
1982-05-23,0.0,676.2,15.18,-4.49,445.39,12.999834762453403
1982-05-24,0.0,706.43,23.6,-2.12,530.8,13.812324435106742
1982-05-25,0.0,560.2,12.05,-1.23,571.11,17.742121423246356
1982-05-26,13.92,86.83,4.91,5.53,907.58,15.437303780413416
1982-05-27,5.96,441.82,11.78,2.14,717.6,12.270252199254488
1982-05-28,0.0,682.47,15.89,-3.18,494.73,11.573832479837343
1982-05-29,0.0,698.41,20.29,-1.84,539.94,12.270252199254488
1982-05-30,0.0,687.62,23.7,1.12,666.75,12.999834762453403
1982-05-31,0.0,698.05,25.08,0.75,651.93,14.044464341579122
1982-06-01,0.0,237.95,7.74,2.84,756.03,13.812324435106742
1982-06-02,0.0,367.12,10.66,2.83,753.04,12.071275136563875
1982-06-03,2.88,477.73,11.92,-4.85,438.26,11.076389823110809
1982-06-04,0.0,90.37,4.94,6.66,972.83,10.363388681802778
1982-06-05,3.11,485.99,14.41,-2.95,504.05,10.031760243985088
1982-06-06,0.0,518.47,6.74,-4.58,448.52,9.865946025076244
1982-06-07,0.0,714.17,19.35,-6.04,401.9,9.7001318061674
1982-06-08,0.0,711.26,20.84,-5.27,425.19,10.529202900711622
1982-06-09,0.0,684.42,24.78,0.62,645.8,12.4692292619451
1982-06-10,0.0,672.86,27.3,3.05,766.54,15.669443686885797
1982-06-11,0.0,693.95,26.76,-0.45,600.88,17.9079356421552
1982-06-12,0.0,148.58,11.21,8.3,1103.78,18.902820955608266
1982-06-13,0.0,208.14,9.46,4.73,863.63,17.742121423246356
1982-06-14,0.0,599.25,19.65,1.86,709.03,16.249793453066754
1982-06-15,0.0,692.38,23.21,-2.6,520.48,16.133723499830563
1982-06-16,0.0,643.25,25.73,3.83,809.98,17.9079356421552
1982-06-17,0.0,571.61,28.49,10.01,1240.53,19.068635174517112
1982-06-18,0.0,623.85,33.32,10.28,1262.14,21.22422002033209
1982-06-19,0.0,659.52,33.92,7.37,1041.61,21.390034239240933
1982-06-20,0.0,588.49,29.23,9.41,1192.79,22.384919552694
1982-06-21,0.0,542.21,25.49,8.57,1125.23,21.058405801423245
1982-06-22,0.0,572.05,23.88,5.83,925.97,19.234449393425955
1982-06-23,0.0,645.1,25.37,2.6,742.53,18.57119251779058
1982-06-24,0.0,572.5,30.32,10.85,1307.97,17.9079356421552
1982-06-25,3.72,258.25,22.46,12.31,1427.27,16.913050328702134
1982-06-26,23.66,133.65,8.81,4.29,845.03,27.35934611995933
1982-06-27,8.81,115.51,15.93,12.04,1403.55,17.742121423246356
1982-06-28,9.24,55.94,9.82,11.19,1335.21,14.276604248051505
1982-06-29,0.0,408.89,23.24,12.14,1411.12,12.767694855981022
1982-06-30,2.16,223.47,8.97,3.67,806.26,13.464114575398167
1982-07-01,12.58,274.94,11.89,4.06,826.46,12.4692292619451
1982-07-02,24.01,101.39,6.85,4.05,830.78,11.275366885801422
1982-07-03,22.7,170.52,6.32,1.19,679.23,11.275366885801422
1982-07-04,0.0,346.82,11.17,2.92,758.74,10.114667353439511
1982-07-05,11.72,54.24,6.65,9.79,1222.91,9.036874930532022
1982-07-06,0.0,641.88,17.65,-2.04,542.38,8.539432273805488
1982-07-07,0.0,469.06,9.89,-1.19,575.93,8.456525164351067
1982-07-08,0.0,522.89,16.69,3.68,801.08,8.290710945442223
1982-07-09,0.0,668.42,22.65,0.87,659.61,8.2078038359878
1982-07-10,0.0,579.03,23.34,7.7,1056.03,8.2078038359878
1982-07-11,0.0,628.71,25.65,7.0,1008.3,8.539432273805488
1982-07-12,0.0,620.66,22.3,4.26,834.14,8.456525164351067
1982-07-13,13.84,441.64,14.32,1.11,675.17,8.290710945442223
1982-07-14,26.14,161.23,6.8,2.22,724.6,7.843012554388341
1982-07-15,0.34,84.75,5.7,6.23,952.2,6.9476157722805825
1982-07-16,0.0,481.52,8.69,-1.46,566.36,6.41701027177228
1982-07-17,0.0,658.5,23.29,3.4,762.67,6.715475865808199
1982-07-18,0.0,374.31,13.5,5.69,924.05,7.096848569298542
1982-07-19,0.0,140.69,8.94,6.96,1005.61,7.096848569298542
1982-07-20,0.7,81.38,9.96,11.7,1375.92,6.8647086628261595
1982-07-21,0.0,480.03,5.76,-2.69,516.61,6.052218990172822
1982-07-22,0.0,687.14,14.2,-4.8,437.67,5.455287802100982
1982-07-23,0.0,616.57,23.56,8.88,1116.29,5.2563107394103685
1982-07-24,0.0,670.57,26.51,5.52,862.85,5.455287802100982
1982-07-25,0.0,671.06,27.24,5.32,849.67,5.52161348966452
1982-07-26,0.0,606.78,28.06,11.79,1339.26,5.720590552355134
1982-07-27,0.0,589.35,28.32,12.55,1411.5,5.919567615045746
1982-07-28,0.0,169.49,16.09,13.79,1582.57,5.985893302609283
1982-07-29,13.48,52.38,10.65,13.13,1503.75,5.786916239918671
1982-07-30,9.21,136.93,7.57,4.34,846.02,5.654264864791595
1982-07-31,10.85,63.28,6.71,7.83,1067.0,5.123659364283293
1982-08-01,19.21,243.13,8.93,3.04,769.51,4.543309598102337
1982-08-02,23.46,392.37,19.6,8.05,1085.2,4.377495379193493
1982-08-03,0.0,645.35,19.56,0.67,649.31,4.377495379193493
1982-08-04,0.0,629.69,16.65,-0.7,586.9,4.1453554727211115
1982-08-05,0.0,668.41,22.75,-1.56,541.82,3.6479128159945775
1982-08-06,0.0,629.44,17.69,-0.76,584.98,3.4655171751948486
1982-08-07,0.0,617.93,29.32,8.57,1086.88,3.6147499722128087
1982-08-08,0.0,542.56,29.38,13.84,1566.95,3.846889878685191
1982-08-09,2.0,197.13,16.54,12.7,1457.1,3.846889878685191
1982-08-10,1.88,63.64,10.48,12.69,1461.9,3.4655171751948486
1982-08-11,0.0,86.01,8.6,9.22,1177.21,3.117307315486275
1982-08-12,0.0,329.97,9.29,3.17,780.85,3.117307315486275
1982-08-13,28.69,206.49,6.22,1.27,690.82,4.02928551948492
1982-08-14,0.0,343.04,14.08,7.05,1010.64,3.167051581158929
1982-08-15,0.0,635.62,18.34,-1.34,561.69,2.8685859871230086
1982-08-16,0.0,391.15,13.17,5.07,879.18,2.7193531901050485
1982-08-17,0.0,637.88,17.48,-2.99,501.27,2.570120393087089
1982-08-18,0.0,649.11,24.29,-3.32,482.26,2.437469017960013
1982-08-19,0.0,561.99,25.04,7.94,1064.87,2.4043061741782443
1982-08-20,0.0,633.44,24.93,-1.16,566.33,2.437469017960013
1982-08-21,0.0,621.85,25.79,1.02,660.12,2.5203761274144356
1982-08-22,0.0,606.18,24.89,2.18,716.64,2.437469017960013
1982-08-23,0.0,576.39,28.26,7.42,1024.81,2.3213990647238223
1982-08-24,0.0,560.1,30.29,9.98,1223.03,2.2384919552694
1982-08-25,0.0,575.62,31.18,8.62,1102.02,2.1887476895967466
1982-08-26,0.0,130.4,12.8,10.24,1259.55,2.1224220020332085
1982-08-27,0.0,438.44,16.83,5.01,889.61,2.0063520487970177
1982-08-28,0.0,89.18,11.65,10.61,1288.84,1.906863517451711
1982-08-29,0.0,321.42,17.91,9.08,1166.16,1.8571192517790576
1982-08-30,17.15,314.04,18.87,6.73,989.65,1.906863517451711
1982-08-31,0.0,544.81,20.7,0.98,676.12,1.8239564079972888
1982-09-01,0.0,546.94,22.58,1.91,710.28,1.757630720433751
1982-09-02,0.0,576.87,27.63,1.33,681.45,1.7907935642155197
1982-09-03,22.5,308.56,15.37,2.79,759.77,1.8239564079972888
1982-09-04,23.35,173.15,7.64,1.48,701.58,1.7907935642155197
1982-09-05,0.0,393.02,16.18,4.74,865.45,1.6913050328702133
1982-09-06,0.0,462.42,23.17,7.98,1078.42,1.5918165015249066
1982-09-07,0.0,480.36,20.68,4.62,863.26,1.5586536577431376
1982-09-08,0.0,452.86,23.22,7.98,1079.67,1.5254908139613688
1982-09-09,31.17,247.42,10.38,0.69,662.62,1.7907935642155197
1982-09-10,23.45,50.26,6.07,7.97,1077.61,1.7907935642155197
1982-09-11,29.33,210.27,5.89,-2.25,530.73,1.906863517451711
1982-09-12,20.84,252.9,8.1,-2.08,541.11,1.757630720433751
1982-09-13,0.0,177.95,10.27,4.95,875.57,1.4923279701796
1982-09-14,0.0,508.42,15.05,-4.85,439.68,1.3762580169434087
1982-09-15,0.0,396.31,11.5,-1.9,537.13,1.309932329379871
1982-09-16,0.0,497.45,19.63,-1.14,568.51,1.2436066418163334
1982-09-17,0.0,458.97,25.11,6.67,983.75,1.2270252199254488
1982-09-18,0.0,464.97,26.53,6.9,1000.19,1.19386237614368
1982-09-19,4.36,170.87,16.07,9.06,1165.1,1.19386237614368
1982-09-20,12.23,40.77,10.92,11.1,1328.38,1.2436066418163334
1982-09-21,0.0,331.96,12.74,2.8,761.6,1.2270252199254488
1982-09-22,0.0,345.44,8.52,-1.42,567.11,1.1606995323619111
1982-09-23,0.0,484.13,18.38,-1.47,565.57,1.127536688580142
1982-09-24,2.82,82.4,11.19,9.49,1199.35,1.1109552666892577
1982-09-25,3.58,40.12,6.69,8.91,1152.86,1.2436066418163334
1982-09-26,17.84,222.64,8.99,0.79,657.38,1.757630720433751
1982-09-27,0.0,127.42,11.36,7.91,1072.51,1.309932329379871
1982-09-28,20.69,235.31,4.34,-4.46,453.47,1.127536688580142
1982-09-29,0.0,337.02,10.7,0.45,633.73,1.1109552666892577
1982-09-30,0.0,468.96,12.41,-7.09,369.21,1.0280481572348354
1982-10-01,0.0,397.98,19.32,5.42,908.13,0.9948853134530665
1982-10-02,23.39,235.39,4.5,-4.18,461.91,1.0612110010166043
1982-10-03,0.0,83.94,3.6,3.48,788.99,1.0280481572348354
1982-10-04,0.0,374.79,4.26,-6.96,372.81,0.9783038915621821
1982-10-05,0.0,416.81,14.32,-0.93,573.67,0.9451410477804132
1982-10-06,23.61,212.15,4.27,-3.6,481.58,6.649150178244661
1982-10-07,13.42,39.25,2.76,4.88,869.37,5.720590552355134
1982-10-08,10.47,55.89,2.17,1.28,674.33,3.6147499722128087
1982-10-09,14.11,255.9,7.28,-2.92,507.75,3.3162843781768885
1982-10-10,0.0,423.29,17.95,-2.07,530.71,2.570120393087089
1982-10-11,0.0,419.94,16.47,-3.88,467.89,2.155584845814978
1982-10-12,0.0,406.15,12.43,-5.35,423.86,1.8571192517790576
1982-10-13,0.0,337.94,8.0,-3.97,464.56,1.6581421890884442
1982-10-14,0.0,312.51,8.45,-2.41,518.92,1.5254908139613688
1982-10-15,0.0,319.51,15.4,3.79,806.8,1.392839438834293
1982-10-16,27.8,289.43,16.77,-3.23,496.05,1.6581421890884442
1982-10-17,29.25,217.15,1.99,-7.41,361.34,1.9731892050152489
1982-10-18,0.0,222.12,0.47,-6.42,381.12,1.5586536577431376
1982-10-19,0.0,388.82,9.29,-10.9,273.54,1.392839438834293
1982-10-20,0.0,363.81,13.95,-3.61,471.74,1.309932329379871
1982-10-21,21.1,144.31,0.32,-5.94,405.58,12.883764809217212
1982-10-22,46.66,264.32,16.2,-2.76,514.97,66.49150178244662
1982-10-23,27.09,187.55,9.74,0.5,640.4,23.54561908505591
1982-10-24,1.87,279.47,10.26,-1.91,547.49,28.354231433412398
1982-10-25,11.55,34.17,4.2,4.22,830.34,24.872132836326667
1982-10-26,21.77,126.62,2.8,-3.2,497.32,35.650057065401555
1982-10-27,9.69,126.27,5.31,-0.94,576.54,22.550733771602843
1982-10-28,19.91,221.77,9.03,-4.81,441.13,20.726777363605557
1982-10-29,25.22,118.22,-0.66,-6.48,389.28,21.55584845814978
1982-10-30,0.0,36.01,0.09,3.94,806.04,14.160534294815315
1982-10-31,6.17,37.18,0.48,0.17,622.29,12.270252199254488
1982-11-01,9.36,213.62,0.74,-8.33,336.78,10.877412760420194
1982-11-02,0.0,241.62,0.68,-9.25,308.16,9.119782039986445
1982-11-03,27.14,196.66,13.72,1.11,669.96,8.290710945442223
1982-11-04,24.17,123.58,0.62,-5.52,417.41,13.464114575398167
1982-11-05,29.33,33.98,-0.17,-0.39,594.15,16.133723499830563
1982-11-06,13.28,93.7,-1.64,-6.4,385.11,14.044464341579122
1982-11-07,18.68,74.92,-2.19,-6.0,397.02,11.474343948492034
1982-11-08,0.0,119.93,-1.4,-6.19,386.93,9.783038915621821
1982-11-09,0.0,159.52,-1.77,-8.11,331.77,8.456525164351067
1982-11-10,0.0,91.06,-3.43,-6.63,372.5,7.6108726479159605
1982-11-11,0.0,220.91,-4.41,-12.92,234.1,6.8647086628261595
1982-11-12,0.0,213.56,-3.76,-11.96,251.64,6.26777747475432
1982-11-13,0.0,202.07,-3.96,-11.59,261.28,5.786916239918671
1982-11-14,0.0,124.07,-3.59,-8.23,328.92,5.388962114537445
1982-11-15,5.21,131.54,-5.2,-11.26,262.48,5.189985051846831
1982-11-16,32.46,126.82,-2.8,-8.54,331.61,6.26777747475432
1982-11-17,18.67,92.56,-2.03,-6.07,402.44,7.992245351406301
1982-11-18,14.81,21.25,-3.21,-1.25,560.33,7.3124070538800385
1982-11-19,31.26,26.93,-2.53,-2.1,526.87,7.096848569298542
1982-11-20,23.71,47.49,-2.93,-4.3,447.23,6.350684584208742
1982-11-21,24.67,181.17,0.01,-10.2,287.87,5.654264864791595
1982-11-22,0.0,248.43,2.46,-9.29,303.81,5.189985051846831
1982-11-23,0.0,81.09,-5.84,-7.89,340.08,4.725705238902067
1982-11-24,0.0,225.81,6.3,-3.26,481.55,4.493565332429684
1982-11-25,0.0,199.2,4.84,-2.52,509.67,4.195099738393764
1982-11-26,8.49,164.36,5.26,-4.28,448.62,4.991007989156217
1982-11-27,22.68,28.61,-3.9,-4.32,447.47,11.673321011182647
1982-11-28,29.82,100.91,-1.8,-6.0,403.58,27.35934611995933
1982-11-29,19.43,29.04,-0.98,-1.68,548.33,18.073749861064044
1982-11-30,26.18,36.44,-0.43,-1.68,546.62,16.133723499830563
1982-12-01,12.32,44.68,-2.96,-4.58,439.91,11.971786605218567
1982-12-02,20.94,98.65,8.72,4.3,824.0,10.363388681802778
1982-12-03,94.66,166.55,7.23,-7.09,368.93,97.001318061674
1982-12-04,21.69,145.36,-0.75,-8.87,319.13,33.66028643849542
1982-12-05,0.0,34.97,1.08,1.13,655.41,18.073749861064044
1982-12-06,26.97,155.56,-1.09,-10.79,276.75,13.629928794307013
1982-12-07,0.0,146.84,-6.38,-11.53,260.65,11.126134088783461
1982-12-08,0.0,41.96,-3.06,-3.91,457.44,9.733294649949167
1982-12-09,0.0,48.24,-6.04,-6.94,365.07,8.721827914605218
1982-12-10,0.0,50.46,-4.4,-4.81,429.72,7.959082507624532
1982-12-11,0.0,36.43,-5.12,-4.43,443.86,7.328988475770925
1982-12-12,23.01,106.82,-4.2,-8.96,319.57,12.800857699762789
1982-12-13,5.58,15.93,-3.55,0.37,626.91,9.600643274822092
1982-12-14,24.55,17.99,-4.17,-2.38,516.74,9.96543455642155
1982-12-15,47.92,158.69,9.27,-7.97,346.55,19.068635174517112
1982-12-16,55.78,155.04,6.39,-6.1,400.79,49.91007989156218
1982-12-17,27.68,46.21,0.95,-0.89,576.44,27.35934611995933
1982-12-18,35.08,156.72,7.88,-7.91,347.26,20.726777363605557
1982-12-19,17.34,88.28,-4.04,-8.27,338.77,16.74723610979329
1982-12-20,17.79,18.09,0.7,1.44,675.76,12.800857699762789
1982-12-21,9.53,92.48,7.03,2.38,723.89,11.325111151474076
1982-12-22,20.01,90.0,-4.69,-8.88,321.76,11.374855417146728
1982-12-23,1.33,22.16,-5.83,-0.94,571.53,9.451410477804133
1982-12-24,1.29,95.11,-2.72,-5.98,392.65,8.05857103896984
1982-12-25,16.86,158.77,5.75,-10.03,295.56,7.627454069806844
1982-12-26,13.67,134.45,-4.88,-11.75,257.17,7.030522881735004
1982-12-27,0.0,106.51,-6.88,-10.62,276.54,6.433591693663164
1982-12-28,0.0,169.28,-7.05,-13.56,220.94,5.919567615045746
1982-12-29,0.0,172.02,-8.74,-15.1,197.4,5.5879391772280576
1982-12-30,0.0,193.73,-6.82,-14.97,199.05,5.2563107394103685
1982-12-31,0.0,209.38,-1.39,-12.36,241.09,4.991007989156217
1983-01-01,0.0,130.99,-0.69,-5.29,414.02,4.725705238902067
1983-01-02,16.57,16.05,-4.98,-1.28,559.37,5.057333676719756
1983-01-03,19.91,15.91,-5.4,-0.64,584.97,5.5879391772280576
1983-01-04,41.41,85.1,1.97,-1.95,534.35,7.3953141633344615
1983-01-05,55.84,147.37,1.47,-6.75,378.69,33.49447221958658
1983-01-06,13.83,37.96,0.83,0.14,616.88,16.74723610979329
1983-01-07,29.6,120.34,3.84,-2.05,532.28,23.8772475228736
1983-01-08,30.18,114.05,-0.42,-5.53,414.79,32.49958690613351
1983-01-09,23.7,18.18,-1.32,1.81,698.35,19.73189205015249
1983-01-10,27.15,144.68,5.14,-2.78,508.6,26.032832368688577
1983-01-11,8.7,167.09,0.55,-9.02,318.82,20.063520487970177
1983-01-12,0.0,134.34,-1.68,-6.17,389.8,15.089093920704842
1983-01-13,0.0,218.7,-2.29,-10.97,273.64,12.568717793290409
1983-01-14,0.0,159.64,-3.79,-9.14,309.43,10.695017119620466
1983-01-15,0.0,101.88,2.4,-0.64,586.11,9.617224696712977
1983-01-16,7.5,23.51,-3.24,-2.03,529.68,8.9539678210776
1983-01-17,10.96,33.97,-1.03,-1.67,544.31,10.612110010166045
1983-01-18,17.54,180.2,11.91,-2.12,531.39,34.15772909522195
1983-01-19,8.92,139.2,0.25,-5.43,421.17,25.535389711962043
1983-01-20,4.35,169.74,-1.06,-8.04,344.45,16.515096203320905
1983-01-21,0.0,26.79,-3.69,1.68,693.71,12.883764809217212
1983-01-22,0.0,161.64,5.37,0.66,639.32,10.9769012917655
1983-01-23,20.27,148.11,8.86,2.63,739.31,10.877412760420194
1983-01-24,16.48,98.67,8.67,4.83,866.54,17.244678766519822
1983-01-25,13.39,170.98,10.1,2.31,722.11,20.229334706879023
1983-01-26,28.19,201.8,10.76,-5.7,412.37,35.650057065401555
1983-01-27,20.63,133.1,-1.08,-5.77,410.02,33.16284378176889
1983-01-28,0.12,76.19,3.54,1.9,707.0,18.23956407997289
1983-01-29,0.0,168.23,1.34,-3.34,483.66,14.160534294815315
1983-01-30,14.7,26.31,-1.07,0.72,643.22,11.872298073873262
1983-01-31,15.16,208.11,0.86,-9.18,314.93,10.4462957912572
1983-02-01,0.0,294.54,10.74,-5.08,422.18,9.36850336834971
1983-02-02,0.0,206.72,6.73,0.28,622.27,8.456525164351067
1983-02-03,0.0,220.1,6.96,-0.11,603.82,7.76010544493392
1983-02-04,0.0,286.11,10.26,-0.56,589.08,7.246081366316502
1983-02-05,0.0,284.94,9.71,-0.7,583.45,6.715475865808199
1983-02-06,31.81,216.91,9.3,-2.0,532.7,6.798382975262622
1983-02-07,5.99,42.33,-2.92,-2.82,499.96,6.41701027177228
1983-02-08,4.38,47.66,-1.79,-2.46,513.45,5.985893302609283
1983-02-09,41.77,173.73,2.84,-3.56,473.62,6.8647086628261595
1983-02-10,26.4,103.04,7.41,3.91,805.32,7.925919663842764
1983-02-11,42.85,170.86,10.34,4.14,823.31,26.861903463232796
1983-02-12,40.51,227.72,5.22,-4.68,445.33,59.69311880718399
1983-02-13,20.58,27.12,-0.5,2.41,729.24,36.64494237885462
1983-02-14,13.61,236.74,7.63,-2.62,509.92,23.379804866147065
1983-02-15,11.2,150.3,10.15,5.1,888.01,20.726777363605557
1983-02-16,19.92,255.03,10.87,-2.9,500.5,25.86701814977973
1983-02-17,47.09,255.17,5.73,-6.27,394.79,37.63982769230769
1983-02-18,11.01,219.44,8.18,-0.16,605.78,29.846559403591996
1983-02-19,18.95,110.34,8.19,4.57,845.76,21.22422002033209
1983-02-20,26.77,157.95,-0.69,-5.66,412.99,24.70631861741782
1983-02-21,13.33,242.21,12.51,2.66,736.26,19.897706269061334
1983-02-22,31.87,282.38,8.41,-6.75,379.49,34.3235433141308
1983-02-23,36.88,225.03,5.26,-2.88,508.67,61.185446777363595
1983-02-24,6.91,220.83,2.52,-5.13,431.09,35.48424284649271
1983-02-25,8.44,274.05,9.24,-2.81,501.8,24.208875960691287
1983-02-26,11.6,301.27,12.41,-7.08,369.97,20.726777363605557
1983-02-27,5.04,211.76,0.49,-5.87,396.97,16.38244482819383
1983-02-28,9.96,299.26,10.58,-4.84,430.32,14.044464341579122
1983-03-01,12.58,97.05,-1.76,-4.73,436.08,12.4692292619451
1983-03-02,14.21,256.87,1.81,-7.4,361.83,11.772809542527956
1983-03-03,8.91,222.63,0.44,-6.74,379.09,10.9769012917655
1983-03-04,2.39,46.21,2.56,4.96,877.19,10.529202900711622
1983-03-05,10.29,171.54,7.86,2.57,738.01,10.197574462893932
1983-03-06,15.76,201.75,11.53,5.37,906.7,11.374855417146728
1983-03-07,19.14,66.27,6.04,4.63,850.55,17.9079356421552
1983-03-08,34.3,32.67,-0.67,4.12,822.38,33.82610065740427
1983-03-09,46.66,145.78,2.26,-1.54,558.95,59.69311880718399
1983-03-10,24.1,244.94,2.14,-4.73,444.21,37.47401347339884
1983-03-11,0.0,352.33,11.47,3.41,783.05,25.86701814977973
1983-03-12,15.28,351.96,11.02,-6.79,377.71,22.882362209420535
1983-03-13,16.75,231.76,10.61,3.69,795.67,27.35934611995933
1983-03-14,24.22,312.35,11.12,0.45,633.55,27.35934611995933
1983-03-15,7.47,138.99,5.65,1.72,687.71,19.068635174517112
1983-03-16,0.0,436.57,3.36,-7.67,348.78,14.85695401423246
1983-03-17,0.0,500.02,8.31,-9.83,299.85,12.436066418163334
1983-03-18,0.0,379.83,10.92,1.58,685.53,10.927157026092848
1983-03-19,0.0,481.02,16.04,0.58,636.74,9.915690290748897
1983-03-20,0.0,506.6,14.41,-4.4,444.67,9.169526305659097
1983-03-21,0.0,516.46,15.39,-6.68,382.34,8.622339383259911
1983-03-22,3.97,368.65,14.18,-2.64,509.57,8.47310658624195
1983-03-23,8.45,382.3,13.37,-6.43,391.9,9.40166621213148
1983-03-24,1.35,97.1,1.64,1.56,684.32,8.47310658624195
1983-03-25,3.55,354.18,12.21,-1.64,544.48,7.776686866824805
1983-03-26,7.71,216.23,9.29,2.9,752.53,7.6440354916977284
1983-03-27,10.87,48.73,1.67,3.54,792.59,7.876175398170111
1983-03-28,24.7,159.31,2.36,-1.85,536.86,7.942501085733649
1983-03-29,51.07,94.3,0.13,-2.05,531.82,12.883764809217212
1983-03-30,22.49,384.21,6.52,-6.94,373.62,15.984490702812602
1983-03-31,11.32,162.17,1.58,-2.6,508.85,13.115904715689595
1983-04-01,19.23,96.79,0.71,-1.14,566.19,11.325111151474076
1983-04-02,19.54,52.87,-0.01,0.99,657.41,10.462877213148083
1983-04-03,0.0,331.58,0.18,-6.15,390.06,9.202689149440866
1983-04-04,0.0,334.71,3.65,-2.89,494.05,8.191222414096915
1983-04-05,0.0,522.49,13.32,0.05,613.1,7.743524023043036
1983-04-06,0.0,564.13,17.64,-1.24,559.6,7.76010544493392
1983-04-07,0.0,451.62,3.34,-6.39,391.75,7.693779757370382
1983-04-08,0.0,84.86,0.48,1.74,696.64,7.163174256862079
1983-04-09,14.72,434.04,10.67,-8.41,335.74,6.715475865808199
1983-04-10,12.2,64.26,-2.07,-1.83,536.25,6.334103162317858
1983-04-11,10.29,61.64,-0.86,1.0,649.34,5.869823349373093
1983-04-12,0.0,374.54,0.94,-6.26,385.17,5.455287802100982
1983-04-13,0.0,396.7,6.47,-1.39,554.18,5.1734036299559465
1983-04-14,0.0,517.54,6.62,-5.06,423.39,5.0075894110471015
1983-04-15,0.0,368.06,9.28,1.67,692.68,4.957845145374448
1983-04-16,0.0,424.12,11.98,3.08,765.42,5.306055005083023
1983-04-17,0.0,588.17,23.35,3.85,804.01,6.068800412063706
1983-04-18,0.0,612.03,16.46,-4.91,437.67,7.262662788207386
1983-04-19,0.0,600.56,19.94,0.37,631.04,9.053456352422906
1983-04-20,0.0,592.66,9.25,-6.13,398.97,9.318759102677056
1983-04-21,0.0,499.62,4.25,-5.74,407.13,8.14147814842426
1983-04-22,1.67,314.98,4.87,-1.29,558.95,7.743524023043036
1983-04-23,7.12,381.25,4.77,-5.07,433.39,8.887642133514062
1983-04-24,12.55,399.66,5.44,-5.15,430.71,9.849364603185359
1983-04-25,0.0,130.92,2.91,2.17,716.86,8.2078038359878
1983-04-26,5.07,454.25,9.74,-6.52,387.67,7.345569897661809
1983-04-27,0.0,582.78,6.75,-6.65,379.31,6.798382975262622
1983-04-28,0.0,631.98,18.94,-3.18,487.58,6.897871506607928
1983-04-29,0.0,636.84,21.84,-3.22,488.59,7.461639850897999
1983-04-30,0.0,622.87,18.12,-2.44,519.12,8.307292367333106
1983-05-01,0.0,175.51,6.05,2.57,740.69,8.804735024059639
1983-05-02,7.69,57.54,3.39,5.38,898.73,8.357036633005759
1983-05-03,0.0,468.58,5.35,-4.57,449.22,8.091733882751608
1983-05-04,0.0,579.79,9.29,-5.65,409.4,7.892756820060995
1983-05-05,0.79,86.12,4.82,5.62,911.21,7.959082507624532
1983-05-06,18.77,138.26,9.57,6.07,938.71,7.859593976279226
1983-05-07,15.56,424.28,8.52,-5.03,435.16,10.41313294747543
1983-05-08,13.47,132.32,2.76,-0.48,592.53,8.92080497729583
1983-05-09,7.41,102.28,2.23,1.5,685.95,7.693779757370382
1983-05-10,0.0,428.22,4.68,-3.99,459.41,7.030522881735004
1983-05-11,0.0,657.09,17.11,-7.06,369.87,7.063685725516773
1983-05-12,0.0,489.79,12.22,1.11,663.17,7.594291226025074
1983-05-13,0.0,586.07,23.05,6.29,944.42,8.274129523551336
1983-05-14,18.17,476.5,17.12,-4.16,461.88,8.937386399186714
1983-05-15,30.44,55.83,2.91,5.59,915.59,8.556013695696372
1983-05-16,0.0,514.58,10.11,-1.83,539.71,7.992245351406301
1983-05-17,0.0,408.55,3.98,-4.21,459.94,8.091733882751608
1983-05-18,0.0,377.22,8.13,0.71,650.27,7.992245351406301
1983-05-19,0.0,639.18,11.47,-6.33,391.71,8.589176539478142
1983-05-20,0.0,663.53,22.1,-3.8,476.53,10.811087072856656
1983-05-21,0.0,659.38,21.8,-3.08,501.95,11.855716651982377
1983-05-22,0.0,662.92,20.44,-4.89,437.25,11.42459968281938
1983-05-23,0.0,616.4,27.01,6.06,934.88,14.177115716706199
1983-05-24,0.0,644.38,28.78,2.88,758.57,16.4156076719756
1983-05-25,0.0,458.08,15.69,3.73,805.67,15.768932218231107
1983-05-26,0.0,610.62,17.01,-1.98,544.57,13.911812966452048
1983-05-27,0.0,543.12,12.72,-2.2,530.36,13.895231544561165
1983-05-28,0.0,569.07,31.39,12.1,1413.78,16.913050328702134
1983-05-29,0.0,290.02,20.84,13.48,1543.29,21.22422002033209
1983-05-30,0.0,86.04,11.69,12.74,1466.5,18.73700673669942
1983-05-31,1.18,95.8,9.68,8.58,1126.6,14.624814107760077
1983-06-01,0.0,184.7,5.06,1.26,680.98,12.568717793290409
1983-06-02,0.0,64.57,4.85,7.88,1072.07,11.673321011182647
1983-06-03,0.0,68.23,4.58,8.15,1095.06,11.175878354456115
1983-06-04,0.0,80.11,6.07,8.36,1108.54,10.280481572348355
1983-06-05,0.0,528.88,17.47,4.52,846.78,9.865946025076244
1983-06-06,0.0,631.37,15.85,-3.15,497.76,10.031760243985088
1983-06-07,0.0,611.16,24.36,4.78,861.53,11.474343948492034
1983-06-08,0.0,447.81,23.01,11.33,1346.67,12.767694855981022
1983-06-09,19.57,92.97,13.34,11.34,1347.07,12.568717793290409
1983-06-10,33.95,208.76,6.12,0.32,637.72,17.9079356421552
1983-06-11,20.92,109.88,6.61,3.86,809.64,11.971786605218567
1983-06-12,17.17,163.94,7.28,2.83,755.22,10.031760243985088
1983-06-13,0.0,638.25,15.73,-3.38,491.27,9.36850336834971
1983-06-14,0.0,647.57,21.73,-1.19,576.21,9.783038915621821
1983-06-15,15.8,410.39,13.11,-0.56,602.84,10.9769012917655
1983-06-16,3.52,354.62,18.36,7.32,1036.65,10.031760243985088
1983-06-17,10.77,345.95,13.61,2.8,755.65,11.971786605218567
1983-06-18,13.27,55.12,4.59,6.63,977.65,11.374855417146728
1983-06-19,10.07,50.82,5.17,9.22,1177.88,9.948853134530667
1983-06-20,15.82,69.44,6.56,7.98,1078.14,8.788153602168755
1983-06-21,0.0,560.95,8.2,-3.3,493.37,8.2078038359878
1983-06-22,15.59,194.71,8.44,3.93,815.85,8.14147814842426
1983-06-23,9.61,76.12,6.08,6.39,963.13,8.14147814842426
1983-06-24,6.9,166.5,12.48,8.97,1157.21,7.6108726479159605
1983-06-25,4.34,69.95,9.4,10.01,1241.1,7.461639850897999
1983-06-26,0.0,144.94,9.18,7.95,1078.33,7.544546960352421
1983-06-27,0.0,650.64,20.72,0.55,649.75,7.843012554388341
1983-06-28,0.0,621.94,10.56,-1.85,549.84,8.05857103896984
1983-06-29,16.87,446.45,19.27,6.16,955.26,7.693779757370382
1983-06-30,10.25,375.88,18.4,9.3,1184.13,7.6108726479159605
1983-07-01,20.33,312.85,5.7,-0.72,599.17,11.772809542527956
1983-07-02,9.74,239.36,6.82,1.74,701.42,10.363388681802778
1983-07-03,0.0,624.33,16.56,0.77,658.34,8.2078038359878
1983-07-04,0.0,595.12,13.55,0.26,630.27,7.544546960352421
1983-07-05,0.0,558.74,11.19,-0.05,626.23,7.843012554388341
1983-07-06,0.0,638.48,15.52,-2.05,542.36,7.6108726479159605
1983-07-07,0.28,218.87,6.58,3.13,767.94,6.798382975262622
1983-07-08,3.01,372.33,7.73,-0.11,620.38,6.26777747475432
1983-07-09,5.41,82.86,8.36,9.01,1160.75,5.919567615045746
1983-07-10,0.0,622.71,21.03,3.69,804.19,5.853241927482208
1983-07-11,0.58,593.77,20.86,3.33,788.6,7.461639850897999
1983-07-12,33.89,50.23,9.78,10.99,1319.46,12.270252199254488
1983-07-13,45.13,196.26,6.94,2.78,763.72,18.57119251779058
1983-07-14,23.65,55.79,7.41,10.48,1278.05,12.568717793290409
1983-07-15,14.52,48.89,6.72,11.6,1367.63,9.7001318061674
1983-07-16,0.0,619.21,12.0,-1.49,564.76,8.539432273805488
1983-07-17,0.0,175.0,12.59,10.74,1299.03,8.290710945442223
1983-07-18,0.0,639.51,20.93,-0.44,610.12,8.373618054896644
1983-07-19,5.87,110.95,14.19,13.46,1544.89,8.2078038359878
1983-07-20,7.03,427.63,13.19,1.26,689.86,7.693779757370382
1983-07-21,0.0,184.78,12.52,9.89,1231.42,7.163174256862079
1983-07-22,0.0,561.69,21.09,8.01,1081.44,6.8647086628261595
1983-07-23,0.0,182.55,13.17,10.4,1272.05,6.9476157722805825
1983-07-24,0.0,113.09,9.72,9.15,1172.23,6.798382975262622
1983-07-25,0.0,142.42,10.6,8.97,1157.69,6.499917381226702
1983-07-26,13.1,318.94,20.37,12.3,1424.35,6.052218990172822
1983-07-27,28.95,456.99,20.36,0.95,674.95,6.350684584208742
1983-07-28,27.84,383.65,9.62,-0.12,622.95,6.201451787190782
1983-07-29,0.0,510.17,17.05,6.62,975.63,5.52161348966452
1983-07-30,0.0,579.9,28.61,10.53,1282.58,5.5879391772280576
1983-07-31,0.0,390.56,20.96,12.21,1428.29,5.985893302609283
1983-08-01,0.0,343.91,12.48,6.25,965.46,5.720590552355134
1983-08-02,0.0,562.82,18.14,4.43,844.97,5.123659364283293
1983-08-03,0.0,265.4,16.82,12.08,1406.77,4.659379551338528
1983-08-04,0.0,496.39,20.1,9.49,1198.9,4.377495379193493
1983-08-05,0.0,551.02,25.92,11.27,1341.36,4.311169691629956
1983-08-06,0.0,605.88,24.14,0.26,640.68,4.2614254259573014
1983-08-07,0.0,493.2,19.51,7.72,1066.17,4.311169691629956
1983-08-08,0.0,396.12,19.46,10.33,1266.75,4.493565332429684
1983-08-09,0.0,199.43,16.11,12.27,1421.99,4.2614254259573014
1983-08-10,0.0,108.83,11.81,11.76,1380.93,3.962959831921382
1983-08-11,24.77,339.7,9.96,1.21,687.24,3.7308199254489995
1983-08-12,0.0,513.11,14.74,3.03,779.62,3.565005706540155
1983-08-13,0.0,529.81,27.42,11.64,1371.32,3.565005706540155
1983-08-14,0.0,583.31,26.38,1.76,705.74,3.6147499722128087
1983-08-15,0.0,534.72,19.12,3.88,816.1,3.4157729095221954
1983-08-16,0.0,567.73,23.52,2.45,735.86,3.216795846831582
1983-08-17,0.0,582.1,24.36,-1.44,565.54,3.167051581158929
1983-08-18,0.0,497.84,24.61,9.27,1181.6,3.067563049813622
1983-08-19,0.0,511.33,24.64,8.01,1080.54,2.9680745184683155
1983-08-20,0.0,463.88,23.49,9.39,1191.28,2.8685859871230086
1983-08-21,0.0,565.72,25.36,-0.31,606.92,2.769097455777702
1983-08-22,0.0,557.58,23.11,-0.97,584.24,2.7193531901050485
1983-08-23,0.0,551.09,24.14,-0.72,598.99,2.7193531901050485
1983-08-24,0.0,107.4,10.78,8.18,1094.17,2.619864658759742
1983-08-25,0.0,75.36,9.83,9.83,1226.24,2.487213283632667
1983-08-26,0.0,258.68,18.02,10.39,1271.36,2.4043061741782443
1983-08-27,0.0,485.63,18.42,1.49,695.86,2.354561908505591
1983-08-28,18.06,230.93,20.27,10.64,1291.54,4.377495379193493
1983-08-29,18.77,239.74,18.63,9.21,1176.78,6.350684584208742
1983-08-30,17.37,190.77,11.12,4.05,835.72,6.350684584208742
1983-08-31,3.46,190.2,10.49,3.41,791.99,4.195099738393764
1983-09-01,19.17,358.2,20.74,2.27,739.98,6.649150178244661
1983-09-02,24.55,51.32,8.19,8.3,1104.47,7.013941459844119
1983-09-03,0.0,118.45,10.21,7.25,1028.46,4.609635285665875
1983-09-04,0.64,69.79,9.08,9.57,1205.7,3.846889878685191
1983-09-05,0.0,510.49,17.96,-3.52,485.74,3.3660286438495417
1983-09-06,0.0,453.6,14.16,-1.17,569.43,3.117307315486275
1983-09-07,0.0,318.84,9.64,0.23,625.87,2.8685859871230086
1983-09-08,16.63,282.43,12.91,0.84,652.71,2.769097455777702
1983-09-09,10.95,375.08,16.17,-2.28,524.54,2.619864658759742
1983-09-10,33.24,249.75,7.94,-2.45,526.72,4.9246823015926795
1983-09-11,21.07,187.83,7.67,0.14,632.18,4.493565332429684
1983-09-12,0.0,450.18,15.75,-1.86,544.23,3.4157729095221954
1983-09-13,0.0,149.35,11.55,7.8,1064.44,3.067563049813622
1983-09-14,0.0,477.92,21.56,-0.9,589.65,2.8188417214503554
1983-09-15,0.0,473.02,21.34,-0.82,585.96,2.6364460806506265
1983-09-16,0.0,470.95,20.39,-1.85,549.58,2.487213283632667
1983-09-17,0.0,429.06,19.12,2.0,709.44,2.354561908505591
1983-09-18,20.82,219.7,4.98,-4.01,468.07,3.067563049813622
1983-09-19,0.0,335.66,5.71,-5.27,417.36,2.5867018149779732
1983-09-20,0.0,475.86,16.4,-7.92,346.05,2.288236220942053
1983-09-21,0.0,471.79,20.17,-5.68,412.39,2.155584845814978
1983-09-22,0.0,432.32,24.91,4.75,860.07,2.0892591582514397
1983-09-23,0.0,421.54,22.14,3.02,765.88,2.0063520487970177
1983-09-24,0.0,442.43,21.58,-1.92,546.81,1.9566077831243642
1983-09-25,0.0,295.7,18.54,7.21,1016.94,1.8902820955608264
1983-09-26,0.0,432.75,19.92,-3.18,498.0,1.8405378298881734
1983-09-27,0.0,287.64,4.16,-6.37,392.35,1.8073749861064043
1983-09-28,0.0,425.9,12.57,-9.68,303.08,1.7410492985428665
1983-09-29,0.0,251.66,5.43,-4.47,441.22,1.6747236109793289
1983-09-30,0.0,124.03,6.76,2.48,729.93,1.608397923415791
1983-10-01,0.0,345.68,18.04,2.12,715.36,1.5586536577431376
1983-10-02,0.0,240.96,14.28,4.04,823.77,1.5089093920704844
1983-10-03,21.04,41.68,8.13,8.02,1084.29,1.5254908139613688
1983-10-04,26.34,161.23,4.59,-4.03,467.06,1.6913050328702133
1983-10-05,0.0,70.17,5.45,4.33,827.05,1.5254908139613688
1983-10-06,0.0,397.52,16.64,-7.69,354.56,1.459165126397831
1983-10-07,0.0,338.72,12.96,-3.61,472.16,1.4094208607251777
1983-10-08,0.0,346.3,9.59,-7.85,350.24,1.3596765950525243
1983-10-09,0.0,62.86,4.53,3.83,802.03,1.3265137512707557
1983-10-10,0.0,335.65,8.71,-8.11,338.17,1.2933509074889866
1983-10-11,0.0,371.45,13.43,-9.95,297.12,1.2601880637072178
1983-10-12,0.0,331.9,15.87,-2.61,506.1,1.2270252199254488
1983-10-13,0.0,353.39,14.82,-7.66,355.44,1.19386237614368
1983-10-14,0.0,344.78,14.99,-6.74,379.88,1.1772809542527956
1983-10-15,0.0,296.66,7.1,-8.55,333.09,1.1441181104710265
1983-10-16,0.0,299.16,10.89,-5.47,412.46,1.127536688580142
1983-10-17,17.14,53.45,2.88,1.49,691.81,1.2104437980345644
1983-10-18,0.0,176.05,10.6,1.97,705.78,1.127536688580142
1983-10-19,17.5,173.89,8.31,-3.35,487.05,1.127536688580142
1983-10-20,12.64,110.82,2.95,-3.87,471.4,1.5918165015249066
1983-10-21,7.58,149.74,8.17,-1.19,570.88,1.6913050328702133
1983-10-22,22.27,122.61,3.99,-3.33,492.88,4.991007989156217
1983-10-23,0.0,242.39,2.98,-8.53,332.91,2.354561908505591
1983-10-24,3.24,100.07,1.76,-4.16,451.68,1.8239564079972888
1983-10-25,0.0,213.07,12.75,2.63,741.49,1.6913050328702133
1983-10-26,0.0,131.04,7.95,2.06,710.35,1.5254908139613688
1983-10-27,2.88,173.72,3.97,-3.94,469.45,1.4923279701796
1983-10-28,0.0,150.0,2.22,-4.28,449.54,1.392839438834293
1983-10-29,0.0,290.68,13.54,-4.35,449.44,1.309932329379871
1983-10-30,39.06,191.87,11.39,-2.66,512.24,7.843012554388341
1983-10-31,24.63,22.54,2.81,7.22,1017.35,5.322636426973906
1983-11-01,32.3,105.15,13.83,7.34,1026.87,8.871060711623178
1983-11-02,28.0,24.56,3.18,4.27,832.9,35.31842862758386
1983-11-03,60.77,157.21,8.51,-1.92,546.93,38.46889878685191
1983-11-04,19.33,50.59,0.87,-1.97,536.04,23.711433303964753
1983-11-05,7.63,29.6,0.01,0.07,613.03,14.044464341579122
1983-11-06,20.19,69.46,-1.12,-4.92,433.29,14.160534294815315
1983-11-07,15.46,19.72,-1.0,5.06,884.49,12.369740730599794
1983-11-08,7.95,27.62,3.46,3.83,801.98,9.865946025076244
1983-11-09,18.73,180.67,6.56,-6.11,395.96,9.36850336834971
1983-11-10,23.82,150.57,12.31,2.95,757.15,28.354231433412398
1983-11-11,24.65,46.69,3.29,1.04,664.61,42.44844004066418
1983-11-12,22.26,190.35,12.69,-5.1,432.34,36.31331394103693
1983-11-13,21.9,55.33,8.68,5.99,928.73,31.504701592680444
1983-11-14,39.07,17.93,0.87,6.01,929.67,30.178187841409684
1983-11-15,78.11,89.1,11.9,7.49,1038.86,113.0852972958319
1983-11-16,56.64,28.54,5.68,5.18,884.16,78.26431132497457
1983-11-17,54.78,96.57,12.01,7.21,1016.93,60.19056146391053
1983-11-18,31.36,19.56,4.44,6.54,963.22,44.935653324296844
1983-11-19,33.03,162.84,7.67,-3.5,478.69,31.670515811589286
1983-11-20,47.31,90.22,-2.79,-6.83,376.77,28.354231433412398
1983-11-21,13.11,178.29,-1.27,-9.45,307.85,19.897706269061334
1983-11-22,25.16,158.91,4.57,-5.07,423.0,15.437303780413416
1983-11-23,11.29,144.81,1.69,-6.36,388.49,13.115904715689595
1983-11-24,43.37,163.35,7.5,-4.19,458.06,38.46889878685191
1983-11-25,8.5,155.05,8.83,-1.53,549.87,26.696089244323954
1983-11-26,7.16,108.71,8.97,3.23,777.78,18.73700673669942
1983-11-27,14.91,140.35,5.4,-2.98,498.77,17.742121423246356
1983-11-28,8.85,120.15,-1.71,-7.68,355.72,13.69625448187055
1983-11-29,0.0,124.53,2.22,-2.45,511.43,11.374855417146728
1983-11-30,0.0,220.03,5.42,-10.97,271.91,9.865946025076244
1983-12-01,0.0,193.31,6.89,-2.9,493.55,8.705246492714334
1983-12-02,21.39,165.85,5.79,-13.32,228.74,8.075152460860723
1983-12-03,5.33,124.64,-5.06,-11.67,258.67,7.544546960352421
1983-12-04,1.21,21.54,-6.39,-0.17,601.38,6.9476157722805825
1983-12-05,12.24,17.17,-7.31,-5.37,415.41,6.649150178244661
1983-12-06,0.0,134.58,-7.11,-12.53,241.78,6.1185446777363595
1983-12-07,7.68,128.4,5.36,-3.21,482.01,6.499917381226702
1983-12-08,23.44,17.67,-4.1,-0.43,592.5,9.119782039986445
1983-12-09,18.4,100.19,2.9,-2.94,498.36,9.865946025076244
1983-12-10,21.22,68.27,-2.06,-5.73,404.77,12.369740730599794
1983-12-11,6.14,25.09,2.59,2.29,721.2,10.363388681802778
1983-12-12,17.73,143.2,7.08,-4.5,441.03,8.622339383259911
1983-12-13,27.78,14.62,-2.2,3.94,806.68,10.77792422907489
1983-12-14,25.67,37.47,-2.84,-4.69,438.1,10.4462957912572
1983-12-15,0.0,148.22,-4.13,-10.63,279.94,8.456525164351067
1983-12-16,0.0,152.87,-5.06,-12.03,252.26,7.478221272788884
1983-12-17,0.0,134.3,-7.91,-13.72,218.91,6.649150178244661
1983-12-18,2.58,65.77,-8.63,-11.64,257.35,6.052218990172822
1983-12-19,4.63,88.32,-8.78,-13.53,221.79,5.654264864791595
1983-12-20,0.0,34.01,-5.32,-5.3,416.67,5.123659364283293
1983-12-21,0.0,204.05,-7.12,-21.72,112.75,4.6759609732294125
1983-12-22,0.0,85.16,-15.64,-19.01,140.58,4.493565332429684
1983-12-23,0.0,148.44,-15.8,-22.49,104.97,4.211681160284649
1983-12-24,0.0,174.65,-2.7,-10.98,271.4,4.095611207048457
1983-12-25,4.07,60.28,-1.59,-4.71,438.82,4.095611207048457
1983-12-26,11.18,21.62,-0.03,0.19,618.8,4.02928551948492
1983-12-27,18.26,98.3,-7.62,-12.52,242.43,3.797145613012537
1983-12-28,0.0,173.97,-8.03,-15.52,190.05,3.565005706540155
1983-12-29,25.34,150.07,3.11,-8.77,316.78,5.057333676719756
1983-12-30,27.01,20.04,-4.89,-3.37,480.12,11.573832479837343
1983-12-31,7.89,94.09,-3.73,-8.4,331.4,8.9539678210776
1984-01-01,11.58,114.93,-3.81,-10.32,287.79,7.096848569298542
1984-01-02,35.69,97.05,-3.02,-8.08,343.28,16.38244482819383
1984-01-03,56.54,135.15,2.95,-5.6,415.27,36.31331394103693
1984-01-04,49.37,156.32,11.7,-3.04,503.73,39.297969881396135
1984-01-05,24.41,159.81,10.59,-4.85,437.48,24.043061741782445
1984-01-06,21.16,88.34,-0.45,-4.88,438.59,18.57119251779058
1984-01-07,21.68,151.9,11.62,0.08,621.31,16.913050328702134
1984-01-08,29.4,63.74,7.07,3.81,804.48,15.205163873941036
1984-01-09,18.78,20.59,-0.16,1.07,660.81,12.668206324635715
1984-01-10,13.59,16.61,-0.19,3.93,810.68,11.573832479837343
1984-01-11,2.49,18.95,-0.37,4.03,816.22,10.031760243985088
1984-01-12,0.0,205.41,8.21,-2.15,532.38,8.788153602168755
1984-01-13,0.0,38.23,-1.48,-0.44,593.24,7.992245351406301
1984-01-14,0.0,180.26,-5.51,-12.87,233.92,7.328988475770925
1984-01-15,0.0,232.03,4.01,-9.58,295.24,6.798382975262622
1984-01-16,0.0,236.06,4.68,-9.05,306.73,6.350684584208742
1984-01-17,0.0,176.75,-0.66,-7.66,343.11,5.985893302609283
1984-01-18,0.0,244.29,3.61,-10.72,270.97,5.5879391772280576
1984-01-19,0.0,90.4,-7.92,-10.74,270.29,5.2563107394103685
1984-01-20,0.0,256.65,3.89,-15.92,181.74,5.057333676719756
1984-01-21,24.19,145.15,-5.97,-12.65,240.59,4.9246823015926795
1984-01-22,38.38,162.82,-2.04,-9.87,299.41,5.919567615045746
1984-01-23,34.51,33.69,-2.04,-2.61,510.28,6.499917381226702
1984-01-24,44.52,159.63,1.73,-5.6,415.98,13.928394388342932
1984-01-25,55.17,26.17,6.25,6.25,947.17,23.54561908505591
1984-01-26,17.96,23.08,-0.36,2.86,750.68,12.369740730599794
1984-01-27,27.04,100.0,-0.71,-4.73,438.71,9.865946025076244
1984-01-28,0.0,26.4,1.95,6.72,979.84,8.788153602168755
1984-01-29,0.0,39.96,0.19,1.27,672.18,8.14147814842426
1984-01-30,0.0,203.76,-1.61,-8.43,329.59,7.3953141633344615
1984-01-31,0.0,60.72,-1.11,-1.48,551.04,6.9476157722805825
1984-02-01,0.0,70.97,3.29,1.74,698.49,6.499917381226702
1984-02-02,0.0,296.87,10.56,-3.62,471.25,5.985893302609283
1984-02-03,0.0,306.76,9.99,-5.9,395.44,5.720590552355134
1984-02-04,0.0,172.89,-0.42,-5.24,417.13,5.654264864791595
1984-02-05,0.0,312.29,6.72,-7.0,366.0,5.853241927482208
1984-02-06,0.0,297.73,2.28,-8.12,341.77,5.786916239918671
1984-02-07,0.0,315.02,6.03,-7.89,345.01,5.786916239918671
1984-02-08,24.78,175.23,0.12,-6.46,389.71,13.115904715689595
1984-02-09,34.97,178.33,2.31,-4.63,441.71,14.508744154523887
1984-02-10,32.79,40.12,-2.68,-2.05,530.87,11.872298073873262
1984-02-11,41.07,62.37,-1.72,-2.53,513.38,9.865946025076244
1984-02-12,51.28,183.93,-0.48,-7.04,370.63,22.550733771602843
1984-02-13,28.97,39.8,-1.26,-1.38,559.05,17.742121423246356
1984-02-14,23.29,206.49,9.68,2.03,708.15,12.071275136563875
1984-02-15,35.91,47.4,-0.55,-0.66,588.28,10.031760243985088
1984-02-16,20.73,137.59,-1.81,-6.01,394.42,8.539432273805488
1984-02-17,0.0,318.65,7.8,-1.01,568.63,7.627454069806844
1984-02-18,12.62,282.72,7.34,-9.61,305.35,7.096848569298542
1984-02-19,30.74,232.95,6.98,-1.41,556.05,9.28559625889529
1984-02-20,41.16,250.35,7.78,-1.52,555.32,34.15772909522195
1984-02-21,26.73,50.21,-2.53,-3.18,488.68,18.73700673669942
1984-02-22,26.17,32.52,-3.55,0.4,628.5,12.668206324635715
1984-02-23,34.28,30.13,-4.38,1.13,663.94,10.280481572348355
1984-02-24,36.75,230.23,-2.82,-9.18,314.53,9.451410477804133
1984-02-25,0.0,270.01,-1.48,-7.37,358.38,8.456525164351067
1984-02-26,19.38,282.63,5.26,-5.94,397.99,7.693779757370382
1984-02-27,24.1,238.6,-1.59,-8.34,336.09,7.843012554388341
1984-02-28,18.96,301.62,5.38,-6.65,383.01,9.119782039986445
1984-02-29,8.61,248.0,7.63,0.07,614.06,9.28559625889529
1984-03-01,17.44,38.74,0.64,3.17,773.94,8.9539678210776
1984-03-02,6.48,237.82,-0.63,-7.76,349.3,8.290710945442223
1984-03-03,3.88,156.28,-1.02,-5.18,417.05,7.3953141633344615
1984-03-04,0.0,293.44,1.32,-4.84,428.63,6.715475865808199
1984-03-05,0.0,439.64,10.43,-2.0,532.95,6.41701027177228
1984-03-06,0.0,466.87,14.92,-4.23,454.66,6.881290084717044
1984-03-07,0.0,479.06,16.43,-8.65,328.89,7.3953141633344615
1984-03-08,0.0,269.92,5.19,-0.44,593.98,7.925919663842764
1984-03-09,6.13,362.11,17.48,-6.22,397.42,8.539432273805488
1984-03-10,6.97,138.69,6.68,3.07,763.05,9.28559625889529
1984-03-11,2.85,346.32,12.49,2.18,717.03,8.788153602168755
1984-03-12,29.89,301.61,3.33,-6.16,397.42,10.77792422907489
1984-03-13,8.79,54.58,1.49,1.12,663.7,10.363388681802778
1984-03-14,8.7,104.58,-0.66,-3.14,493.76,9.534317587258556
1984-03-15,12.03,208.61,3.32,-2.41,520.17,11.175878354456115
1984-03-16,8.55,282.69,10.98,2.69,744.66,11.971786605218567
1984-03-17,27.59,136.44,0.66,-2.66,508.26,15.205163873941036
1984-03-18,17.47,47.55,0.51,1.86,702.7,13.928394388342932
1984-03-19,11.05,369.21,9.0,-4.08,462.3,11.971786605218567
1984-03-20,26.96,271.96,3.07,-4.17,462.13,24.70631861741782
1984-03-21,35.85,355.66,12.53,1.02,662.55,25.701203930870886
1984-03-22,15.7,50.87,0.64,1.6,690.65,15.669443686885797
1984-03-23,6.91,49.42,1.05,2.77,747.47,13.115904715689595
1984-03-24,2.39,299.76,2.08,-4.37,448.64,10.77792422907489
1984-03-25,14.6,400.8,8.0,-8.05,344.34,9.7001318061674
1984-03-26,8.04,276.48,0.07,-6.76,379.67,8.705246492714334
1984-03-27,0.0,501.31,2.3,-9.07,314.78,8.075152460860723
1984-03-28,19.79,313.82,5.06,-3.47,479.58,7.544546960352421
1984-03-29,16.6,107.65,0.51,-0.94,572.08,6.9476157722805825
1984-03-30,0.0,440.23,4.07,-5.1,422.37,6.649150178244661
1984-03-31,0.0,578.49,11.77,-8.27,337.84,6.350684584208742
1984-04-01,4.32,537.71,16.56,-7.51,359.47,6.052218990172822
1984-04-02,0.29,414.25,1.62,-6.8,375.41,5.919567615045746
1984-04-03,6.71,282.83,5.48,-2.24,526.6,5.985893302609283
1984-04-04,0.0,193.52,1.49,-1.57,547.13,5.5879391772280576
1984-04-05,3.25,457.45,12.33,-7.97,345.81,5.2563107394103685
1984-04-06,0.08,170.7,0.66,-0.89,579.1,4.991007989156217
1984-04-07,16.4,427.37,5.69,-8.4,334.09,5.189985051846831
1984-04-08,1.39,280.94,1.39,-2.94,498.53,4.991007989156217
1984-04-09,17.12,111.6,1.13,-0.44,593.72,5.057333676719756
1984-04-10,37.72,159.71,-2.05,-4.59,441.38,5.322636426973906
1984-04-11,32.15,401.67,9.79,-0.87,579.94,6.1185446777363595
1984-04-12,53.45,272.73,-0.43,-6.27,389.37,8.224385257878684
1984-04-13,24.11,320.08,0.6,-6.95,369.57,7.3953141633344615
1984-04-14,18.4,426.57,11.39,-2.4,519.4,7.478221272788884
1984-04-15,0.0,617.43,23.16,1.86,704.14,10.363388681802778
1984-04-16,0.0,496.33,2.69,-6.57,385.53,9.36850336834971
1984-04-17,0.0,631.14,10.22,-8.36,332.73,7.925919663842764
1984-04-18,19.16,390.31,3.64,-6.89,373.8,8.224385257878684
1984-04-19,16.52,161.34,2.44,-0.78,585.34,7.776686866824805
1984-04-20,10.18,362.18,2.4,-6.55,384.48,7.096848569298542
1984-04-21,10.69,297.21,2.79,-4.27,459.35,6.9476157722805825
1984-04-22,0.73,611.04,10.85,-5.66,406.08,6.798382975262622
1984-04-23,10.74,229.48,1.41,-4.23,452.28,6.201451787190782
1984-04-24,3.0,282.22,4.0,-2.94,494.6,5.786916239918671
1984-04-25,3.0,204.33,1.45,-2.8,509.03,5.322636426973906
1984-04-26,0.0,633.43,4.17,-11.4,265.71,5.057333676719756
1984-04-27,0.0,660.12,11.36,-9.56,304.96,4.792030926465604
1984-04-28,0.0,658.4,17.89,-5.47,418.09,4.725705238902067
1984-04-29,15.14,379.99,14.92,4.53,842.59,4.609635285665875
1984-04-30,35.77,85.39,1.78,0.88,658.35,5.2563107394103685
1984-05-01,40.89,331.18,4.31,-4.01,463.44,7.992245351406301
1984-05-02,37.41,289.85,1.04,-5.57,415.67,10.280481572348355
1984-05-03,21.53,227.33,1.08,-4.0,464.14,7.992245351406301
1984-05-04,19.83,321.87,5.57,-2.32,522.55,6.881290084717044
1984-05-05,22.37,102.62,1.06,0.55,641.83,6.052218990172822
1984-05-06,20.87,369.19,2.37,-7.08,367.38,5.5879391772280576
1984-05-07,0.0,648.1,7.54,-7.61,352.26,5.388962114537445
1984-05-08,17.57,490.15,13.4,-4.16,461.92,7.544546960352421
1984-05-09,9.36,390.1,13.09,2.52,737.43,7.776686866824805
1984-05-10,3.08,170.83,7.36,3.94,812.77,7.179755678752963
1984-05-11,20.91,302.23,3.79,-3.35,487.53,9.865946025076244
1984-05-12,3.15,253.28,4.51,-0.69,589.12,9.783038915621821
1984-05-13,5.73,430.53,9.07,-2.96,504.76,9.7001318061674
1984-05-14,12.41,85.85,2.98,2.62,741.64,9.948853134530667
1984-05-15,0.16,527.31,3.07,-6.29,394.66,8.456525164351067
1984-05-16,3.0,85.66,2.96,3.6,801.11,7.693779757370382
1984-05-17,0.0,583.85,5.6,-5.03,430.0,7.179755678752963
1984-05-18,0.0,684.63,18.36,-3.39,486.75,7.030522881735004
1984-05-19,21.78,414.17,9.21,-1.22,571.93,15.4538852023043
1984-05-20,11.13,129.93,3.59,1.88,706.69,14.160534294815315
1984-05-21,0.66,311.0,6.8,1.56,689.62,9.63380611860386
1984-05-22,18.04,250.64,2.51,-2.74,506.38,9.716713228058284
1984-05-23,31.84,168.6,2.74,-0.64,587.87,12.05469371467299
1984-05-24,19.78,114.9,3.99,2.77,750.17,9.849364603185359
1984-05-25,27.22,469.31,11.99,-1.02,571.9,8.970549242968485
1984-05-26,31.16,397.61,4.0,-4.72,444.36,11.026645557438156
1984-05-27,0.0,653.81,7.8,-5.42,421.1,10.695017119620466
1984-05-28,0.0,386.05,13.21,6.68,979.46,11.971786605218567
1984-05-29,0.0,696.72,26.74,-3.38,491.17,16.05081639037614
1984-05-30,0.0,692.17,22.04,-2.5,523.59,16.001072124703487
1984-05-31,1.97,307.97,3.75,-1.4,558.11,11.01006413554727
1984-06-01,0.0,626.39,4.89,-7.56,356.92,9.003712086750253
1984-06-02,0.0,573.64,5.58,-5.04,434.55,8.340455211114875
1984-06-03,19.92,167.84,11.97,8.27,1101.34,8.224385257878684
1984-06-04,26.59,63.65,4.62,5.93,931.85,8.904223555404945
1984-06-05,21.14,487.06,15.41,-0.45,600.97,9.617224696712977
1984-06-06,22.49,202.8,5.1,0.74,649.09,9.567480431040323
1984-06-07,0.0,429.98,8.24,1.4,684.16,9.036874930532022
1984-06-08,20.71,56.68,3.88,7.28,1027.08,8.456525164351067
1984-06-09,21.89,79.66,5.29,5.9,938.35,8.008826773297185
1984-06-10,0.0,662.62,14.18,-1.07,577.21,7.942501085733649
1984-06-11,0.0,543.11,18.22,8.1,1088.33,8.174640992206031
1984-06-12,0.0,664.5,18.81,1.49,687.13,8.887642133514062
1984-06-13,0.0,677.4,22.65,1.66,695.98,10.479458635038968
1984-06-14,0.0,642.66,22.62,5.92,935.52,13.464114575398167
1984-06-15,0.0,661.42,21.12,2.26,726.32,14.210278560487968
1984-06-16,0.0,518.01,8.09,-1.98,544.39,12.004949449000337
1984-06-17,0.0,648.3,9.29,-5.97,404.27,10.081504509657742
1984-06-18,0.0,691.69,19.13,-4.59,446.78,9.4845733215859
1984-06-19,0.0,675.61,16.07,-4.13,460.86,9.749876071840053
1984-06-20,17.81,493.13,20.14,-0.37,612.45,11.01006413554727
1984-06-21,25.46,51.71,3.6,5.65,919.24,11.789390964418839
1984-06-22,0.0,350.83,7.97,1.02,674.78,11.706483854964416
1984-06-23,0.0,362.4,13.58,5.64,915.55,11.822553808200608
1984-06-24,0.0,671.41,26.03,1.68,705.29,12.900346231108097
1984-06-25,0.0,601.48,16.61,0.26,630.0,12.751113434090136
1984-06-26,7.99,499.72,25.8,0.64,660.23,13.165648981362247
1984-06-27,0.0,371.33,12.48,4.07,827.69,11.739646698746187
1984-06-28,17.52,435.21,19.32,3.79,815.65,11.242204042019653
1984-06-29,35.46,101.43,8.0,5.93,933.02,13.149067559471364
1984-06-30,18.94,99.6,6.41,6.09,958.2,10.114667353439511
1984-07-01,0.0,300.78,7.52,1.85,713.49,9.783038915621821
1984-07-02,0.0,409.87,8.63,0.51,649.72,9.7001318061674
1984-07-03,0.0,652.82,19.93,-0.0,624.95,9.716713228058284
1984-07-04,0.0,665.73,23.6,-0.04,628.17,10.313644416130122
1984-07-05,0.0,654.16,21.89,0.18,636.82,10.230737306675701
1984-07-06,0.0,662.03,20.67,-2.54,518.72,8.92080497729583
1984-07-07,0.0,626.91,14.67,-4.2,460.46,8.041989617078956
1984-07-08,0.0,644.06,22.29,-0.48,599.3,7.925919663842764
1984-07-09,0.0,618.59,22.18,1.22,676.16,8.008826773297185
1984-07-10,0.0,654.15,21.1,-3.66,480.56,8.091733882751608
1984-07-11,0.0,595.31,21.93,2.08,714.45,8.041989617078956
1984-07-12,0.0,456.4,13.01,0.57,647.63,7.72694260115215
1984-07-13,0.0,624.55,19.49,-2.31,532.06,7.3953141633344615
1984-07-14,0.0,326.38,13.8,5.03,875.95,7.478221272788884
1984-07-15,0.0,623.68,28.79,4.84,865.65,7.975663929515417
1984-07-16,0.0,538.36,30.7,12.07,1405.84,8.556013695696372
1984-07-17,0.0,640.19,30.04,2.91,763.7,8.688665070823447
1984-07-18,0.0,619.85,25.81,2.24,724.13,8.05857103896984
1984-07-19,0.0,642.38,24.23,-1.84,545.58,7.378732741443577
1984-07-20,0.0,509.21,15.46,-0.08,618.22,6.7818015533717375
1984-07-21,0.0,448.02,9.55,-3.41,488.28,6.151707521518128
1984-07-22,0.0,213.38,14.84,8.87,1149.55,5.886404771263978
1984-07-23,0.0,656.49,30.75,-1.69,555.2,6.101963255845475
1984-07-24,0.0,529.39,30.94,11.23,1338.67,6.483335959335817
1984-07-25,0.0,619.9,30.48,3.32,790.45,6.665731600135546
1984-07-26,0.0,332.33,11.85,2.06,720.73,5.853241927482208
1984-07-27,0.0,571.57,21.62,0.85,661.01,5.405543536428328
1984-07-28,0.0,197.76,16.67,10.81,1304.88,5.107077942392409
1984-07-29,0.0,250.56,16.95,9.35,1188.14,4.991007989156217
1984-07-30,0.0,586.99,26.2,2.54,741.07,5.090496520501524
1984-07-31,0.0,552.16,27.31,5.69,922.55,5.090496520501524
1984-08-01,0.0,561.1,23.78,1.59,696.15,4.941263723483564
1984-08-02,0.0,380.96,17.52,4.77,866.7,4.5598910199932225
1984-08-03,0.0,526.43,19.31,0.11,626.26,4.2614254259573014
1984-08-04,0.0,533.53,17.53,-1.87,549.51,3.979541253812266
1984-08-05,0.0,595.36,24.24,-1.21,574.76,3.896634144357844
1984-08-06,0.0,99.03,9.99,9.1,1169.19,3.714238503558115
1984-08-07,0.0,379.17,13.21,1.14,675.1,3.5318428627583867
1984-08-08,0.0,397.69,26.05,12.24,1423.22,3.7474013473398844
1984-08-09,0.0,496.35,28.88,10.35,1267.62,3.846889878685191
1984-08-10,0.0,581.37,26.92,2.37,735.24,3.7308199254489995
1984-08-11,0.0,408.04,23.41,9.51,1201.09,3.4655171751948486
1984-08-12,0.0,128.69,14.05,10.52,1281.77,3.249958690613351
1984-08-13,25.63,93.93,9.11,7.44,1057.41,3.117307315486275
1984-08-14,0.0,399.11,11.14,-1.1,579.44,2.8685859871230086
1984-08-15,0.0,321.08,20.16,9.94,1235.27,2.7525160338868173
1984-08-16,0.0,581.97,26.22,1.32,688.26,2.7359346119959334
1984-08-17,0.0,175.38,14.23,9.2,1175.72,2.785678877668586
1984-08-18,0.0,487.76,23.51,7.0,1010.36,2.6696089244323953
1984-08-19,0.0,432.92,13.64,0.53,646.98,2.5203761274144356
1984-08-20,0.0,270.97,16.37,8.25,1100.17,2.4208875960691287
1984-08-21,0.0,509.97,26.43,7.55,1044.65,2.3379804866147063
1984-08-22,0.0,527.42,24.39,4.01,835.82,2.3213990647238223
1984-08-23,0.0,427.45,18.84,5.48,908.44,2.255073377160284
1984-08-24,0.0,377.16,11.68,0.71,656.99,2.1887476895967466
1984-08-25,0.0,514.21,20.36,2.41,733.68,2.1058405801423246
1984-08-26,0.0,452.96,24.84,9.21,1173.29,2.0892591582514397
1984-08-27,18.5,399.99,25.81,3.84,816.36,2.4043061741782443
1984-08-28,0.0,366.13,9.11,-2.18,531.3,2.155584845814978
1984-08-29,0.0,467.0,11.99,-3.26,490.47,1.9566077831243642
1984-08-30,0.0,456.69,22.96,7.14,1019.3,1.8737006736699422
1984-08-31,0.0,353.46,9.75,-0.28,616.56,1.8239564079972888
1984-09-01,0.0,161.74,10.59,6.28,954.87,1.9731892050152489
1984-09-02,0.0,282.31,11.94,3.77,805.17,1.8239564079972888
1984-09-03,0.0,340.73,12.43,2.35,726.5,1.7410492985428665
1984-09-04,20.81,410.1,24.07,-1.83,550.17,2.155584845814978
1984-09-05,56.09,170.28,14.96,8.72,1137.37,5.405543536428328
1984-09-06,28.07,45.55,5.38,7.76,1066.92,3.7805641911216528
1984-09-07,18.84,50.23,7.45,9.01,1160.82,2.437469017960013
1984-09-08,28.09,93.76,7.68,5.46,912.74,2.7359346119959334
1984-09-09,0.0,59.87,8.05,10.47,1277.62,2.2716547990511686
1984-09-10,0.0,506.29,16.9,-0.89,586.4,2.022933470687902
1984-09-11,6.81,186.11,11.27,4.69,871.28,1.8902820955608264
1984-09-12,6.65,77.63,6.97,5.97,943.96,1.8073749861064043
1984-09-13,0.0,383.13,8.32,-2.59,513.78,1.7078864547610977
1984-09-14,0.0,406.46,11.82,-0.98,579.49,1.6249793453066754
1984-09-15,0.0,521.63,25.24,-3.31,492.43,1.5752350796340222
1984-09-16,0.0,435.16,14.13,0.22,636.62,1.5918165015249066
1984-09-17,0.0,282.5,11.96,3.76,816.74,1.608397923415791
1984-09-18,0.0,438.03,24.29,8.22,1098.07,1.608397923415791
1984-09-19,0.0,384.01,22.57,9.82,1225.27,1.5586536577431376
1984-09-20,21.5,247.27,20.81,10.57,1285.91,1.4757465482887153
1984-09-21,0.0,71.43,6.46,7.16,1013.25,1.426002282616062
1984-09-22,5.97,45.53,4.6,6.7,975.94,1.426002282616062
1984-09-23,0.0,128.12,4.32,1.69,693.28,1.392839438834293
1984-09-24,0.0,444.22,10.64,-4.71,442.43,1.3430951731616398
1984-09-25,0.0,403.61,6.93,-4.85,440.16,1.2601880637072178
1984-09-26,0.0,67.86,7.18,7.57,1049.06,1.2270252199254488
1984-09-27,0.0,219.56,8.91,3.19,774.6,1.1772809542527956
1984-09-28,0.0,460.61,16.29,-4.14,460.56,1.1441181104710265
1984-09-29,0.0,454.68,19.69,-2.1,536.37,1.127536688580142
1984-09-30,0.0,456.59,22.11,-4.79,442.01,1.127536688580142
1984-10-01,0.0,76.91,7.53,7.18,1014.87,1.1109552666892577
1984-10-02,0.0,434.22,20.22,-0.93,576.78,1.1109552666892577
1984-10-03,0.0,400.12,19.82,3.49,789.46,1.1109552666892577
1984-10-04,8.51,130.28,8.23,4.21,863.34,1.8405378298881734
1984-10-05,0.0,258.2,5.74,-1.94,538.55,1.608397923415791
1984-10-06,18.98,83.06,4.97,2.1,718.28,2.2716547990511686
1984-10-07,27.02,188.6,6.9,-0.53,605.16,22.882362209420535
1984-10-08,32.11,212.86,11.75,2.37,742.47,26.696089244323954
1984-10-09,27.1,71.1,13.61,10.83,1306.45,26.696089244323954
1984-10-10,58.58,67.94,7.53,5.13,885.23,29.68074518468315
1984-10-11,16.6,142.03,3.08,-2.43,528.36,16.581421890884446
1984-10-12,22.66,33.04,3.98,6.37,963.01,23.711433303964753
1984-10-13,13.9,36.7,1.52,2.51,732.6,19.897706269061334
1984-10-14,5.81,223.17,0.65,-8.57,331.24,12.038112292782106
1984-10-15,0.0,318.47,0.6,-9.24,314.08,8.672083648932563
1984-10-16,0.0,308.98,5.12,-4.69,435.22,7.328988475770925
1984-10-17,0.0,194.6,5.24,-0.57,586.96,6.334103162317858
1984-10-18,0.0,98.37,0.36,-1.57,547.05,5.621102021009826
1984-10-19,0.0,160.04,3.84,-0.77,579.08,5.107077942392409
1984-10-20,0.0,148.97,5.03,1.13,668.08,4.659379551338528
1984-10-21,0.0,351.35,13.04,-5.88,401.71,4.360913957302609
1984-10-22,0.0,336.25,13.38,-2.74,502.96,4.045866941375804
1984-10-23,20.51,54.82,1.62,0.1,615.96,3.9132155662487285
1984-10-24,8.32,32.85,1.62,2.53,740.25,3.8303084567943064
1984-10-25,37.66,169.27,4.38,-2.7,513.76,7.478221272788884
1984-10-26,27.16,25.78,-0.19,3.8,802.99,5.52161348966452
1984-10-27,10.42,27.82,-1.38,1.76,695.45,4.6759609732294125
1984-10-28,9.2,34.96,-1.71,-0.21,606.27,4.510146754320568
1984-10-29,0.01,48.62,-1.38,-0.39,593.9,4.045866941375804
1984-10-30,12.17,203.31,-2.77,-10.48,283.73,4.161936894611995
1984-10-31,0.0,167.99,0.44,-3.84,462.52,3.7805641911216528
1984-11-01,29.12,60.74,-2.28,-4.13,451.37,4.1453554727211115
1984-11-02,70.07,25.06,-0.17,3.23,773.96,32.49958690613351
1984-11-03,41.79,38.68,-0.13,-0.58,590.19,36.31331394103693
1984-11-04,20.15,22.16,0.52,5.61,910.67,23.379804866147065
1984-11-05,3.47,25.97,-0.35,3.27,780.2,14.608232685869194
1984-11-06,13.36,95.07,2.98,-0.09,610.77,16.913050328702134
1984-11-07,32.25,20.26,-1.05,4.97,877.37,16.913050328702134
1984-11-08,13.21,47.67,-1.51,-2.45,514.03,12.50239210572687
1984-11-09,14.23,20.15,-1.3,3.51,791.4,10.529202900711622
1984-11-10,35.07,97.3,5.71,2.42,731.75,17.078864547610976
1984-11-11,20.2,144.34,8.29,2.74,744.29,22.053291114876313
1984-11-12,17.55,21.48,3.47,5.05,879.91,30.509816279227376
1984-11-13,20.0,19.82,-0.12,4.85,868.8,22.219105333785155
1984-11-14,2.72,36.89,-1.76,0.08,612.05,13.580184528634359
1984-11-15,0.0,147.34,-3.25,-7.34,356.14,10.214155884784818
1984-11-16,0.0,145.69,-0.11,-4.14,452.92,8.539432273805488
1984-11-17,26.88,182.01,5.95,-5.93,400.05,9.584061852931208
1984-11-18,38.38,24.96,-1.31,-1.12,571.61,24.70631861741782
1984-11-19,37.3,17.72,-1.11,2.31,723.43,19.068635174517112
1984-11-20,27.11,21.33,-1.57,0.4,632.61,14.873535436123344
1984-11-21,0.0,220.97,-3.43,-10.05,294.65,10.910575604201965
1984-11-22,0.0,235.49,2.3,-10.62,279.71,8.83789786784141
1984-11-23,36.57,153.99,-1.83,-7.91,348.86,14.027882919688238
1984-11-24,29.71,21.96,-0.04,1.39,676.99,10.678435697729581
1984-11-25,32.37,20.06,-5.63,-2.76,503.7,8.688665070823447
1984-11-26,20.02,21.67,-2.12,0.05,611.02,7.76010544493392
1984-11-27,60.66,114.62,0.08,-4.18,454.09,8.721827914605218
1984-11-28,36.62,16.7,-2.4,3.59,792.23,11.325111151474076
1984-11-29,19.24,93.67,-2.34,-5.72,404.55,9.716713228058284
1984-11-30,24.4,17.14,-4.48,1.16,656.27,8.041989617078956
1984-12-01,0.0,47.94,-2.02,-2.06,528.0,7.080267147407658
1984-12-02,0.0,197.1,5.45,-3.4,478.52,6.383847427990511
1984-12-03,0.0,101.83,1.45,-1.73,542.25,5.836660505591324
1984-12-04,0.0,165.03,0.98,-5.09,423.57,5.438706380210097
1984-12-05,0.0,41.27,-6.0,-4.75,433.73,5.140240786174178
1984-12-06,0.0,32.76,-6.03,-4.45,441.1,4.9246823015926795
1984-12-07,30.11,68.63,-1.94,-4.63,436.01,12.4692292619451
1984-12-08,37.71,57.81,-2.26,-3.7,476.48,20.229334706879023
1984-12-09,0.0,145.59,-2.79,-7.68,348.89,10.960319869874617
1984-12-10,23.68,14.95,-5.45,0.31,623.14,8.307292367333106
1984-12-11,6.73,14.71,-7.58,-1.91,533.79,7.246081366316502
1984-12-12,17.93,151.32,3.34,-9.02,316.57,6.566243068790239
1984-12-13,19.08,63.97,0.95,-1.45,554.43,5.919567615045746
1984-12-14,63.09,117.91,8.46,2.56,732.97,15.238326717722805
1984-12-15,30.58,18.75,-0.57,0.48,629.43,11.557251057946456
1984-12-16,20.15,14.04,-5.75,0.69,638.14,8.240966679769569
1984-12-17,22.97,14.66,-4.67,-1.44,553.35,7.047104303625888
1984-12-18,0.27,102.49,-10.06,-13.23,225.2,6.1185446777363595
1984-12-19,0.0,135.22,-10.05,-14.77,196.8,5.654264864791595
1984-12-20,19.1,121.87,-3.77,-9.14,305.78,5.289473583192137
1984-12-21,23.26,132.58,-7.1,-13.16,230.53,4.957845145374448
1984-12-22,25.67,88.27,-4.3,-7.81,348.4,5.156822208065061
1984-12-23,0.0,19.97,-3.15,3.3,779.03,5.024170832937986
1984-12-24,0.0,63.11,-5.02,-6.37,382.17,4.62621670755676
1984-12-25,0.0,20.98,-5.94,-1.04,569.15,4.443821066757031
1984-12-26,0.82,19.64,-6.1,0.53,631.76,4.244844004066417
1984-12-27,12.64,14.53,-7.29,0.01,610.41,4.079029785157573
1984-12-28,0.78,19.77,-8.19,-1.02,568.44,3.88005272246696
1984-12-29,21.71,14.7,-7.97,-0.01,608.74,3.7805641911216528
1984-12-30,42.94,148.27,2.91,-5.97,395.17,3.7474013473398844
1984-12-31,32.33,81.49,-2.53,-2.99,501.95,3.399191487631311
1985-01-01,0.0,149.33,-5.24,-10.97,268.12,3.2831215343951197
1985-01-02,0.0,39.95,-7.84,-7.89,337.41,3.2831215343951197
1985-01-03,0.0,219.47,1.29,-11.03,268.73,3.332865800067773
1985-01-04,0.0,181.42,0.88,-6.73,371.44,3.3826100657404266
1985-01-05,0.0,23.92,-4.58,-0.22,604.35,3.448935753303964
1985-01-06,0.0,52.33,-2.75,-4.19,449.35,3.4323543314130798
1985-01-07,0.0,27.1,-3.03,-0.13,603.89,3.448935753303964
1985-01-08,0.0,89.68,-3.6,-6.71,372.59,3.482098597085733
1985-01-09,0.0,196.1,0.56,-7.52,350.64,3.3826100657404266
1985-01-10,0.0,234.84,2.53,-10.52,283.22,3.3162843781768885
1985-01-11,0.0,147.95,-7.4,-12.45,243.53,3.2665401125042353
1985-01-12,0.0,66.63,-0.94,-2.36,518.21,3.2665401125042353
1985-01-13,0.0,92.69,-1.77,-4.79,431.1,3.3494472219586577
1985-01-14,9.0,145.01,0.75,-6.46,380.87,4.808612348356489
1985-01-15,9.1,66.35,-2.15,-4.47,442.07,5.52161348966452
1985-01-16,0.0,258.35,6.35,-10.55,281.48,4.891519457810911
1985-01-17,0.0,219.96,7.43,-1.36,552.51,5.803497661809556
1985-01-18,0.0,241.79,8.37,-2.52,509.92,6.566243068790239
1985-01-19,19.01,81.76,4.88,1.37,677.39,6.101963255845475
1985-01-20,21.13,183.37,1.46,-8.55,332.13,5.687427708573364
1985-01-21,0.0,211.81,-2.16,-9.31,310.3,5.1734036299559465
1985-01-22,0.0,269.09,2.4,-10.32,287.69,4.77544950457472
1985-01-23,0.0,269.49,7.34,-5.31,415.56,4.576472441884106
1985-01-24,0.0,198.8,-4.44,-10.59,279.99,4.460402488647915
1985-01-25,0.0,73.04,-2.25,-3.93,460.2,4.178518316502879
1985-01-26,0.0,290.99,2.64,-11.83,252.84,3.962959831921382
1985-01-27,0.0,217.39,-1.23,-7.93,338.77,3.813727034903422
1985-01-28,0.0,228.96,-3.53,-10.47,283.68,3.5815871284310394
1985-01-29,0.0,195.67,-5.13,-10.74,277.34,3.3826100657404266
1985-01-30,0.0,49.05,-6.23,-5.32,414.83,3.2333772687224664
1985-01-31,0.0,87.26,-4.98,-6.55,375.22,3.100725893595391
1985-02-01,25.85,213.28,-2.48,-12.41,244.92,3.0509816279227375
1985-02-02,20.62,176.39,-7.31,-13.82,217.26,2.8685859871230086
1985-02-03,0.0,285.39,-8.18,-16.83,168.99,2.702771768214164
1985-02-04,0.0,310.09,-8.61,-19.12,143.67,2.6032832368688577
1985-02-05,4.62,92.73,0.42,-2.75,500.33,2.5867018149779732
1985-02-06,7.33,110.47,-5.99,-9.75,296.37,2.5867018149779732
1985-02-07,17.1,26.04,-6.21,-0.31,597.88,2.5203761274144356
1985-02-08,4.97,117.08,-6.62,-10.42,283.15,2.38772475228736
1985-02-09,9.27,193.89,-6.33,-12.93,234.47,2.354561908505591
1985-02-10,25.59,62.71,-0.46,-0.77,578.08,2.437469017960013
1985-02-11,45.06,264.45,8.75,-5.4,415.76,3.2831215343951197
1985-02-12,11.85,230.27,-3.3,-11.77,257.33,3.399191487631311
1985-02-13,1.77,178.13,-4.06,-8.37,326.03,2.802260299559471
1985-02-14,11.8,43.0,-2.38,-0.31,597.65,3.0178187841409687
1985-02-15,7.06,236.84,-2.33,-10.33,285.3,3.4655171751948486
1985-02-16,0.0,65.58,-2.93,-1.45,553.2,3.0509816279227375
1985-02-17,0.0,314.03,-3.56,-10.84,272.97,2.83542314334124
1985-02-18,0.0,374.22,-0.03,-10.28,284.34,2.702771768214164
1985-02-19,11.67,249.78,-2.53,-10.3,287.95,2.769097455777702
1985-02-20,6.01,40.3,-3.32,-1.12,568.18,2.7193531901050485
1985-02-21,6.81,214.3,-2.29,-7.94,347.36,2.7359346119959334
1985-02-22,21.22,213.34,-1.3,-6.71,380.15,3.034400206031853
1985-02-23,6.87,254.84,-1.06,-6.19,398.43,3.3660286438495417
1985-02-24,24.1,230.02,-0.64,-6.52,386.98,4.377495379193493
1985-02-25,0.0,117.0,-1.1,-1.95,532.57,4.079029785157573
1985-02-26,0.0,338.93,-1.06,-7.36,358.68,3.714238503558115
1985-02-27,0.0,397.12,3.04,-5.95,396.61,3.4157729095221954
1985-02-28,0.0,440.99,2.51,-8.79,324.11,3.3826100657404266
1985-03-01,2.21,412.15,1.06,-9.7,303.04,3.399191487631311
1985-03-02,0.0,319.21,-0.37,-6.72,368.68,3.216795846831582
1985-03-03,17.43,139.62,-0.34,-3.03,487.89,3.100725893595391
1985-03-04,25.48,321.89,8.09,-1.78,539.16,3.067563049813622
1985-03-05,12.56,298.44,-2.76,-10.46,284.02,3.034400206031853
1985-03-06,6.65,362.09,6.0,-9.32,306.79,2.852004565232124
1985-03-07,0.0,271.21,2.6,-2.22,517.39,2.7193531901050485
1985-03-08,0.0,465.52,0.69,-9.78,295.01,2.619864658759742
1985-03-09,0.0,463.01,1.29,-9.39,303.18,2.570120393087089
1985-03-10,0.0,511.72,9.12,-8.37,324.94,2.570120393087089
1985-03-11,0.0,392.35,1.52,-6.34,383.13,2.570120393087089
1985-03-12,0.0,478.33,-0.15,-11.16,270.25,2.5867018149779732
1985-03-13,0.0,521.37,9.82,-6.73,372.43,2.5535389711962044
1985-03-14,0.0,520.02,3.5,-11.07,271.89,2.6364460806506265
1985-03-15,0.0,519.75,11.16,-4.37,442.54,2.702771768214164
1985-03-16,0.0,396.65,8.7,-0.24,599.32,2.852004565232124
1985-03-17,0.0,79.71,2.37,3.98,808.3,3.299702956286004
1985-03-18,0.0,212.55,0.14,-3.61,478.66,3.515261440867502
1985-03-19,0.0,437.29,2.52,-6.47,388.14,3.6147499722128087
1985-03-20,8.31,409.67,9.03,-9.16,315.56,3.5815871284310394
1985-03-21,18.37,55.76,-0.35,0.72,641.46,3.5318428627583867
1985-03-22,17.65,85.33,-2.3,-3.54,473.43,3.482098597085733
1985-03-23,38.81,358.06,-0.18,-10.21,290.51,3.9961226757031505
1985-03-24,14.73,262.18,-2.73,-9.09,313.69,4.095611207048457
1985-03-25,8.88,312.51,3.58,-4.65,436.42,3.5981685503219247
1985-03-26,8.13,433.6,8.01,-11.14,268.65,3.399191487631311
1985-03-27,13.54,436.84,8.53,-11.17,271.0,3.2831215343951197
1985-03-28,9.17,150.68,1.88,-1.73,540.23,3.117307315486275
1985-03-29,12.67,353.26,8.71,-1.56,546.73,3.100725893595391
1985-03-30,37.57,348.71,0.34,-9.19,314.91,5.090496520501524
1985-03-31,8.86,275.9,5.79,-1.26,564.32,6.300940318536089
1985-04-01,0.0,362.91,13.21,6.13,931.78,7.478221272788884
1985-04-02,0.0,380.39,7.36,0.04,622.46,9.152944883768212
1985-04-03,21.51,150.17,-0.01,-3.31,484.05,9.799620337512707
1985-04-04,20.15,53.36,0.33,3.34,778.9,7.677198335479497
1985-04-05,0.0,443.09,1.43,-6.45,390.76,6.881290084717044
1985-04-06,0.0,641.2,19.45,-7.35,355.51,6.9476157722805825
1985-04-07,0.0,323.45,8.79,2.9,757.65,8.075152460860723
1985-04-08,0.0,553.35,19.4,6.21,940.32,9.617224696712977
1985-04-09,0.0,631.35,22.45,0.35,629.84,11.242204042019653
1985-04-10,0.0,159.99,8.16,6.54,970.69,13.132486137580479
1985-04-11,14.3,136.39,7.15,4.15,824.44,26.19864658759742
1985-04-12,18.67,98.85,5.22,4.03,819.26,20.8925915825144
1985-04-13,0.0,577.41,18.61,5.91,925.2,13.944975810233817
1985-04-14,0.0,253.87,5.81,1.93,707.44,12.784276277871905
1985-04-15,0.0,565.16,17.07,5.71,918.01,11.772809542527956
1985-04-16,0.18,474.02,3.7,-4.29,458.37,10.628691432056929
1985-04-17,0.0,122.57,5.49,4.24,828.77,8.9539678210776
1985-04-18,5.11,351.13,10.3,2.4,727.05,7.925919663842764
1985-04-19,4.01,306.28,7.36,1.0,655.63,7.030522881735004
1985-04-20,1.31,602.43,-0.49,-11.59,258.87,6.350684584208742
1985-04-21,0.0,661.69,12.32,-4.28,447.4,5.836660505591324
1985-04-22,7.85,384.39,4.4,-4.65,439.45,5.5879391772280576
1985-04-23,28.62,144.16,5.59,2.71,745.12,5.886404771263978
1985-04-24,25.45,408.82,-0.27,-9.69,302.8,5.48845064588275
1985-04-25,3.41,141.47,1.63,0.65,635.73,5.073915098610639
1985-04-26,12.21,509.87,9.78,-8.54,332.64,5.571357755337172
1985-04-27,28.38,404.98,3.68,-5.43,421.73,14.061045763470007
1985-04-28,0.0,486.5,10.16,2.31,724.1,10.761342807184004
1985-04-29,20.32,518.46,15.36,-5.23,419.22,7.942501085733649
1985-04-30,0.0,652.9,16.88,2.06,711.44,7.080267147407658
1985-05-01,0.0,655.23,20.33,4.3,825.92,7.047104303625888
1985-05-02,0.0,255.39,9.34,5.44,908.67,8.307292367333106
1985-05-03,28.27,96.39,5.58,5.57,913.19,10.496040056929854
1985-05-04,23.41,523.96,14.9,-7.17,367.44,8.274129523551336
1985-05-05,16.57,482.59,13.25,-1.57,548.87,7.3621513195526935
1985-05-06,2.81,558.22,7.11,-7.07,369.54,6.765220131480853
1985-05-07,2.47,407.26,9.54,1.1,662.82,6.23461463097255
1985-05-08,5.04,502.47,5.69,-9.41,310.56,5.985893302609283
1985-05-09,4.03,530.02,11.9,-2.02,529.44,5.604520599118942
1985-05-10,2.46,538.4,4.29,-6.72,381.35,5.505032067773635
1985-05-11,0.0,724.58,13.9,-10.18,290.56,5.239729317519484
1985-05-12,0.0,696.71,15.48,-3.85,461.99,4.874938035920026
1985-05-13,16.64,475.45,11.1,-3.53,479.37,4.874938035920026
1985-05-14,17.35,452.85,6.6,-6.56,386.06,5.090496520501524
1985-05-15,0.0,706.11,22.52,-0.74,578.08,5.405543536428328
1985-05-16,0.0,677.61,28.97,6.58,974.22,8.522850851914603
1985-05-17,0.0,386.94,16.48,7.91,1074.44,12.436066418163334
1985-05-18,0.0,698.86,21.13,-2.04,542.54,13.779161591324973
1985-05-19,0.0,450.35,17.7,7.43,1034.64,12.883764809217212
1985-05-20,0.0,516.07,17.51,5.49,903.83,11.325111151474076
1985-05-21,0.0,583.9,20.85,6.05,932.83,9.915690290748897
1985-05-22,0.0,670.68,24.42,3.29,781.92,10.56236574449339
1985-05-23,2.0,557.57,13.37,-0.43,610.36,13.132486137580479
1985-05-24,0.03,659.77,20.14,-0.16,620.81,13.348044622161977
1985-05-25,0.91,567.47,15.73,-0.61,603.13,11.524088214164689
1985-05-26,0.0,434.73,19.35,8.76,1140.57,10.180993041003047
1985-05-27,0.0,75.03,7.05,10.09,1247.25,10.131248775330395
1985-05-28,1.79,404.02,15.96,5.77,921.75,9.534317587258556
1985-05-29,16.24,92.02,9.14,7.13,1012.33,8.887642133514062
1985-05-30,7.65,530.83,17.09,-3.86,473.06,8.091733882751608
1985-05-31,0.0,574.85,16.96,2.24,721.21,7.876175398170111
1985-06-01,6.04,280.02,7.05,-1.12,579.9,8.572595117587257
1985-06-02,0.0,487.42,12.99,1.45,686.83,8.240966679769569
1985-06-03,0.71,590.5,19.36,3.42,786.13,8.2078038359878
1985-06-04,5.07,426.28,19.8,4.92,873.29,10.048341665875972
1985-06-05,0.02,631.76,16.47,-1.17,575.59,8.9539678210776
1985-06-06,9.24,453.9,15.08,-1.54,563.24,8.970549242968485
1985-06-07,31.99,420.0,13.39,-1.02,584.39,17.410492985428668
1985-06-08,0.0,645.98,12.41,-5.87,406.39,11.175878354456115
1985-06-09,0.0,681.32,20.83,-1.54,551.46,8.754990758386986
1985-06-10,0.0,683.61,18.08,-4.03,464.4,8.556013695696372
1985-06-11,0.0,687.49,25.88,1.4,683.06,9.235851993222635
1985-06-12,0.0,479.21,12.05,0.28,641.04,10.41313294747543
1985-06-13,20.75,112.28,6.87,4.06,820.46,9.302177680786173
1985-06-14,25.36,58.81,9.55,10.89,1311.1,10.297062994239239
1985-06-15,23.03,453.68,13.3,-2.32,531.21,9.932271712639782
1985-06-16,0.0,706.69,23.02,-2.53,514.24,8.50626943002372
1985-06-17,0.0,687.8,29.59,4.0,816.72,8.754990758386986
1985-06-18,0.0,698.58,32.3,3.22,777.36,9.99859740020332
1985-06-19,0.0,649.89,19.15,-1.08,580.94,10.678435697729581
1985-06-20,0.0,493.38,23.93,10.51,1280.53,9.584061852931208
1985-06-21,0.0,540.8,22.6,7.73,1059.29,8.456525164351067
1985-06-22,0.0,586.24,12.7,-3.21,496.59,7.76010544493392
1985-06-23,0.0,137.2,8.82,7.08,1006.79,6.8647086628261595
1985-06-24,0.0,481.68,16.76,4.64,851.98,6.1185446777363595
1985-06-25,0.0,685.11,22.49,-1.21,564.55,5.853241927482208
1985-06-26,0.0,687.21,22.69,-2.16,529.85,6.085381833954591
1985-06-27,0.0,597.43,17.94,0.28,628.14,6.068800412063706
1985-06-28,0.0,505.13,21.28,6.9,991.99,5.621102021009826
1985-06-29,0.0,682.38,21.54,-3.84,473.37,5.48845064588275
1985-06-30,0.0,472.29,17.66,4.57,851.19,5.1734036299559465
1985-07-01,0.0,693.46,25.33,-3.02,497.58,5.0075894110471015
1985-07-02,0.0,691.92,29.03,-1.03,576.68,5.355799270755675
1985-07-03,0.0,699.04,29.28,-2.72,513.66,5.654264864791595
1985-07-04,0.0,516.84,25.46,8.59,1126.95,5.538194911555404
1985-07-05,0.0,431.44,24.78,11.48,1358.61,5.206566473737715
1985-07-06,0.0,468.86,24.21,9.63,1210.51,4.709123817011182
1985-07-07,0.0,512.88,27.71,10.73,1298.64,4.609635285665875
1985-07-08,0.0,554.94,29.34,9.94,1235.3,4.941263723483564
1985-07-09,0.0,622.65,31.34,6.98,1008.71,5.0075894110471015
1985-07-10,0.0,439.22,18.49,5.29,897.92,4.74228666079295
1985-07-11,0.0,607.4,26.29,4.53,851.55,4.427239644866146
1985-07-12,0.0,306.54,18.48,9.55,1204.64,4.2282625821755335
1985-07-13,0.0,496.12,25.22,9.09,1168.74,4.02928551948492
1985-07-14,0.0,676.82,27.86,-2.92,507.21,3.846889878685191
1985-07-15,0.0,359.43,15.26,4.21,829.57,3.797145613012537
1985-07-16,0.0,438.54,13.29,0.16,635.59,3.7474013473398844
1985-07-17,0.0,101.22,13.75,12.95,1482.17,3.5815871284310394
1985-07-18,0.0,592.47,19.91,-0.44,609.84,3.448935753303964
1985-07-19,0.0,271.95,21.77,13.51,1552.1,3.399191487631311
1985-07-20,0.0,508.16,30.95,13.25,1519.58,3.3660286438495417
1985-07-21,0.0,660.47,28.31,-0.6,603.57,3.2831215343951197
1985-07-22,0.0,534.23,26.57,8.3,1104.15,3.1504701592680444
1985-07-23,0.0,95.11,13.9,13.23,1518.2,3.0509816279227375
1985-07-24,0.0,613.12,24.14,0.52,653.56,2.852004565232124
1985-07-25,0.0,497.51,26.4,9.52,1201.35,2.6696089244323953
1985-07-26,0.0,421.22,23.96,10.17,1253.66,2.6032832368688577
1985-07-27,0.0,602.46,29.88,6.04,904.69,2.5535389711962044
1985-07-28,0.0,546.01,31.84,11.16,1299.81,2.470631861741782
1985-07-29,0.0,522.89,31.41,12.2,1380.57,2.371143330396475
1985-07-30,0.0,95.59,13.34,12.52,1442.87,2.38772475228736
1985-07-31,18.89,50.39,10.66,13.7,1573.84,2.3213990647238223
1985-08-01,23.56,67.3,9.35,8.22,1100.33,2.470631861741782
1985-08-02,19.54,283.13,11.68,1.99,725.73,2.255073377160284
1985-08-03,0.0,110.85,13.46,12.19,1415.19,2.1224220020332085
1985-08-04,0.0,130.12,12.32,9.92,1233.21,2.056096314469671
1985-08-05,0.0,644.26,24.36,-2.04,510.91,1.9731892050152489
1985-08-06,0.0,641.6,25.24,-1.3,530.64,1.8737006736699422
1985-08-07,23.28,296.51,10.9,0.67,655.73,1.8571192517790576
1985-08-08,22.94,132.0,13.99,9.63,1210.48,1.8571192517790576
1985-08-09,0.0,187.49,14.31,9.79,1223.5,1.7410492985428665
1985-08-10,24.2,258.6,11.66,3.29,778.91,1.6913050328702133
1985-08-11,0.0,617.64,25.46,1.9,700.46,1.6415607671975598
1985-08-12,0.0,440.11,20.41,8.35,1108.69,1.6249793453066754
1985-08-13,0.0,562.19,29.4,10.28,1231.97,1.5918165015249066
1985-08-14,0.0,569.85,29.45,9.2,1145.12,1.5420722358522532
1985-08-15,0.0,587.19,28.93,6.67,962.71,1.5254908139613688
1985-08-16,0.0,598.41,30.28,4.87,848.95,1.4923279701796
1985-08-17,0.0,401.96,18.65,6.86,997.84,1.4757465482887153
1985-08-18,0.0,552.55,18.09,-0.35,611.12,1.4425837045069465
1985-08-19,0.0,83.98,10.17,10.24,1259.17,1.426002282616062
1985-08-20,0.0,437.51,9.81,-1.52,562.75,1.3596765950525243
1985-08-21,0.0,598.6,20.94,-2.86,505.81,1.2933509074889866
1985-08-22,0.0,392.81,14.55,3.2,774.27,1.2601880637072178
1985-08-23,0.0,510.68,19.9,3.5,788.98,1.2270252199254488
1985-08-24,0.0,523.02,30.44,11.08,1318.57,1.2270252199254488
1985-08-25,0.0,510.5,28.17,10.07,1242.14,1.2436066418163334
1985-08-26,0.0,568.12,27.1,3.33,781.89,1.2104437980345644
1985-08-27,0.0,481.15,22.29,6.69,983.79,1.1441181104710265
1985-08-28,0.0,584.63,22.25,-4.08,462.3,1.127536688580142
1985-08-29,0.0,393.79,13.94,2.15,715.54,1.1109552666892577
1985-08-30,26.45,305.09,10.89,-1.34,570.41,2.38772475228736
1985-08-31,24.84,150.18,12.73,6.83,991.84,2.1887476895967466
1985-09-01,0.0,127.91,10.3,7.01,1004.21,1.5089093920704844
1985-09-02,0.0,400.91,20.19,7.13,1013.94,1.4757465482887153
1985-09-03,0.0,496.9,17.08,-1.83,550.52,1.2767694855981022
1985-09-04,0.0,482.14,18.63,0.81,661.91,1.2104437980345644
1985-09-05,21.45,67.67,6.27,4.25,842.68,1.2270252199254488
1985-09-06,28.28,136.12,4.78,-0.25,613.46,2.354561908505591
1985-09-07,21.53,367.67,17.63,-1.23,565.09,1.6581421890884442
1985-09-08,7.85,51.77,6.61,7.85,1067.84,1.4757465482887153
1985-09-09,7.62,54.57,7.41,6.86,996.21,2.0892591582514397
1985-09-10,6.08,255.77,9.95,-0.27,615.67,1.7410492985428665
1985-09-11,0.0,109.39,10.39,7.89,1071.46,1.5089093920704844
1985-09-12,7.56,223.04,12.09,3.4,787.62,9.617224696712977
1985-09-13,11.63,65.03,5.54,3.88,811.78,10.197574462893932
1985-09-14,11.69,55.2,6.0,5.18,887.12,9.600643274822092
1985-09-15,0.96,53.81,5.87,9.42,1193.93,5.5879391772280576
1985-09-16,21.92,43.25,5.3,7.14,1012.55,4.045866941375804
1985-09-17,26.55,55.0,6.56,6.77,983.55,3.4655171751948486
1985-09-18,0.0,185.89,11.26,6.6,967.79,2.885167409013893
1985-09-19,0.0,347.1,10.02,1.18,670.14,2.5037947055235508
1985-09-20,0.0,415.06,12.63,1.32,674.88,2.255073377160284
1985-09-21,0.0,487.95,18.32,-2.33,533.46,2.1058405801423246
1985-09-22,0.0,459.42,10.42,-4.67,446.32,1.9731892050152489
1985-09-23,0.0,479.31,16.82,-2.42,516.34,1.8571192517790576
1985-09-24,0.0,461.1,20.77,2.7,742.5,1.7742121423246355
1985-09-25,0.0,474.17,20.58,-1.02,575.02,1.6913050328702133
1985-09-26,0.0,464.76,22.49,1.09,662.25,1.6249793453066754
1985-09-27,0.0,403.98,12.69,-0.06,610.51,1.5586536577431376
1985-09-28,0.0,458.51,10.15,-7.52,359.47,1.4757465482887153
1985-09-29,0.0,457.43,20.99,-1.81,540.72,1.4425837045069465
1985-09-30,0.0,421.13,15.62,-0.35,596.43,1.392839438834293
1985-10-01,0.0,78.47,7.31,7.09,1006.99,1.3596765950525243
1985-10-02,0.0,245.75,6.08,-0.53,605.9,1.3265137512707557
1985-10-03,0.0,378.52,6.68,-5.23,428.05,1.309932329379871
1985-10-04,0.0,278.34,6.65,-1.53,548.22,1.2601880637072178
1985-10-05,0.0,91.11,6.55,5.37,904.85,1.2270252199254488
1985-10-06,8.73,251.62,6.18,-4.05,466.76,1.309932329379871
1985-10-07,7.6,244.12,4.4,-5.52,409.34,1.309932329379871
1985-10-08,0.0,376.18,2.72,-10.15,289.46,1.1772809542527956
1985-10-09,0.0,348.03,3.69,-7.87,345.36,1.127536688580142
1985-10-10,0.0,93.08,3.17,0.72,649.19,1.1441181104710265
1985-10-11,20.65,78.02,4.26,1.29,673.82,2.3379804866147063
1985-10-12,13.66,153.66,2.47,-3.53,474.22,1.7078864547610977
1985-10-13,0.0,257.24,2.48,-5.6,410.53,1.4094208607251777
1985-10-14,25.13,178.03,5.02,-2.49,525.93,1.6249793453066754
1985-10-15,0.19,299.26,10.0,-0.81,593.53,2.155584845814978
1985-10-16,27.66,182.12,4.46,-3.88,472.39,2.38772475228736
1985-10-17,0.0,201.68,2.15,-4.66,446.25,2.022933470687902
1985-10-18,1.06,159.93,3.34,-2.4,524.47,2.0726777363605557
1985-10-19,19.37,246.83,14.5,-1.91,547.14,8.556013695696372
1985-10-20,25.03,36.21,9.82,8.83,1146.15,25.369575493053198
1985-10-21,18.43,28.83,4.41,5.95,928.44,23.711433303964753
1985-10-22,43.04,114.65,0.57,-4.39,455.51,26.19864658759742
1985-10-23,14.85,25.15,0.82,5.98,928.0,16.913050328702134
1985-10-24,44.3,74.41,6.46,3.35,778.61,29.349116746865466
1985-10-25,24.8,66.88,7.88,5.21,888.79,26.530275025415108
1985-10-26,43.31,243.52,10.72,-5.84,408.04,28.188417214503552
1985-10-27,52.41,239.34,11.68,-4.74,444.45,62.180332090816655
1985-10-28,12.8,185.52,-0.97,-8.74,324.35,28.851674090138932
1985-10-29,2.93,186.8,1.63,-5.93,396.0,16.913050328702134
1985-10-30,8.13,26.49,-0.53,3.75,797.99,13.911812966452048
1985-10-31,25.62,46.32,-1.86,-2.8,500.93,10.993482713656386
1985-11-01,40.37,170.69,1.05,-5.66,413.58,22.550733771602843
1985-11-02,36.07,28.14,4.38,4.02,818.99,22.550733771602843
1985-11-03,34.07,24.58,3.34,4.35,837.49,20.56096314469671
1985-11-04,24.55,133.49,-0.31,-5.35,423.86,13.480695997289052
1985-11-05,26.75,24.51,1.12,3.89,805.2,11.872298073873262
1985-11-06,28.0,20.33,-1.01,6.0,929.12,11.640158167400878
1985-11-07,24.72,36.59,-0.56,-0.59,588.6,9.832783181294475
1985-11-08,23.7,27.03,-1.44,1.17,663.8,8.522850851914603
1985-11-09,20.4,191.38,3.94,-5.49,409.05,7.876175398170111
1985-11-10,12.48,157.95,-5.02,-10.85,276.29,7.279244210098271
1985-11-11,0.0,106.23,-4.54,-7.35,352.6,6.566243068790239
1985-11-12,0.0,141.19,-6.27,-10.18,282.7,6.068800412063706
1985-11-13,0.0,257.99,-4.71,-13.75,218.31,5.753753396136902
1985-11-14,0.0,262.72,5.84,-5.13,419.41,5.388962114537445
1985-11-15,26.11,23.61,-2.67,-0.92,573.32,8.274129523551336
1985-11-16,18.79,55.36,-3.21,-4.91,428.72,8.091733882751608
1985-11-17,25.93,82.06,-5.29,-8.21,334.02,6.649150178244661
1985-11-18,20.15,22.75,-6.97,-3.84,458.73,5.853241927482208
1985-11-19,21.5,143.0,-7.54,-12.7,239.1,5.455287802100982
1985-11-20,21.45,113.59,-8.88,-12.79,237.78,5.123659364283293
1985-11-21,27.48,173.7,-8.09,-16.2,179.9,4.758868082683835
1985-11-22,22.65,194.95,0.0,-20.67,123.52,4.443821066757031
1985-11-23,0.0,235.65,-13.26,-22.32,107.65,4.211681160284649
1985-11-24,0.0,197.66,-12.0,-18.85,141.11,4.062448363266689
1985-11-25,20.87,176.39,-9.31,-18.83,146.44,3.929796988139613
1985-11-26,0.0,241.59,-5.22,-16.62,172.25,3.7805641911216528
1985-11-27,27.92,119.49,-11.67,-16.59,171.15,3.6479128159945775
1985-11-28,0.0,193.32,-9.89,-16.44,173.58,3.4323543314130798
1985-11-29,0.0,183.28,-10.53,-16.4,176.63,3.299702956286004
1985-11-30,0.0,180.4,-12.47,-18.37,151.38,3.1836330030498132
1985-12-01,0.0,239.68,-0.36,-19.93,132.12,3.034400206031853
1985-12-02,11.62,175.87,2.44,-15.72,189.64,3.117307315486275
1985-12-03,19.88,128.37,-5.27,-11.84,257.03,3.482098597085733
1985-12-04,8.94,97.67,-3.67,-8.46,331.46,6.284358896645204
1985-12-05,11.71,87.65,-4.94,-9.15,315.55,14.359511357505927
1985-12-06,14.04,92.63,-4.18,-8.8,323.69,10.612110010166045
1985-12-07,13.87,99.42,-3.77,-8.88,323.21,11.507506792273803
1985-12-08,2.08,155.76,-4.93,-11.65,260.09,8.9539678210776
1985-12-09,0.0,164.77,-6.34,-13.18,231.11,7.047104303625888
1985-12-10,0.0,178.69,-6.52,-14.4,207.9,5.9693118807184
1985-12-11,0.0,177.96,-7.28,-15.3,195.1,5.289473583192137
1985-12-12,0.0,103.09,-6.48,-10.64,272.67,4.77544950457472
1985-12-13,0.0,190.43,0.03,-9.42,301.49,4.427239644866146
1985-12-14,0.0,131.49,-6.81,-12.3,248.1,4.1453554727211115
1985-12-15,0.0,129.45,-4.95,-10.34,286.0,3.9463784100304977
1985-12-16,0.0,150.77,-5.8,-12.39,244.49,3.8303084567943064
1985-12-17,0.0,135.31,-6.31,-12.1,249.88,3.9132155662487285
1985-12-18,0.0,123.12,-6.35,-11.62,260.4,4.161936894611995
1985-12-19,0.0,114.37,-5.76,-10.61,280.75,4.460402488647915
1985-12-20,0.0,131.31,-7.19,-12.93,234.54,4.5930538637749905
1985-12-21,0.0,195.43,-2.47,-13.45,225.06,4.493565332429684
1985-12-22,0.0,209.36,1.34,-12.71,239.46,4.493565332429684
1985-12-23,0.0,128.5,-6.33,-11.78,257.07,4.725705238902067
1985-12-24,0.0,122.72,-6.15,-11.29,268.04,4.908100879701795
1985-12-25,0.0,157.93,-5.86,-12.83,236.5,5.024170832937986
1985-12-26,0.0,172.08,-5.66,-13.57,222.38,4.725705238902067
1985-12-27,0.0,119.85,-9.36,-14.17,211.51,4.360913957302609
1985-12-28,0.0,216.23,0.32,-14.64,204.22,3.9961226757031505
1985-12-29,13.02,106.19,-7.06,-12.33,245.68,3.763982769230769
1985-12-30,0.0,132.81,-6.12,-11.62,260.35,3.515261440867502
1985-12-31,20.36,83.18,-7.1,-11.31,267.75,3.3494472219586577
1986-01-01,21.67,122.89,-2.7,-9.84,299.62,3.565005706540155
1986-01-02,12.22,87.23,0.05,-4.84,430.49,3.3660286438495417
1986-01-03,9.4,79.74,4.48,0.13,613.94,3.167051581158929
1986-01-04,6.36,109.94,6.37,0.21,619.24,3.0178187841409687
1986-01-05,28.88,26.43,-0.7,-1.34,556.64,12.038112292782106
1986-01-06,22.28,78.62,-2.1,-6.23,391.06,14.160534294815315
1986-01-07,0.0,178.87,10.23,1.85,703.16,7.660616913588613
1986-01-08,11.09,17.92,0.91,5.32,903.71,13.54702168485259
1986-01-09,14.26,147.34,7.73,-2.02,532.65,13.314881778380208
1986-01-10,10.81,109.28,4.06,-1.78,540.55,20.726777363605557
1986-01-11,18.29,46.85,-0.04,-1.91,534.48,19.234449393425955
1986-01-12,0.0,187.6,10.84,2.29,720.63,11.209041198237884
1986-01-13,16.32,144.71,12.24,3.12,767.22,10.56236574449339
1986-01-14,4.67,127.6,10.6,3.5,790.27,11.855716651982377
1986-01-15,13.64,174.82,8.52,-6.92,374.06,11.540669636055572
1986-01-16,25.33,78.66,5.87,2.04,709.07,15.487048046086072
1986-01-17,42.27,79.43,3.52,-0.25,607.72,23.711433303964753
1986-01-18,98.27,18.91,1.13,5.93,926.01,154.70466624195186
1986-01-19,42.22,138.26,-0.39,-7.19,366.55,51.23659364283293
1986-01-20,12.09,23.73,-4.06,-2.33,516.78,26.530275025415108
1986-01-21,11.11,153.17,8.58,0.51,630.1,17.742121423246356
1986-01-22,28.89,187.54,8.17,-5.41,412.47,15.072512498813959
1986-01-23,17.21,135.93,-1.49,-7.63,357.81,15.63628084310403
1986-01-24,4.1,132.99,2.93,-2.57,509.61,12.850601965435443
1986-01-25,0.0,261.47,11.12,-2.46,512.99,10.56236574449339
1986-01-26,0.0,239.35,9.98,0.24,621.32,9.318759102677056
1986-01-27,6.41,70.62,8.06,5.15,891.79,10.330225838021008
1986-01-28,0.0,273.51,7.05,-5.99,394.3,9.418247634022364
1986-01-29,9.43,170.15,9.74,1.62,687.75,10.214155884784818
1986-01-30,25.36,204.33,8.05,-4.58,447.62,20.229334706879023
1986-01-31,8.81,200.33,11.86,0.27,626.83,19.897706269061334
1986-02-01,15.0,215.33,9.06,-5.73,411.86,27.35934611995933
1986-02-02,12.65,144.27,9.73,3.35,782.08,20.395148925787865
1986-02-03,12.78,160.98,1.47,-5.4,420.35,18.902820955608266
1986-02-04,15.01,172.92,4.12,-3.57,479.19,15.719187952558451
1986-02-05,11.38,83.06,-3.16,-6.33,384.11,13.132486137580479
1986-02-06,0.0,228.32,4.09,-3.22,482.61,10.678435697729581
1986-02-07,0.0,77.28,-3.01,-4.69,433.7,9.152944883768212
1986-02-08,0.0,303.57,3.93,-7.68,345.81,8.224385257878684
1986-02-09,0.0,238.66,-5.13,-12.28,245.66,7.57770980413419
1986-02-10,0.0,335.46,3.49,-12.89,234.87,7.013941459844119
1986-02-11,0.45,334.13,2.7,-11.89,255.04,6.499917381226702
1986-02-12,0.0,301.77,2.09,-8.5,321.77,6.035637568281937
1986-02-13,9.06,30.67,-5.31,-2.45,509.39,5.654264864791595
1986-02-14,12.59,209.08,0.84,-7.7,348.77,5.388962114537445
1986-02-15,39.5,259.38,9.09,-5.91,400.03,13.9615572321247
1986-02-16,20.74,176.15,-3.81,-10.27,290.24,17.410492985428668
1986-02-17,4.99,53.03,-6.94,-8.09,334.11,9.567480431040323
1986-02-18,0.7,314.74,-5.3,-15.34,195.07,7.8098497106065725
1986-02-19,0.0,391.52,1.51,-17.25,163.46,6.831545819044391
1986-02-20,0.0,71.88,-3.83,-4.09,445.13,6.23461463097255
1986-02-21,5.03,199.68,6.39,-1.08,565.84,5.786916239918671
1986-02-22,16.15,32.78,-2.26,1.86,704.55,5.853241927482208
1986-02-23,39.5,109.3,7.53,3.83,800.14,16.74723610979329
1986-02-24,47.01,290.65,12.3,-2.96,506.49,46.096352856658754
1986-02-25,47.38,293.2,13.95,-1.73,552.49,43.44332535411724
1986-02-26,4.14,260.57,15.06,5.43,906.31,23.54561908505591
1986-02-27,0.0,108.88,6.68,5.03,882.33,16.034234968485258
1986-02-28,0.0,325.71,5.01,-3.71,479.61,13.911812966452048
1986-03-01,0.0,433.51,10.84,-9.03,319.86,11.524088214164689
1986-03-02,0.0,441.29,16.75,-8.18,336.86,9.882527446967128
1986-03-03,0.0,377.15,15.53,3.43,787.02,9.003712086750253
1986-03-04,0.0,344.65,11.84,1.95,703.1,8.738409336496101
1986-03-05,0.0,161.24,5.38,1.76,710.35,8.2078038359878
1986-03-06,9.09,239.3,2.34,-5.81,409.61,8.32387378922399
1986-03-07,35.08,326.43,14.61,-2.94,507.2,32.167958468315824
1986-03-08,17.34,311.54,7.61,-6.1,398.45,19.566077831243643
1986-03-09,7.71,89.97,8.43,5.54,913.04,13.032997606235172
1986-03-10,7.39,336.37,13.23,-4.03,461.94,11.888879495764145
1986-03-11,12.55,168.63,1.15,-4.39,455.25,13.69625448187055
1986-03-12,12.75,225.25,0.21,-7.08,369.44,14.840372592341575
1986-03-13,14.19,338.0,6.27,-8.35,336.23,12.950090496780751
1986-03-14,14.06,267.08,4.36,-4.57,439.55,11.242204042019653
1986-03-15,0.0,498.78,10.87,-9.99,296.37,9.467991899695017
1986-03-16,0.0,482.38,11.7,-5.61,407.99,8.340455211114875
1986-03-17,0.0,374.01,4.96,-4.74,434.8,7.544546960352421
1986-03-18,23.8,363.96,13.44,-4.59,443.85,7.212918522534733
1986-03-19,14.0,374.27,15.97,-4.98,435.5,7.047104303625888
1986-03-20,0.0,420.5,17.18,3.61,792.36,7.047104303625888
1986-03-21,9.17,387.99,17.44,-6.56,386.4,8.77157218027787
1986-03-22,6.66,373.42,2.6,-9.99,295.06,7.594291226025074
1986-03-23,30.38,47.34,0.18,3.07,765.39,8.357036633005759
1986-03-24,17.96,323.67,5.93,-6.84,373.79,9.617224696712977
1986-03-25,10.89,297.08,6.51,-4.82,433.41,8.738409336496101
1986-03-26,19.18,385.44,13.75,-5.58,415.87,13.580184528634359
1986-03-27,0.0,432.71,14.54,1.34,676.72,13.115904715689595
1986-03-28,24.36,192.71,3.37,-3.18,498.2,12.253670777363602
1986-03-29,0.0,400.77,4.36,-6.76,379.4,10.048341665875972
1986-03-30,2.45,287.6,1.72,-5.83,407.94,8.754990758386986
1986-03-31,0.0,560.18,15.01,-8.29,334.2,7.776686866824805
1986-04-01,0.11,281.5,1.66,-5.23,423.34,7.13001141308031
1986-04-02,0.0,207.67,7.34,2.44,733.55,6.483335959335817
1986-04-03,0.0,475.52,7.5,-5.67,408.57,6.052218990172822
1986-04-04,3.16,232.17,6.14,-1.05,571.07,5.737171974246017
1986-04-05,0.11,563.73,14.94,-6.48,380.84,5.388962114537445
1986-04-06,0.0,586.03,18.01,-7.39,356.29,5.2231478956286
1986-04-07,0.0,586.09,21.14,-5.03,427.61,5.455287802100982
1986-04-08,0.0,331.02,5.11,-3.5,486.57,6.035637568281937
1986-04-09,0.0,342.35,0.16,-8.44,335.32,5.836660505591324
1986-04-10,0.98,372.61,0.88,-9.0,316.58,5.339217848864791
1986-04-11,26.14,412.84,10.56,-7.81,349.49,5.1734036299559465
1986-04-12,28.7,53.36,1.38,2.91,755.95,4.858356614029142
1986-04-13,0.0,397.08,1.78,-8.17,340.58,4.510146754320568
1986-04-14,0.0,608.39,14.97,-8.74,327.21,4.244844004066417
1986-04-15,6.41,359.5,7.21,-5.76,409.99,4.360913957302609
1986-04-16,15.58,239.23,8.69,0.85,650.47,5.156822208065061
1986-04-17,4.87,79.48,0.8,-0.54,589.05,4.957845145374448
1986-04-18,0.0,90.71,-0.46,-0.54,589.56,4.5930538637749905
1986-04-19,0.0,411.81,4.0,-5.1,431.68,4.394076801084378
1986-04-20,0.0,448.64,17.46,6.85,987.92,5.057333676719756
1986-04-21,4.36,460.56,8.49,-2.66,519.21,6.665731600135546
1986-04-22,20.42,254.26,1.06,-6.0,403.67,6.914452928498813
1986-04-23,0.0,615.83,7.89,-10.6,280.74,5.471869223991867
1986-04-24,3.28,364.41,-0.8,-11.14,268.31,4.974426567265334
1986-04-25,20.52,68.57,3.64,3.19,771.24,4.974426567265334
1986-04-26,17.95,217.3,9.95,4.22,819.92,5.024170832937986
1986-04-27,31.98,270.72,-0.24,-7.27,364.84,5.5879391772280576
1986-04-28,25.15,261.2,2.14,-4.62,438.33,5.339217848864791
1986-04-29,24.94,165.58,0.53,-3.62,470.3,4.8417751921382575
1986-04-30,3.95,621.47,13.7,-9.99,293.43,4.493565332429684
1986-05-01,12.12,343.64,15.94,6.15,936.19,5.505032067773635
1986-05-02,15.95,342.96,12.06,2.27,724.22,9.683550384276515
1986-05-03,6.0,411.44,10.82,-1.77,544.46,8.871060711623178
1986-05-04,2.0,240.7,7.56,3.14,768.96,7.511384116570653
1986-05-05,10.44,212.72,1.22,-3.85,469.27,7.76010544493392
1986-05-06,3.07,332.48,1.9,-5.93,404.72,7.030522881735004
1986-05-07,4.68,188.32,2.92,-0.98,579.25,6.649150178244661
1986-05-08,0.0,663.39,15.21,-4.38,449.3,6.168288943409013
1986-05-09,18.45,181.95,3.1,-0.79,589.33,6.068800412063706
1986-05-10,13.46,244.22,5.25,-0.03,612.38,5.803497661809556
1986-05-11,17.93,258.61,9.49,3.98,812.84,5.272892161301253
1986-05-12,31.72,132.12,5.17,2.66,744.09,8.174640992206031
1986-05-13,41.0,211.62,3.51,-0.82,578.07,14.061045763470007
1986-05-14,0.0,644.69,7.76,-5.68,407.64,8.307292367333106
1986-05-15,0.0,629.87,15.86,2.27,718.48,7.080267147407658
1986-05-16,0.0,618.27,17.05,3.97,808.03,6.317521740426972
1986-05-17,6.2,521.37,17.22,-0.06,614.69,6.350684584208742
1986-05-18,13.51,265.66,10.57,4.8,865.26,7.8098497106065725
1986-05-19,23.44,483.33,18.26,1.28,681.62,9.501154743476786
1986-05-20,27.04,134.78,5.17,2.61,737.62,11.325111151474076
1986-05-21,18.95,75.57,2.89,4.18,825.76,7.90933824195188
1986-05-22,5.08,352.18,9.16,0.82,650.95,6.931034350389697
1986-05-23,0.0,514.61,13.12,3.41,781.49,6.23461463097255
1986-05-24,17.42,499.96,17.17,-2.03,543.32,8.439943742460182
1986-05-25,29.07,384.21,24.63,14.27,1623.17,25.701203930870886
1986-05-26,0.0,525.27,11.34,1.85,717.91,16.548259047102672
1986-05-27,0.0,489.98,20.4,11.17,1333.59,12.717950590308368
1986-05-28,0.0,626.78,22.86,6.95,1003.21,11.34169257336496
1986-05-29,0.0,618.95,24.75,8.57,1125.72,11.507506792273803
1986-05-30,0.0,623.92,28.33,10.59,1286.83,13.745998747543203
1986-05-31,0.0,617.57,29.67,11.7,1376.04,14.243441404269737
1986-06-01,0.0,679.86,23.93,-1.43,567.11,13.978138654015586
1986-06-02,0.0,679.31,26.95,-0.66,598.05,11.805972386309723
1986-06-03,0.0,676.08,26.34,-0.35,612.19,10.695017119620466
1986-06-04,0.0,193.82,9.28,5.51,915.95,9.749876071840053
1986-06-05,0.0,163.38,11.29,8.18,1095.71,8.605757961369026
1986-06-06,3.9,397.15,13.16,1.1,675.57,7.876175398170111
1986-06-07,0.0,309.19,5.12,-0.67,597.36,7.378732741443577
1986-06-08,0.0,572.43,10.85,-2.47,525.71,7.1465928349711945
1986-06-09,0.0,682.33,22.8,-4.38,454.11,7.013941459844119
1986-06-10,0.0,662.64,25.72,1.14,670.69,7.42847700711623
1986-06-11,0.0,675.88,25.99,-2.29,533.56,7.693779757370382
1986-06-12,0.0,628.08,27.29,4.95,872.88,7.461639850897999
1986-06-13,0.0,665.72,30.08,0.91,665.03,7.246081366316502
1986-06-14,5.46,390.57,15.53,0.83,668.27,7.378732741443577
1986-06-15,8.29,448.84,18.2,-1.01,578.04,7.047104303625888
1986-06-16,19.77,336.41,19.27,7.05,1007.76,6.881290084717044
1986-06-17,22.76,295.37,17.65,7.16,1015.04,6.466754537444933
1986-06-18,25.6,254.9,10.82,2.37,733.84,6.383847427990511
1986-06-19,15.98,259.18,17.88,8.8,1143.88,6.135126099627244
1986-06-20,7.47,182.45,15.07,9.09,1166.94,5.886404771263978
1986-06-21,0.0,334.59,17.55,8.56,1124.45,5.720590552355134
1986-06-22,0.0,663.27,25.74,-2.69,518.07,5.654264864791595
1986-06-23,0.0,295.48,13.04,5.15,891.52,5.786916239918671
1986-06-24,0.0,490.07,12.02,-1.68,556.78,5.786916239918671
1986-06-25,0.0,484.64,11.31,-2.32,529.16,5.455287802100982
1986-06-26,0.0,629.04,20.88,-2.35,528.72,5.057333676719756
1986-06-27,0.0,578.24,26.82,6.39,960.77,4.808612348356489
1986-06-28,0.0,95.18,12.85,12.66,1453.64,4.808612348356489
1986-06-29,0.1,72.17,10.98,12.13,1410.11,4.4769839105388
1986-06-30,0.0,638.53,21.92,-2.14,534.21,4.2614254259573014
1986-07-01,18.99,82.58,8.3,6.38,970.67,4.77544950457472
1986-07-02,22.62,316.67,11.34,0.81,666.55,4.62621670755676
1986-07-03,15.79,167.14,7.82,2.78,753.96,4.195099738393764
1986-07-04,14.39,65.2,6.42,7.85,1067.73,3.9463784100304977
1986-07-05,0.0,646.64,20.48,-3.22,496.59,3.6976570816672307
1986-07-06,0.0,520.79,24.24,8.88,1150.06,3.515261440867502
1986-07-07,0.0,473.62,23.9,10.34,1267.14,3.482098597085733
1986-07-08,0.0,626.86,21.84,-0.82,593.65,3.4157729095221954
1986-07-09,0.0,477.22,13.47,0.91,672.35,3.3162843781768885
1986-07-10,27.18,172.79,7.53,2.25,735.6,3.4655171751948486
1986-07-11,23.03,63.72,7.43,7.21,1028.49,3.5318428627583867
1986-07-12,0.0,605.67,17.29,-0.55,604.92,3.3162843781768885
1986-07-13,0.0,637.24,20.35,-1.05,581.8,3.0178187841409687
1986-07-14,0.0,146.15,8.98,6.48,968.67,2.8188417214503554
1986-07-15,0.0,68.69,5.33,8.24,1104.92,2.6696089244323953
1986-07-16,22.85,50.04,4.53,8.69,1135.26,2.5867018149779732
1986-07-17,18.87,329.89,17.92,8.51,1120.82,2.5867018149779732
1986-07-18,0.0,535.88,22.31,8.89,1151.32,2.6032832368688577
1986-07-19,0.0,565.21,25.26,9.46,1196.73,2.5037947055235508
1986-07-20,0.0,619.2,26.07,4.78,861.9,2.470631861741782
1986-07-21,0.0,633.54,25.12,1.15,680.71,2.487213283632667
1986-07-22,0.0,69.73,9.08,12.35,1427.84,2.437469017960013
1986-07-23,0.0,595.71,17.15,-0.12,622.1,2.3379804866147063
1986-07-24,0.0,408.83,20.72,11.3,1343.71,2.2384919552694
1986-07-25,0.0,344.35,18.4,10.8,1303.95,2.155584845814978
1986-07-26,0.0,368.64,14.31,6.7,986.71,2.1224220020332085
1986-07-27,0.0,429.85,19.67,10.41,1272.85,2.0395148925787865
1986-07-28,0.0,354.7,18.26,10.75,1299.83,1.94002636123348
1986-07-29,0.0,635.06,20.74,-3.46,489.53,1.8737006736699422
1986-07-30,0.0,637.7,23.89,-3.04,500.5,1.8073749861064043
1986-07-31,0.0,633.81,25.73,-2.29,532.69,1.7410492985428665
1986-08-01,0.0,628.36,27.9,-0.73,598.4,1.757630720433751
1986-08-02,0.0,550.29,29.06,9.84,1228.02,1.7907935642155197
1986-08-03,0.0,531.12,26.72,8.52,1121.79,1.7742121423246355
1986-08-04,0.0,514.41,25.1,8.67,1134.2,1.7078864547610977
1986-08-05,0.0,603.97,24.15,-0.3,615.24,1.6415607671975598
1986-08-06,0.0,590.89,29.33,4.29,835.26,1.608397923415791
1986-08-07,0.0,557.5,31.9,9.53,1202.59,1.5918165015249066
1986-08-08,0.0,586.22,31.68,5.36,907.44,1.608397923415791
1986-08-09,0.0,499.04,30.05,11.57,1365.57,1.5918165015249066
1986-08-10,0.0,89.01,13.23,12.75,1464.49,1.5420722358522532
1986-08-11,0.0,110.98,15.67,13.44,1543.43,1.4757465482887153
1986-08-12,0.0,532.86,20.59,2.03,727.69,1.4094208607251777
1986-08-13,0.0,580.48,26.15,0.67,660.32,1.4094208607251777
1986-08-14,0.0,584.43,27.21,-0.33,613.49,1.392839438834293
1986-08-15,0.0,587.19,26.86,-2.23,534.27,1.3762580169434087
1986-08-16,0.0,549.79,26.12,1.66,695.48,1.309932329379871
1986-08-17,0.0,446.5,27.29,9.74,1218.83,1.2436066418163334
1986-08-18,0.0,318.34,20.84,9.54,1203.58,1.2104437980345644
1986-08-19,0.0,552.96,24.03,-1.24,574.65,1.19386237614368
1986-08-20,0.0,506.25,28.81,6.68,985.61,1.1772809542527956
1986-08-21,0.0,538.03,29.3,3.31,780.4,1.1441181104710265
1986-08-22,0.0,541.66,28.43,1.73,704.79,1.1441181104710265
1986-08-23,0.0,420.97,23.88,6.82,995.76,1.127536688580142
1986-08-24,0.0,458.85,24.06,4.57,854.7,1.127536688580142
1986-08-25,0.0,395.65,28.04,11.13,1325.94,1.0943738447983733
1986-08-26,0.0,420.78,31.44,12.19,1408.43,1.077792422907489
1986-08-27,0.0,487.66,31.51,7.07,1015.8,1.077792422907489
1986-08-28,0.0,262.23,18.98,8.58,1128.3,1.0943738447983733
1986-08-29,0.05,90.66,8.25,5.57,925.57,1.077792422907489
1986-08-30,19.56,49.65,8.08,7.38,1040.88,1.0943738447983733
1986-08-31,0.0,332.95,18.28,5.87,932.65,1.0943738447983733
1986-09-01,0.0,503.03,23.67,-0.34,613.53,1.0280481572348354
1986-09-02,0.0,457.17,22.88,2.78,768.87,1.011466735343951
1986-09-03,0.0,511.33,26.44,-0.18,618.97,1.011466735343951
1986-09-04,0.0,518.36,27.85,-0.81,587.92,0.9783038915621821
1986-09-05,0.0,486.02,27.8,3.06,767.81,0.9451410477804132
1986-09-06,0.0,473.69,25.9,2.54,746.79,0.9285596258895288
1986-09-07,0.0,324.73,12.47,-0.3,606.32,0.9119782039986444
1986-09-08,0.0,151.78,14.82,9.27,1181.4,0.8953967821077599
1986-09-09,2.76,298.58,19.23,6.61,981.36,0.8953967821077599
1986-09-10,20.31,156.79,7.86,-0.02,627.94,0.8788153602168755
1986-09-11,0.0,452.26,15.63,-5.51,418.04,0.862233938325991
1986-09-12,0.0,427.82,19.97,0.25,625.15,0.8290710945442221
1986-09-13,22.64,207.88,7.67,-3.02,503.8,0.9119782039986444
1986-09-14,26.26,338.14,16.77,-4.92,436.97,0.9285596258895288
1986-09-15,0.0,301.26,8.15,-3.39,489.36,0.862233938325991
1986-09-16,12.48,311.45,15.99,-2.73,516.02,0.9285596258895288
1986-09-17,14.3,245.65,9.75,-3.34,492.23,0.9451410477804132
1986-09-18,5.74,204.19,8.78,-1.67,558.04,1.1441181104710265
1986-09-19,0.0,333.87,7.91,-5.24,425.05,0.9285596258895288
1986-09-20,0.0,266.08,6.33,-3.45,488.55,0.862233938325991
1986-09-21,0.0,339.82,16.77,3.2,777.36,0.8290710945442221
1986-09-22,0.0,248.84,4.64,-4.24,460.35,0.8124896726533377
1986-09-23,24.84,137.57,4.16,-2.17,537.31,1.8073749861064043
1986-09-24,29.1,142.16,5.33,-1.23,567.29,1.757630720433751
1986-09-25,13.47,322.99,16.28,-4.67,446.26,1.608397923415791
1986-09-26,20.94,36.41,3.24,5.48,903.38,1.8239564079972888
1986-09-27,18.18,33.61,3.01,8.87,1149.82,1.392839438834293
1986-09-28,23.22,39.17,7.78,7.46,1036.47,1.1772809542527956
1986-09-29,30.12,30.41,3.34,10.88,1310.75,1.3430951731616398
1986-09-30,22.06,39.1,3.83,4.33,835.38,1.1441181104710265
1986-10-01,0.0,296.79,8.26,-1.97,538.25,1.0280481572348354
1986-10-02,0.0,335.25,9.98,-2.11,529.39,0.9451410477804132
1986-10-03,0.0,360.5,9.41,-3.99,468.21,0.9119782039986444
1986-10-04,0.0,344.32,18.61,5.53,907.88,0.8788153602168755
1986-10-05,0.0,387.13,13.67,-2.45,527.41,0.8788153602168755
1986-10-06,0.0,294.32,7.88,-1.5,563.54,0.862233938325991
1986-10-07,0.0,411.54,19.05,-4.31,457.3,0.8124896726533377
1986-10-08,0.0,367.22,15.67,0.07,621.83,0.7959082507624533
1986-10-09,0.0,379.23,16.61,-1.53,564.08,0.7627454069806844
1986-10-10,0.0,351.28,9.4,-5.53,417.43,0.7627454069806844
1986-10-11,0.0,399.9,20.54,-7.86,350.68,0.7295825631989155
1986-10-12,0.0,378.97,15.74,-4.95,430.56,0.7295825631989155
1986-10-13,0.0,353.61,17.27,-0.53,589.63,0.7295825631989155
1986-10-14,0.0,379.67,16.77,-7.2,366.74,0.713001141308031
1986-10-15,0.0,289.94,17.39,4.47,844.72,0.713001141308031
1986-10-16,0.0,368.94,16.0,-7.51,360.63,0.713001141308031
1986-10-17,0.0,341.66,14.12,-4.48,452.99,0.6964197194171465
1986-10-18,0.0,312.95,14.45,-1.22,566.43,0.6964197194171465
1986-10-19,0.0,265.91,14.92,2.48,730.95,0.6964197194171465
1986-10-20,0.0,311.1,6.93,-9.13,317.27,0.6798382975262621
1986-10-21,0.0,271.9,7.18,-5.8,409.92,0.6798382975262621
1986-10-22,0.0,340.18,15.93,-8.34,335.97,0.6632568756353778
1986-10-23,0.0,283.09,16.39,0.45,631.77,0.6300940318536089
1986-10-24,0.0,211.23,19.09,7.92,1073.47,0.6466754537444933
1986-10-25,28.42,22.48,6.52,12.0,1400.37,4.178518316502879
1986-10-26,48.72,168.04,11.22,-0.3,615.81,26.19864658759742
1986-10-27,25.38,77.8,6.89,1.98,719.99,13.314881778380208
1986-10-28,6.16,110.05,3.69,-3.49,487.42,6.665731600135546
1986-10-29,14.83,113.68,14.7,6.45,955.95,6.665731600135546
1986-10-30,43.45,123.77,6.44,-2.4,530.21,40.2928551948492
1986-10-31,37.29,175.79,11.37,-3.06,502.48,16.4156076719756
1986-11-01,23.5,92.33,11.47,5.16,892.47,8.672083648932563
1986-11-02,0.0,270.49,12.41,-7.09,368.78,6.350684584208742
1986-11-03,0.0,95.77,2.19,-2.94,502.59,5.2231478956286
1986-11-04,0.0,185.77,6.68,-4.15,457.76,4.460402488647915
1986-11-05,27.73,35.23,1.34,-0.59,595.13,4.112192628939342
1986-11-06,20.55,43.12,-0.17,-2.49,511.27,3.6644942378854624
1986-11-07,6.29,28.95,-1.36,1.09,657.51,3.5318428627583867
1986-11-08,0.0,29.0,-2.54,1.71,694.76,3.167051581158929
1986-11-09,0.0,163.22,-2.3,-10.72,278.18,2.901748830904778
1986-11-10,0.0,60.91,-4.74,-7.06,359.05,2.702771768214164
1986-11-11,0.0,226.23,3.15,-9.71,302.5,2.6530275025415113
1986-11-12,0.0,148.52,-0.29,-7.29,364.11,2.5369575493053196
1986-11-13,9.67,159.43,6.86,-5.17,426.38,3.034400206031853
1986-11-14,18.32,118.49,0.38,-6.87,375.13,3.034400206031853
1986-11-15,0.0,29.19,0.44,2.96,757.17,2.6364460806506265
1986-11-16,28.99,17.47,-2.12,5.34,903.96,3.0178187841409687
1986-11-17,22.51,32.09,2.38,1.74,698.11,2.9349116746865467
1986-11-18,34.26,17.68,0.2,5.86,923.84,16.249793453066754
1986-11-19,26.26,123.42,11.7,4.37,837.33,22.550733771602843
1986-11-20,72.6,135.5,3.51,-4.32,457.6,55.05032067773635
1986-11-21,21.0,15.78,-1.17,5.58,913.78,21.55584845814978
1986-11-22,25.02,100.28,10.0,4.75,860.18,16.913050328702134
1986-11-23,96.88,133.79,11.17,3.47,785.88,66.49150178244662
1986-11-24,65.79,107.49,-1.07,-6.31,394.37,34.489357533039644
1986-11-25,30.97,27.57,-2.46,-2.22,526.34,18.902820955608266
1986-11-26,34.75,101.37,8.43,3.17,771.8,16.2000491873941
1986-11-27,24.02,119.29,6.25,-0.33,598.2,17.078864547610976
1986-11-28,6.87,144.66,0.27,-8.04,344.75,12.568717793290409
1986-11-29,0.0,163.42,-3.97,-10.22,289.34,10.131248775330395
1986-11-30,0.0,74.09,3.07,0.64,643.49,8.77157218027787
1986-12-01,12.68,122.43,-2.76,-8.83,324.55,8.522850851914603
1986-12-02,0.0,187.99,-4.85,-12.29,245.9,7.3953141633344615
1986-12-03,0.0,148.03,-5.7,-11.19,264.63,6.682313022026431
1986-12-04,0.0,114.89,0.06,-3.86,460.23,6.168288943409013
1986-12-05,8.68,120.23,-3.24,-9.04,318.48,5.820079083700439
1986-12-06,11.72,86.05,-4.4,-8.36,334.86,5.388962114537445
1986-12-07,0.0,36.79,-6.11,-6.71,375.55,5.024170832937986
1986-12-08,0.0,151.29,-4.3,-9.96,296.96,4.74228666079295
1986-12-09,0.0,149.03,-4.71,-10.61,277.89,4.4769839105388
1986-12-10,0.0,180.65,-5.77,-13.73,218.72,4.311169691629956
1986-12-11,11.44,157.28,3.34,-13.75,218.76,4.211681160284649
1986-12-12,6.72,108.42,-1.97,-7.48,356.84,4.062448363266689
1986-12-13,20.7,76.97,-3.89,-7.44,360.85,5.206566473737715
1986-12-14,36.65,21.52,-3.05,-3.18,491.17,8.970549242968485
1986-12-15,18.78,147.28,1.58,-8.76,326.62,9.318759102677056
1986-12-16,0.0,155.93,-4.25,-10.31,287.7,7.345569897661809
1986-12-17,0.0,28.32,-5.18,-3.58,468.47,6.23461463097255
1986-12-18,5.11,113.34,6.1,-0.28,597.4,5.820079083700439
1986-12-19,9.73,145.75,1.28,-9.64,304.5,6.218033209081667
1986-12-20,0.0,199.38,6.11,-7.25,358.97,5.886404771263978
1986-12-21,22.88,14.92,-0.64,2.94,759.38,16.432189093866484
1986-12-22,18.63,70.03,0.26,-3.37,487.0,39.79541253812267
1986-12-23,17.84,92.13,-2.04,-6.75,378.77,26.032832368688577
1986-12-24,9.62,150.14,7.69,-7.56,358.82,15.967909280921718
1986-12-25,11.42,82.87,-3.16,-7.63,350.23,12.800857699762789
1986-12-26,11.42,113.94,-1.26,-7.68,356.26,11.706483854964416
1986-12-27,2.44,126.74,-1.75,-7.51,360.63,10.214155884784818
1986-12-28,23.93,112.25,-1.6,-7.76,354.29,17.410492985428668
1986-12-29,55.48,62.85,-1.58,-4.66,445.52,39.96122675703151
1986-12-30,10.19,94.0,2.83,-2.35,515.6,20.56096314469671
1986-12-31,18.31,41.07,3.42,1.59,686.88,14.392674201287699
1987-01-01,32.67,136.22,5.29,-2.99,498.02,14.840372592341575
1987-01-02,36.11,23.6,5.13,4.73,858.35,15.4538852023043
1987-01-03,41.02,62.59,3.35,0.53,637.4,21.72166267705862
1987-01-04,19.66,147.76,1.66,-8.14,341.51,15.586536577431376
1987-01-05,6.34,128.24,-4.99,-11.09,272.18,11.606995323619111
1987-01-06,0.0,181.61,-6.32,-13.0,233.8,9.40166621213148
1987-01-07,0.0,187.07,-6.33,-13.39,226.4,8.05857103896984
1987-01-08,0.0,163.86,-3.73,-9.68,296.32,7.13001141308031
1987-01-09,0.0,77.67,-6.08,-8.53,324.88,6.599405912572008
1987-01-10,3.3,192.66,3.3,-5.85,400.72,7.743524023043036
1987-01-11,24.49,142.28,1.22,-5.67,414.5,20.229334706879023
1987-01-12,41.22,135.16,-0.36,-6.36,394.07,33.99191487631311
1987-01-13,28.98,18.3,-3.79,0.9,645.55,17.410492985428668
1987-01-14,29.92,146.55,-5.76,-12.37,244.93,12.270252199254488
1987-01-15,0.0,70.97,-9.06,-10.87,270.32,9.865946025076244
1987-01-16,0.0,33.28,-8.26,-7.18,357.39,8.589176539478142
1987-01-17,0.0,28.61,-3.54,-1.2,564.38,7.677198335479497
1987-01-18,23.91,19.13,-6.33,-2.5,509.57,7.096848569298542
1987-01-19,0.0,159.29,-6.39,-10.72,277.94,6.466754537444933
1987-01-20,0.0,135.19,-6.3,-9.99,290.3,5.985893302609283
1987-01-21,0.0,158.8,-4.98,-9.41,303.67,5.637683442900711
1987-01-22,2.43,202.55,-4.07,-10.92,276.23,5.438706380210097
1987-01-23,12.85,126.01,-4.6,-8.99,319.95,6.151707521518128
1987-01-24,27.51,125.97,-2.65,-7.07,367.29,6.582824490681124
1987-01-25,10.24,20.81,-2.17,2.28,723.76,6.632568756353777
1987-01-26,19.04,202.82,7.17,-4.81,432.91,6.798382975262622
1987-01-27,16.75,147.67,8.48,3.1,768.17,11.49092537038292
1987-01-28,19.94,148.84,-1.83,-6.88,375.23,19.234449393425955
1987-01-29,11.87,166.76,3.22,-3.56,477.19,15.652862264994914
1987-01-30,9.19,32.76,0.53,0.8,645.67,15.221745295831921
1987-01-31,29.22,160.19,8.49,2.84,749.53,11.872298073873262
1987-02-01,50.69,171.08,2.32,-3.75,470.07,27.525160338868176
1987-02-02,5.32,186.93,0.89,-6.01,395.61,15.569955155540493
1987-02-03,8.77,191.19,8.82,1.52,682.17,11.457762526601151
1987-02-04,15.08,148.95,1.0,-3.71,475.78,19.566077831243643
1987-02-05,22.41,48.61,0.45,-0.3,601.84,19.73189205015249
1987-02-06,0.0,49.63,0.92,2.79,745.49,14.525325576414772
1987-02-07,0.0,306.24,12.29,1.51,680.5,12.684787746526599
1987-02-08,0.0,300.58,13.5,3.61,794.97,12.004949449000337
1987-02-09,0.0,298.64,13.87,4.42,836.33,12.668206324635715
1987-02-10,19.54,173.21,13.19,7.63,1050.46,23.54561908505591
1987-02-11,20.35,245.71,8.58,-4.28,459.27,28.851674090138932
1987-02-12,8.16,165.68,10.01,4.49,839.26,22.71654799051169
1987-02-13,18.44,251.08,12.52,-1.34,560.17,29.017488309047774
1987-02-14,8.64,56.95,5.44,4.23,820.88,21.390034239240933
1987-02-15,7.8,136.52,7.15,3.16,768.72,16.349281984412062
1987-02-16,21.84,29.54,-1.7,-0.14,604.91,15.221745295831921
1987-02-17,6.34,229.92,-3.03,-10.4,285.09,13.132486137580479
1987-02-18,4.36,132.89,-2.55,-6.34,385.86,10.943738447983733
1987-02-19,0.0,307.01,-0.68,-7.7,354.8,9.534317587258556
1987-02-20,0.0,345.56,2.37,-6.6,384.99,8.672083648932563
1987-02-21,0.0,358.47,2.03,-7.54,358.11,7.942501085733649
1987-02-22,13.5,29.33,-2.18,3.45,789.62,7.295825631989155
1987-02-23,0.0,170.94,-0.42,-4.05,454.63,6.732057287699083
1987-02-24,0.0,384.02,-0.94,-12.13,248.03,6.23461463097255
1987-02-25,0.0,182.7,-1.32,-5.19,418.65,5.803497661809556
1987-02-26,0.0,247.96,0.91,-4.44,441.54,5.48845064588275
1987-02-27,11.09,239.32,-2.41,-9.14,316.83,5.206566473737715
1987-02-28,11.33,35.54,-4.16,-0.06,606.32,4.974426567265334
1987-03-01,11.01,33.45,-4.37,0.78,640.09,4.77544950457472
1987-03-02,40.91,285.6,4.22,-4.65,438.22,9.136363461877329
1987-03-03,73.03,31.44,0.12,3.59,796.08,80.08826773297187
1987-03-04,31.41,274.6,4.23,-3.62,482.66,71.6317425686208
1987-03-05,11.39,255.51,3.61,-3.16,499.08,61.185446777363595
1987-03-06,10.88,273.36,0.06,-7.26,365.4,41.287740508302264
1987-03-07,0.0,440.96,13.41,-0.87,575.52,24.043061741782445
1987-03-08,1.84,372.98,12.88,2.36,723.18,17.410492985428668
1987-03-09,11.01,60.61,4.7,4.2,818.3,16.28295629684852
1987-03-10,18.34,299.61,7.96,-0.86,575.62,19.73189205015249
1987-03-11,11.93,250.99,5.49,-1.06,573.34,22.384919552694
1987-03-12,10.97,301.81,12.17,3.16,771.23,25.03794705523551
1987-03-13,11.54,286.3,2.63,-4.64,446.22,25.203761274144355
1987-03-14,14.64,214.7,2.36,-2.58,513.22,20.726777363605557
1987-03-15,4.03,54.21,0.48,2.73,741.37,16.266374874957638
1987-03-16,6.42,53.89,0.18,2.21,717.81,13.414370309725514
1987-03-17,15.48,58.08,-0.92,-1.28,560.16,12.751113434090136
1987-03-18,5.88,283.94,8.94,2.09,709.65,11.126134088783461
1987-03-19,4.73,57.36,-0.63,1.32,666.95,9.899108868858011
1987-03-20,9.04,307.94,7.18,-0.32,596.89,8.970549242968485
1987-03-21,0.0,516.75,12.43,-6.0,396.65,8.2078038359878
1987-03-22,0.0,494.55,12.46,0.08,613.12,7.594291226025074
1987-03-23,7.91,382.09,6.82,-6.93,373.52,7.328988475770925
1987-03-24,0.0,293.19,2.79,-2.22,523.16,6.7818015533717375
1987-03-25,20.82,327.35,0.56,-7.47,356.65,6.4501731155540485
1987-03-26,0.0,480.4,-0.12,-9.29,312.54,6.085381833954591
1987-03-27,0.0,490.62,1.71,-8.44,328.44,5.720590552355134
1987-03-28,0.0,350.24,6.15,-0.27,601.22,5.471869223991867
1987-03-29,0.0,540.0,17.22,-0.05,608.93,5.306055005083023
1987-03-30,0.0,540.67,19.75,1.44,675.4,5.239729317519484
1987-03-31,0.0,528.64,19.71,3.81,800.66,5.422124958319213
1987-04-01,0.0,539.68,23.99,4.21,819.7,6.085381833954591
1987-04-02,0.0,495.35,20.1,6.61,968.51,7.76010544493392
1987-04-03,26.3,316.91,6.74,-2.13,536.12,8.92080497729583
1987-04-04,20.04,51.7,1.7,4.05,820.32,8.274129523551336
1987-04-05,13.38,342.2,13.41,4.32,832.92,7.478221272788884
1987-04-06,8.55,392.99,14.12,0.36,630.84,7.3124070538800385
1987-04-07,10.65,327.46,13.78,4.56,844.97,7.594291226025074
1987-04-08,17.11,310.75,0.93,-7.09,369.23,7.959082507624532
1987-04-09,10.24,428.67,14.46,-4.42,445.68,6.914452928498813
1987-04-10,23.25,312.04,2.37,-5.89,406.03,9.666968962385631
1987-04-11,19.64,50.52,0.54,3.75,801.57,8.83789786784141
1987-04-12,0.0,143.4,4.84,2.6,733.54,7.445058429007115
1987-04-13,0.0,549.2,17.45,3.02,762.65,6.715475865808199
1987-04-14,29.12,127.36,4.72,1.57,690.66,8.357036633005759
1987-04-15,15.44,47.16,5.2,7.16,1014.73,9.467991899695017
1987-04-16,14.58,242.91,1.72,-4.19,461.21,11.126134088783461
1987-04-17,4.6,397.34,9.73,-3.02,496.13,9.99859740020332
1987-04-18,3.28,256.69,3.5,-3.28,482.44,8.02540819518807
1987-04-19,0.0,541.89,12.85,-0.53,588.68,6.914452928498813
1987-04-20,0.0,156.22,3.12,1.24,664.01,6.284358896645204
1987-04-21,0.0,554.58,4.75,-7.93,346.77,5.936149036936631
1987-04-22,0.0,204.13,5.2,1.51,681.02,5.936149036936631
1987-04-23,0.0,552.82,5.03,-7.14,368.04,6.085381833954591
1987-04-24,0.0,594.69,5.17,-9.73,302.74,6.23461463097255
1987-04-25,0.0,630.13,17.26,-6.61,375.25,5.985893302609283
1987-04-26,0.0,629.22,24.03,-3.19,487.34,6.23461463097255
1987-04-27,0.0,589.85,26.12,6.11,937.95,9.351921946458825
1987-04-28,0.0,625.94,23.39,-2.05,541.89,13.679673059979665
1987-04-29,0.0,592.92,20.85,2.25,725.63,12.071275136563875
1987-04-30,13.43,460.2,20.02,-2.23,535.62,14.59165126397831
1987-05-01,11.14,259.37,1.93,-5.06,433.46,14.47558131074212
1987-05-02,17.59,55.13,4.31,6.16,936.78,11.606995323619111
1987-05-03,5.17,318.3,16.09,6.9,992.35,10.330225838021008
1987-05-04,0.0,630.53,18.44,-3.98,469.46,10.429714369366314
1987-05-05,0.0,598.09,21.95,3.03,762.19,10.827668494747542
1987-05-06,0.0,621.48,25.82,2.36,726.15,12.50239210572687
1987-05-07,0.0,572.07,29.05,9.76,1220.85,17.410492985428668
1987-05-08,0.0,558.99,29.74,10.98,1318.52,19.73189205015249
1987-05-09,0.0,588.02,28.83,7.91,1073.68,17.9079356421552
1987-05-10,0.0,622.14,25.68,1.4,679.49,14.691139795323618
1987-05-11,34.43,436.02,17.6,-1.72,555.82,14.939861123686885
1987-05-12,31.87,417.35,15.1,-2.69,517.67,15.885002171467297
1987-05-13,0.0,390.2,17.86,7.32,1025.47,11.109552666892577
1987-05-14,15.55,234.36,9.44,1.44,692.03,14.923279701795998
1987-05-15,0.0,370.2,4.48,-5.07,433.77,12.402903574381565
1987-05-16,0.0,628.41,17.19,-7.37,363.29,9.783038915621821
1987-05-17,0.0,521.06,12.19,-3.58,476.38,9.169526305659097
1987-05-18,0.0,262.31,3.92,-3.02,496.72,8.754990758386986
1987-05-19,0.0,592.52,16.5,-4.21,454.19,7.826431132497457
1987-05-20,0.0,566.27,18.1,-1.41,552.6,7.212918522534733
1987-05-21,0.0,621.21,19.98,-4.92,433.7,7.1134299911894265
1987-05-22,0.0,341.19,7.69,-2.19,527.67,6.897871506607928
1987-05-23,0.0,603.38,19.74,-3.59,475.98,6.964197194171466
1987-05-24,0.0,629.01,20.42,-6.27,395.2,7.246081366316502
1987-05-25,0.0,168.53,6.89,2.27,723.73,7.6108726479159605
1987-05-26,0.0,250.12,4.01,-2.67,518.89,7.229499944425617
1987-05-27,0.0,70.71,6.5,7.63,1050.67,6.8647086628261595
1987-05-28,4.16,329.32,12.87,0.68,649.98,6.632568756353777
1987-05-29,7.09,254.14,17.36,8.2,1096.16,6.383847427990511
1987-05-30,45.71,63.44,5.11,4.59,851.05,26.530275025415108
1987-05-31,17.06,111.52,3.06,-0.27,609.44,16.581421890884446
1987-06-01,21.26,289.95,5.25,-4.55,446.89,11.739646698746187
1987-06-02,0.0,559.29,20.63,2.73,747.12,10.064923087766857
1987-06-03,0.0,597.51,25.82,4.04,821.33,9.451410477804133
1987-06-04,0.0,508.25,24.5,8.77,1141.62,10.462877213148083
1987-06-05,0.03,110.46,8.93,7.4,1033.6,10.612110010166045
1987-06-06,0.0,627.31,20.81,-2.38,526.91,9.086619196204675
1987-06-07,0.0,616.14,24.14,1.53,686.25,8.854479289732293
1987-06-08,0.0,164.72,10.8,7.36,1030.35,9.103200618095558
1987-06-09,0.0,296.45,6.15,-0.62,594.41,8.307292367333106
1987-06-10,0.0,403.03,18.99,9.14,1171.37,7.57770980413419
1987-06-11,0.0,514.14,21.88,7.97,1077.2,7.179755678752963
1987-06-12,0.0,474.77,21.83,9.53,1202.15,7.5611283822433055
1987-06-13,0.0,475.83,22.55,9.88,1230.05,7.72694260115215
1987-06-14,0.0,569.46,22.21,4.84,866.56,7.743524023043036
1987-06-15,0.0,182.87,8.14,4.25,832.35,7.345569897661809
1987-06-16,0.0,476.7,6.3,-4.75,442.91,6.284358896645204
1987-06-17,0.0,648.08,20.43,-5.76,410.38,5.720590552355134
1987-06-18,0.0,532.83,22.37,7.33,1026.42,5.538194911555404
1987-06-19,0.0,513.05,23.81,9.62,1209.87,5.853241927482208
1987-06-20,22.32,386.58,10.99,-1.84,550.23,6.433591693663164
1987-06-21,27.95,48.0,4.76,8.55,1124.2,6.765220131480853
1987-06-22,4.49,510.6,10.32,-2.42,527.71,6.334103162317858
1987-06-23,0.0,610.4,20.52,2.15,716.97,5.571357755337172
1987-06-24,0.0,573.11,24.35,7.53,1043.49,5.372380692646559
1987-06-25,0.0,572.13,28.55,10.3,1263.66,5.704009130464248
1987-06-26,0.0,618.52,29.37,4.95,875.26,6.201451787190782
1987-06-27,0.0,594.38,27.13,6.24,958.68,6.201451787190782
1987-06-28,0.0,495.68,26.53,11.93,1394.04,5.952730458827515
1987-06-29,0.0,544.64,31.49,12.37,1434.3,5.902986193154861
1987-06-30,0.0,594.31,30.21,6.56,980.83,5.853241927482208
1987-07-01,0.0,387.05,24.1,12.93,1480.15,5.438706380210097
1987-07-02,0.0,128.03,12.53,9.62,1209.29,4.9246823015926795
1987-07-03,0.0,333.23,18.77,10.24,1258.85,4.5598910199932225
1987-07-04,9.48,100.55,6.16,3.41,787.24,4.460402488647915
1987-07-05,13.34,45.56,5.32,9.56,1204.61,4.360913957302609
1987-07-06,0.0,362.07,13.56,5.02,882.55,3.9463784100304977
1987-07-07,4.25,72.57,11.41,10.17,1253.59,3.797145613012537
1987-07-08,11.13,308.31,8.98,0.72,655.83,3.7474013473398844
1987-07-09,10.28,155.85,8.26,3.79,807.73,3.5815871284310394
1987-07-10,0.0,290.14,17.31,10.44,1275.56,3.4986800189766174
1987-07-11,0.0,546.1,26.34,9.49,1199.1,3.3660286438495417
1987-07-12,0.0,605.09,26.58,3.05,769.06,3.332865800067773
1987-07-13,0.0,623.2,26.49,-1.51,564.07,3.3494472219586577
1987-07-14,0.0,622.46,27.2,-1.35,567.92,3.2831215343951197
1987-07-15,0.0,319.04,16.76,8.17,1093.52,3.067563049813622
1987-07-16,0.0,319.8,8.35,0.36,636.34,2.7359346119959334
1987-07-17,0.0,229.41,14.16,8.57,1125.59,2.5867018149779732
1987-07-18,3.32,398.94,26.27,8.97,1159.05,2.570120393087089
1987-07-19,0.0,182.78,12.01,7.72,1061.93,2.5535389711962044
1987-07-20,0.0,604.46,24.22,-0.25,613.06,2.470631861741782
1987-07-21,0.0,479.9,26.43,11.59,1367.19,2.38772475228736
1987-07-22,0.0,227.2,18.22,12.49,1439.14,2.3213990647238223
1987-07-23,0.0,352.51,21.72,12.55,1445.44,2.3048176428329374
1987-07-24,0.0,482.21,22.89,8.93,1154.17,2.470631861741782
1987-07-25,0.03,577.71,21.3,0.37,644.8,2.255073377160284
1987-07-26,0.0,563.4,21.82,2.51,746.61,2.0892591582514397
1987-07-27,0.0,557.54,22.48,3.59,800.17,1.989770626906133
1987-07-28,0.0,598.33,22.91,-2.17,533.72,1.94002636123348
1987-07-29,0.0,590.42,22.3,-1.3,565.6,1.8902820955608264
1987-07-30,0.0,564.46,22.24,2.16,716.28,1.8239564079972888
1987-07-31,0.0,374.95,20.82,10.67,1293.44,1.7410492985428665
1987-08-01,0.0,585.31,22.7,-1.52,548.11,1.724467876651982
1987-08-02,0.0,593.74,24.99,-2.7,503.14,1.7078864547610977
1987-08-03,0.0,550.63,28.53,5.56,889.04,1.6913050328702133
1987-08-04,0.0,566.31,28.95,2.88,740.36,1.6747236109793289
1987-08-05,0.0,459.57,22.13,5.94,934.78,1.6581421890884442
1987-08-06,0.0,429.44,24.42,9.02,1161.16,1.608397923415791
1987-08-07,0.0,437.4,28.3,11.49,1357.72,1.5420722358522532
1987-08-08,0.0,433.08,30.5,13.08,1496.23,1.5254908139613688
1987-08-09,0.0,290.31,21.99,11.67,1375.79,1.5254908139613688
1987-08-10,0.0,376.51,17.97,4.84,871.16,1.5089093920704844
1987-08-11,0.0,475.89,23.38,4.61,836.04,1.426002282616062
1987-08-12,0.0,165.47,9.98,4.88,874.22,1.3762580169434087
1987-08-13,6.05,70.89,10.61,9.04,1163.21,1.392839438834293
1987-08-14,3.2,48.34,8.09,8.83,1146.11,1.3596765950525243
1987-08-15,0.0,108.57,10.85,8.58,1126.67,1.3265137512707557
1987-08-16,0.0,287.68,19.8,10.68,1294.14,1.2767694855981022
1987-08-17,0.0,546.32,22.39,-2.8,480.64,1.2436066418163334
1987-08-18,0.0,502.3,23.76,2.74,712.16,1.2104437980345644
1987-08-19,0.0,537.92,23.64,-1.96,516.2,1.2104437980345644
1987-08-20,0.0,483.11,15.16,-3.64,479.01,1.2104437980345644
1987-08-21,0.0,506.43,22.93,0.46,611.57,1.1772809542527956
1987-08-22,0.0,436.68,26.07,7.96,1045.89,1.127536688580142
1987-08-23,0.0,533.08,27.69,-1.27,533.56,1.127536688580142
1987-08-24,0.0,505.78,28.26,2.92,718.52,1.1109552666892577
1987-08-25,0.0,516.15,26.83,-0.31,585.13,1.1109552666892577
1987-08-26,0.0,490.37,24.62,0.83,644.53,1.077792422907489
1987-08-27,0.0,506.72,25.88,-0.54,577.47,1.0612110010166043
1987-08-28,0.0,426.46,25.03,6.32,938.08,1.0612110010166043
1987-08-29,0.0,419.54,26.86,8.32,988.67,1.0612110010166043
1987-08-30,0.0,407.76,30.36,11.72,1173.47,1.0280481572348354
1987-08-31,0.0,282.15,19.42,8.08,1010.06,1.0280481572348354
1987-09-01,0.0,419.03,31.13,11.93,1072.88,1.011466735343951
1987-09-02,0.0,358.05,15.21,1.33,634.56,1.011466735343951
1987-09-03,0.0,380.72,23.87,8.13,914.97,0.9948853134530665
1987-09-04,0.0,400.85,24.62,7.41,857.25,0.9783038915621821
1987-09-05,0.0,385.92,26.78,10.01,1020.93,0.9451410477804132
1987-09-06,0.0,487.17,27.41,-0.08,463.54,0.9451410477804132
1987-09-07,0.0,420.72,26.08,6.37,777.86,0.9451410477804132
1987-09-08,0.0,418.61,19.4,-0.13,537.17,0.9285596258895288
1987-09-09,0.0,461.13,23.28,-1.51,453.68,0.9285596258895288
1987-09-10,0.0,305.07,22.24,9.05,1078.63,0.8953967821077599
1987-09-11,0.0,46.58,8.41,12.46,1437.01,0.8953967821077599
1987-09-12,0.23,44.01,7.32,11.55,1363.97,0.8953967821077599
1987-09-13,3.93,256.16,15.46,0.5,648.79,0.8953967821077599
1987-09-14,16.01,152.02,6.96,-1.36,569.7,1.1772809542527956
1987-09-15,11.04,163.93,15.0,5.61,907.97,1.3265137512707557
1987-09-16,0.33,330.27,11.74,-3.37,484.8,1.011466735343951
1987-09-17,0.0,360.91,20.64,3.12,748.63,0.9285596258895288
1987-09-18,0.0,301.73,21.12,7.28,1013.06,0.8788153602168755
1987-09-19,0.0,303.89,23.37,9.1,1119.02,0.862233938325991
1987-09-20,0.0,434.27,24.0,-2.68,400.93,0.8456525164351066
1987-09-21,0.0,412.15,24.95,1.11,516.65,0.8124896726533377
1987-09-22,0.0,377.65,24.34,4.37,675.26,0.7793268288715688
1987-09-23,0.0,325.5,25.5,9.27,996.16,0.7793268288715688
1987-09-24,0.0,72.01,9.68,7.82,1069.39,0.7793268288715688
1987-09-25,0.28,164.63,7.9,1.37,691.89,0.7793268288715688
1987-09-26,0.0,279.15,7.71,-3.71,471.14,0.7627454069806844
1987-09-27,0.0,391.31,18.26,-2.62,437.15,0.7461639850898
1987-09-28,0.0,219.22,9.06,-0.09,603.89,0.7295825631989155
1987-09-29,0.0,405.57,23.79,-2.04,430.08,0.7295825631989155
1987-09-30,0.0,406.34,26.2,-2.32,421.67,0.7295825631989155
1987-10-01,0.0,357.92,26.02,5.54,756.25,0.713001141308031
1987-10-02,0.0,267.71,10.99,-1.26,565.62,0.713001141308031
1987-10-03,0.0,343.11,19.17,0.34,565.53,0.713001141308031
1987-10-04,0.0,339.55,15.2,-2.96,430.33,0.713001141308031
1987-10-05,0.0,369.13,21.6,-1.98,406.61,0.6964197194171465
1987-10-06,0.0,348.18,19.14,-1.12,436.17,0.6798382975262621
1987-10-07,0.0,274.97,13.61,0.01,514.92,0.6632568756353778
1987-10-08,0.0,305.63,20.37,4.2,534.61,0.6964197194171465
1987-10-09,0.0,308.5,23.06,6.17,580.24,0.6964197194171465
1987-10-10,0.0,351.49,20.65,-2.19,302.6,0.6964197194171465
1987-10-11,0.0,355.3,22.08,-3.74,269.71,0.6964197194171465
1987-10-12,0.0,272.52,8.51,-6.79,314.83,0.6798382975262621
1987-10-13,0.0,240.1,12.27,-1.02,472.4,0.6798382975262621
1987-10-14,0.0,200.61,4.8,-5.92,391.14,0.6798382975262621
1987-10-15,0.0,305.62,12.98,-7.02,280.59,0.6632568756353778
1987-10-16,0.0,256.14,11.52,-3.74,388.26,0.6632568756353778
1987-10-17,0.0,287.34,10.0,-8.52,260.03,0.6632568756353778
1987-10-18,0.0,295.59,16.58,-4.03,316.8,0.6632568756353778
1987-10-19,0.0,326.83,19.21,-9.73,192.48,0.6632568756353778
1987-10-20,0.0,286.13,13.55,-6.75,280.53,0.6632568756353778
1987-10-21,0.0,223.62,9.23,-4.83,381.69,0.6466754537444933
1987-10-22,0.0,287.8,16.51,-5.25,303.47,0.6466754537444933
1987-10-23,0.0,245.97,15.35,-1.47,438.0,0.6300940318536089
1987-10-24,0.0,162.17,15.3,4.69,808.72,0.6300940318536089
1987-10-25,0.0,225.33,10.5,-5.04,391.26,0.6300940318536089
1987-10-26,0.0,173.27,4.07,-7.25,363.02,0.6300940318536089
1987-10-27,0.0,201.96,4.7,-8.92,314.19,0.6300940318536089
1987-10-28,0.0,273.36,15.7,-8.5,263.19,0.6300940318536089
1987-10-29,0.0,259.38,16.97,-5.23,339.64,0.6300940318536089
1987-10-30,11.17,157.3,13.49,-1.4,550.83,0.6300940318536089
1987-10-31,29.26,113.54,15.05,4.32,833.62,1.7078864547610977
1987-11-01,18.43,31.44,6.02,4.06,821.29,1.127536688580142
1987-11-02,0.0,64.81,4.58,0.69,645.93,0.8124896726533377
1987-11-03,0.0,78.72,2.78,-2.17,531.87,0.6964197194171465
1987-11-04,0.0,205.97,12.02,-3.28,488.72,0.6632568756353778
1987-11-05,0.0,229.44,14.76,-4.47,451.41,0.6632568756353778
1987-11-06,4.24,69.94,10.4,5.01,880.47,0.6632568756353778
1987-11-07,0.0,164.92,7.61,-3.89,472.48,0.6632568756353778
1987-11-08,0.0,29.54,7.55,8.1,1087.64,0.6632568756353778
1987-11-09,23.07,86.33,8.39,0.8,656.51,2.6032832368688577
1987-11-10,23.78,64.32,14.33,8.71,1136.81,3.3494472219586577
1987-11-11,37.47,87.92,5.74,-1.64,558.99,8.2078038359878
1987-11-12,19.65,31.7,10.93,8.67,1133.37,3.896634144357844
1987-11-13,22.89,61.52,1.17,-3.64,481.77,7.677198335479497
1987-11-14,8.22,19.47,-0.7,3.21,775.78,4.045866941375804
1987-11-15,21.6,84.22,5.14,-1.47,552.38,2.3213990647238223
1987-11-16,27.03,113.05,-2.3,-10.53,281.58,2.437469017960013
1987-11-17,0.0,35.31,-3.42,-2.08,527.85,2.155584845814978
1987-11-18,0.0,55.46,4.34,2.07,713.19,1.9731892050152489
1987-11-19,0.0,145.64,13.19,5.57,912.76,2.0892591582514397
1987-11-20,0.0,36.83,6.76,6.96,996.46,2.0063520487970177
1987-11-21,10.67,23.95,2.86,3.03,761.7,3.896634144357844
1987-11-22,29.72,47.98,0.25,-2.4,520.72,10.811087072856656
1987-11-23,10.14,19.5,3.15,4.27,823.59,6.98077861606235
1987-11-24,24.36,17.99,1.55,2.89,754.56,23.048176428329377
1987-11-25,0.0,142.18,8.24,1.29,665.27,9.053456352422906
1987-11-26,0.0,171.85,8.48,-0.64,584.0,5.786916239918671
1987-11-27,0.0,200.84,5.52,-9.66,304.32,4.443821066757031
1987-11-28,0.0,100.5,-4.41,-8.57,323.01,3.6644942378854624
1987-11-29,24.14,160.06,1.4,-10.82,276.29,3.249958690613351
1987-11-30,12.74,111.76,6.31,0.02,612.27,6.350684584208742
1987-12-01,51.69,90.71,-1.35,-5.84,407.75,16.01765354659437
1987-12-02,30.87,27.05,1.37,0.37,627.79,13.530440262961706
1987-12-03,47.27,16.42,-0.62,1.45,682.19,36.976570816672314
1987-12-04,7.24,104.79,-2.22,-7.48,360.66,14.939861123686885
1987-12-05,18.46,133.93,8.41,0.04,612.58,16.515096203320905
1987-12-06,41.27,140.54,1.97,-6.92,373.28,62.84358896645204
1987-12-07,26.56,142.62,4.08,-5.88,406.07,28.52004565232124
1987-12-08,15.21,137.98,9.84,-0.21,604.23,19.068635174517112
1987-12-09,69.9,58.17,7.71,4.64,851.08,52.39729317519484
1987-12-10,32.8,64.59,-0.82,-4.06,459.2,40.12704097594035
1987-12-11,13.17,133.21,-1.79,-9.66,301.56,19.566077831243643
1987-12-12,0.0,30.53,-5.83,-5.07,421.6,13.497277419179937
1987-12-13,0.0,186.19,-4.23,-13.31,226.95,10.678435697729581
1987-12-14,7.79,15.83,-7.5,-4.91,425.72,9.235851993222635
1987-12-15,0.0,19.98,-8.35,-3.08,487.5,7.942501085733649
1987-12-16,2.57,129.25,-8.02,-13.83,218.07,7.096848569298542
1987-12-17,0.0,29.64,-4.22,-2.87,494.42,6.400428849881394
1987-12-18,0.0,143.57,-7.28,-12.66,239.99,5.919567615045746
1987-12-19,0.0,70.15,-7.63,-10.05,291.11,5.405543536428328
1987-12-20,22.32,134.13,1.47,-7.1,359.39,5.1734036299559465
1987-12-21,17.23,14.27,-6.22,0.87,644.36,4.9246823015926795
1987-12-22,7.92,14.08,-6.74,0.57,633.59,4.5930538637749905
1987-12-23,0.0,39.46,-7.51,-8.4,330.05,4.2614254259573014
1987-12-24,0.0,50.42,-7.52,-9.07,310.77,4.02928551948492
1987-12-25,0.0,151.56,-7.64,-13.46,224.49,3.863471300576075
1987-12-26,0.0,170.47,-7.35,-14.4,207.6,3.7308199254489995
1987-12-27,0.0,140.45,-6.97,-11.94,253.26,3.631331394103693
1987-12-28,0.0,158.28,-5.52,-11.46,263.13,3.5318428627583867
1987-12-29,4.07,129.11,-4.25,-11.05,272.48,3.4157729095221954
1987-12-30,2.17,161.19,-6.16,-12.15,247.56,3.2333772687224664
1987-12-31,0.0,75.77,-1.64,-4.15,449.8,3.0509816279227375
1988-01-01,0.0,110.97,-6.51,-10.17,284.32,2.9349116746865467
1988-01-02,0.0,187.98,1.95,-5.62,406.63,2.802260299559471
1988-01-03,0.0,172.79,3.86,-2.8,497.84,2.7359346119959334
1988-01-04,0.0,87.83,0.53,-2.18,521.49,2.6530275025415113
1988-01-05,0.0,144.1,0.18,-4.8,431.39,2.5867018149779732
1988-01-06,5.32,77.66,2.0,-0.98,571.1,2.5203761274144356
1988-01-07,0.0,181.66,2.26,-4.52,440.03,2.487213283632667
1988-01-08,8.86,131.98,6.83,0.67,636.46,2.437469017960013
1988-01-09,10.28,17.23,-4.99,1.05,650.51,2.487213283632667
1988-01-10,5.14,18.39,-4.78,-1.59,545.94,2.83542314334124
1988-01-11,7.54,19.22,-4.63,-1.0,569.86,2.6530275025415113
1988-01-12,4.86,24.52,-1.32,0.01,609.68,2.5535389711962044
1988-01-13,25.96,17.17,-5.29,0.43,630.02,3.0509816279227375
1988-01-14,71.97,165.77,0.9,-7.69,355.13,52.39729317519484
1988-01-15,21.45,19.16,-1.84,3.17,772.72,25.535389711962043
1988-01-16,13.88,97.92,-3.33,-7.01,364.89,13.198811825144016
1988-01-17,0.05,186.38,5.52,-0.29,598.79,9.40166621213148
1988-01-18,2.82,196.28,3.87,-7.87,342.79,7.494802694679769
1988-01-19,1.84,63.7,2.08,0.82,641.8,6.284358896645204
1988-01-20,8.21,53.51,-2.75,-4.59,440.43,6.085381833954591
1988-01-21,0.0,29.21,-2.69,1.03,651.8,5.471869223991867
1988-01-22,16.17,23.29,-2.31,1.2,660.21,5.140240786174178
1988-01-23,0.0,200.38,-3.43,-9.25,309.21,4.974426567265334
1988-01-24,0.0,250.53,-1.03,-9.49,302.31,4.493565332429684
1988-01-25,0.0,273.97,6.48,-8.88,318.94,4.211681160284649
1988-01-26,0.0,65.27,1.32,0.54,630.25,3.9961226757031505
1988-01-27,16.02,206.5,9.88,-2.79,502.64,4.1453554727211115
1988-01-28,30.48,128.98,2.95,-1.47,557.25,9.119782039986445
1988-01-29,20.99,172.77,-1.4,-7.57,359.11,16.150304921721446
1988-01-30,3.65,67.93,-5.48,-7.36,356.13,10.230737306675701
1988-01-31,0.0,236.77,-7.63,-13.57,222.78,7.76010544493392
1988-02-01,0.0,281.74,-7.92,-16.28,177.98,6.334103162317858
1988-02-02,5.89,174.39,-7.54,-13.22,225.89,5.538194911555404
1988-02-03,5.04,194.66,-5.36,-11.8,256.48,4.9246823015926795
1988-02-04,0.0,305.26,-2.48,-11.8,256.48,4.410658222975262
1988-02-05,0.0,228.0,3.12,-2.33,517.27,4.062448363266689
1988-02-06,21.6,85.09,1.92,-0.55,588.42,3.846889878685191
1988-02-07,27.65,187.6,-0.82,-6.6,385.02,4.062448363266689
1988-02-08,30.31,206.33,3.07,-3.99,467.13,4.991007989156217
1988-02-09,35.66,29.9,-1.17,-0.71,585.03,6.682313022026431
1988-02-10,24.15,23.7,-1.15,5.43,904.6,6.151707521518128
1988-02-11,0.09,132.97,6.59,3.72,798.95,6.184870365299897
1988-02-12,10.1,174.58,9.17,3.5,786.44,7.013941459844119
1988-02-13,14.83,35.98,0.46,1.21,666.99,8.439943742460182
1988-02-14,20.58,161.41,-3.09,-7.49,360.32,7.42847700711623
1988-02-15,30.97,177.71,-2.96,-7.84,351.22,8.406780898678413
1988-02-16,1.03,93.39,2.52,1.08,652.76,6.732057287699083
1988-02-17,10.56,39.11,-1.67,-0.58,587.9,6.035637568281937
1988-02-18,0.0,42.23,-2.36,2.09,714.18,5.339217848864791
1988-02-19,0.0,379.71,4.87,-8.08,343.12,4.8417751921382575
1988-02-20,0.0,353.09,-1.31,-9.9,297.94,4.6759609732294125
1988-02-21,0.0,328.16,-1.77,-9.21,313.96,4.808612348356489
1988-02-22,0.0,402.5,6.33,-11.66,259.51,4.6759609732294125
1988-02-23,0.0,348.81,8.54,-2.04,527.91,4.427239644866146
1988-02-24,0.0,394.63,14.06,-0.09,607.94,4.195099738393764
1988-02-25,0.0,411.07,13.48,-5.05,424.51,4.095611207048457
1988-02-26,0.0,410.2,14.96,-1.8,539.71,4.360913957302609
1988-02-27,0.0,419.68,14.63,-4.15,453.89,5.355799270755675
1988-02-28,0.0,430.94,16.23,-8.32,336.58,6.7818015533717375
1988-02-29,7.39,258.17,3.25,-5.43,422.08,7.6108726479159605
1988-03-01,12.44,314.87,14.0,-2.8,507.02,7.295825631989155
1988-03-02,16.33,321.68,11.62,-6.11,400.32,6.8647086628261595
1988-03-03,16.62,134.48,1.49,-2.63,505.73,6.383847427990511
1988-03-04,11.0,122.49,-1.24,-4.88,429.78,7.411895585225346
1988-03-05,14.93,309.83,9.57,-3.22,485.89,7.163174256862079
1988-03-06,16.49,256.91,-1.88,-9.93,297.64,6.566243068790239
1988-03-07,0.32,477.04,10.87,-11.12,270.0,5.803497661809556
1988-03-08,34.7,343.62,10.63,-6.47,387.05,6.715475865808199
1988-03-09,28.7,216.92,-2.02,-8.8,325.57,7.527965538461538
1988-03-10,0.0,150.85,-2.25,-5.48,406.74,6.201451787190782
1988-03-11,0.0,471.34,6.6,-9.16,309.97,5.471869223991867
1988-03-12,0.0,494.87,11.3,-8.79,318.62,4.991007989156217
1988-03-13,0.0,460.27,12.76,-2.8,499.92,4.642798129447645
1988-03-14,0.0,514.07,12.92,-12.05,251.69,4.460402488647915
1988-03-15,0.0,481.37,9.97,-7.99,337.55,4.211681160284649
1988-03-16,0.0,371.9,9.94,-1.66,543.78,4.02928551948492
1988-03-17,0.0,486.04,16.83,-2.57,508.54,3.9463784100304977
1988-03-18,0.0,482.01,18.14,-1.44,552.17,3.929796988139613
1988-03-19,0.0,485.79,16.52,-3.25,485.72,4.128774050830226
1988-03-20,11.23,124.57,2.85,-1.9,542.54,8.02540819518807
1988-03-21,12.31,46.05,2.51,3.75,803.62,7.6108726479159605
1988-03-22,26.16,232.81,11.22,1.81,698.61,7.76010544493392
1988-03-23,31.13,359.5,11.11,-6.63,384.37,12.717950590308368
1988-03-24,22.68,46.51,-0.95,0.04,615.89,9.865946025076244
1988-03-25,33.68,218.75,7.54,-0.66,584.18,10.462877213148083
1988-03-26,55.23,72.91,-2.71,-4.59,439.35,17.57630720433751
1988-03-27,23.65,94.8,-2.06,-4.69,434.33,10.993482713656386
1988-03-28,24.19,186.49,-0.9,-6.93,365.29,8.50626943002372
1988-03-29,30.56,223.01,-1.17,-8.09,337.15,7.229499944425617
1988-03-30,4.77,76.67,1.77,2.39,724.92,6.251196052863435
1988-03-31,0.0,340.94,1.43,-6.16,394.73,5.67084628668248
1988-04-01,0.0,570.38,13.92,-6.09,401.25,5.737171974246017
1988-04-02,25.91,319.22,5.27,-4.8,441.96,11.75622812063707
1988-04-03,24.33,134.74,-1.56,-5.29,421.08,16.05081639037614
1988-04-04,8.99,295.84,-0.35,-8.97,318.38,10.761342807184004
1988-04-05,18.55,365.17,8.82,-3.25,486.66,11.291948307692305
1988-04-06,41.27,186.44,-1.5,-6.34,393.88,25.203761274144355
1988-04-07,2.94,228.67,0.97,-4.42,443.17,15.022768233141306
1988-04-08,0.48,580.45,9.48,-6.63,375.49,10.811087072856656
1988-04-09,0.0,628.66,16.76,-12.1,249.88,8.9539678210776
1988-04-10,0.0,583.78,20.57,1.53,684.6,8.257548101660452
1988-04-11,0.0,630.18,20.07,-8.71,325.23,8.754990758386986
1988-04-12,0.0,623.88,21.06,-5.42,416.14,9.766457493730936
1988-04-13,0.91,130.85,8.43,6.53,971.54,11.9386237614368
1988-04-14,5.35,424.28,15.8,-0.35,602.61,12.336577886818025
1988-04-15,0.0,326.42,15.3,8.26,1100.65,11.971786605218567
1988-04-16,0.0,492.59,12.63,1.34,681.17,12.121019402236529
1988-04-17,22.64,195.86,2.36,-2.54,518.77,11.059808401219923
1988-04-18,0.0,640.14,15.19,-7.71,354.28,9.882527446967128
1988-04-19,0.0,571.72,6.48,-7.39,362.99,9.21927057133175
1988-04-20,0.0,608.37,19.16,0.39,636.48,9.600643274822092
1988-04-21,0.0,329.38,6.65,-0.19,610.24,10.41313294747543
1988-04-22,2.91,332.4,11.45,2.45,731.16,9.799620337512707
1988-04-23,0.0,264.71,-0.19,-5.21,428.93,8.556013695696372
1988-04-24,15.26,80.76,-0.11,0.26,623.28,7.6108726479159605
1988-04-25,0.0,491.11,6.47,-4.25,450.29,6.914452928498813
1988-04-26,0.0,581.85,18.01,2.23,719.99,6.582824490681124
1988-04-27,0.0,531.58,20.04,6.43,954.65,6.682313022026431
1988-04-28,23.77,53.01,5.92,9.46,1196.48,10.993482713656386
1988-04-29,33.65,462.55,11.99,-6.53,387.25,14.37609277939681
1988-04-30,19.61,63.07,1.63,2.21,718.04,9.716713228058284
1988-05-01,4.79,72.38,1.34,1.6,687.43,7.959082507624532
1988-05-02,23.28,438.03,7.55,-7.06,369.97,7.859593976279226
1988-05-03,13.35,475.99,11.56,-7.74,354.22,7.959082507624532
1988-05-04,4.22,71.72,0.97,1.29,670.77,7.42847700711623
1988-05-05,2.85,111.26,3.28,2.02,709.33,6.98077861606235
1988-05-06,6.81,301.73,2.94,-5.18,427.81,6.8647086628261595
1988-05-07,0.0,541.4,16.56,3.27,777.37,6.632568756353777
1988-05-08,0.0,618.67,19.93,2.26,720.44,6.831545819044391
1988-05-09,0.0,667.91,18.71,-4.39,455.21,7.6108726479159605
1988-05-10,0.0,668.3,22.97,-1.74,554.59,8.738409336496101
1988-05-11,0.0,620.44,26.7,7.74,1059.53,12.618462058963061
1988-05-12,0.0,667.3,24.19,-0.04,626.74,15.802095062012876
1988-05-13,22.11,324.33,6.73,-2.17,537.35,21.72166267705862
1988-05-14,21.85,343.5,7.24,-2.13,535.74,15.437303780413416
1988-05-15,0.0,672.48,20.59,-2.96,506.09,11.805972386309723
1988-05-16,30.29,298.88,5.95,-2.16,538.16,13.895231544561165
1988-05-17,25.19,177.94,5.71,1.04,660.6,13.381207465943746
1988-05-18,24.1,137.7,2.67,-0.63,591.39,10.910575604201965
1988-05-19,1.75,600.16,17.37,1.55,688.12,9.948853134530667
1988-05-20,0.0,583.23,20.03,5.85,925.44,9.467991899695017
1988-05-21,0.0,629.62,26.34,7.33,1026.6,10.56236574449339
1988-05-22,8.0,463.31,13.67,-2.42,529.07,12.850601965435443
1988-05-23,7.97,503.28,15.84,-6.57,385.21,11.242204042019653
1988-05-24,0.0,607.79,17.25,0.65,642.88,9.202689149440866
1988-05-25,0.0,662.23,18.75,-3.0,501.87,8.672083648932563
1988-05-26,0.0,641.07,16.53,-2.86,507.91,8.556013695696372
1988-05-27,31.89,272.36,13.06,4.9,871.27,17.9079356421552
1988-05-28,37.78,235.63,3.42,-3.34,492.89,26.364460806506266
1988-05-29,9.31,483.49,11.09,-2.69,506.19,14.873535436123344
1988-05-30,0.0,239.47,3.16,-1.81,540.43,11.34169257336496
1988-05-31,23.98,464.9,14.97,-3.68,480.62,10.595528588275158
1988-06-01,28.96,278.44,7.79,-0.63,593.26,11.01006413554727
1988-06-02,24.68,389.14,14.84,1.89,704.74,18.902820955608266
1988-06-03,10.54,360.38,15.25,3.32,778.23,21.55584845814978
1988-06-04,2.36,435.44,12.26,0.64,643.89,14.309767091833274
1988-06-05,0.0,500.83,6.48,-5.97,401.79,11.789390964418839
1988-06-06,18.49,491.87,16.99,-5.45,419.74,10.379970103693662
1988-06-07,22.49,288.8,5.19,-3.82,474.39,9.63380611860386
1988-06-08,0.0,670.96,17.93,-5.36,423.45,9.152944883768212
1988-06-09,0.0,489.12,9.64,-2.31,523.29,8.904223555404945
1988-06-10,8.77,291.83,7.02,-1.72,555.89,9.716713228058284
1988-06-11,0.0,686.78,19.4,-5.73,410.06,9.4845733215859
1988-06-12,0.0,664.52,20.65,-1.99,535.45,8.77157218027787
1988-06-13,0.0,687.56,23.71,-4.11,463.4,9.103200618095558
1988-06-14,0.0,597.24,28.39,8.85,1147.67,10.678435697729581
1988-06-15,0.0,609.06,22.04,2.83,759.86,12.038112292782106
1988-06-16,0.0,589.53,23.29,4.76,862.4,11.839135230091491
1988-06-17,3.05,550.09,19.36,2.08,721.69,10.728179963402233
1988-06-18,0.0,565.0,17.08,0.13,635.13,9.783038915621821
1988-06-19,0.0,665.16,21.61,-3.77,475.31,9.269014837004404
1988-06-20,0.0,641.04,22.55,-0.53,598.99,9.25243341511352
1988-06-21,0.0,409.56,24.27,12.39,1431.22,9.683550384276515
1988-06-22,0.0,329.88,9.93,1.59,707.3,10.396551525584545
1988-06-23,0.0,450.46,11.03,-0.8,594.91,9.28559625889529
1988-06-24,0.0,564.27,22.36,5.17,886.11,8.158059570315146
1988-06-25,0.0,613.74,23.95,3.55,794.52,8.357036633005759
1988-06-26,0.0,315.83,8.37,0.55,654.3,8.406780898678413
1988-06-27,0.0,341.88,18.44,9.45,1196.05,7.411895585225346
1988-06-28,4.96,126.26,8.64,4.86,867.05,6.814964397153506
1988-06-29,0.0,511.08,12.72,-1.27,564.53,6.433591693663164
1988-06-30,0.0,490.46,11.52,-1.55,556.17,6.151707521518128
1988-07-01,22.37,97.68,13.74,10.91,1313.02,6.201451787190782
1988-07-02,25.93,319.64,12.44,1.47,698.44,7.411895585225346
1988-07-03,0.0,556.62,19.01,2.72,748.98,6.897871506607928
1988-07-04,0.0,560.84,18.42,1.84,702.7,6.1185446777363595
1988-07-05,22.44,385.69,17.24,2.55,740.7,5.637683442900711
1988-07-06,22.97,338.1,9.16,-2.46,526.74,5.289473583192137
1988-07-07,0.0,575.7,18.81,1.04,663.1,5.2563107394103685
1988-07-08,0.0,611.03,26.35,5.26,891.8,5.853241927482208
1988-07-09,0.0,613.44,25.75,4.33,836.18,6.3672660060996265
1988-07-10,0.0,453.64,13.17,0.76,663.05,6.284358896645204
1988-07-11,3.77,214.67,7.62,1.64,702.69,5.936149036936631
1988-07-12,14.79,356.57,12.67,0.1,632.51,6.566243068790239
1988-07-13,21.51,68.52,5.95,4.97,879.86,7.3953141633344615
1988-07-14,0.0,323.16,20.11,12.29,1423.16,5.637683442900711
1988-07-15,0.0,411.91,14.69,5.03,880.75,4.991007989156217
1988-07-16,0.0,671.93,23.65,-2.93,506.43,4.808612348356489
1988-07-17,0.0,673.93,24.45,-3.44,489.2,4.758868082683835
1988-07-18,0.0,583.76,27.02,8.32,1105.81,4.74228666079295
1988-07-19,0.0,656.88,32.66,3.46,791.77,4.874938035920026
1988-07-20,0.0,660.99,33.17,2.4,741.56,5.156822208065061
1988-07-21,0.0,646.45,27.23,1.52,697.52,4.974426567265334
1988-07-22,0.0,616.68,20.06,-1.06,582.43,4.642798129447645
1988-07-23,0.0,578.95,25.0,5.55,908.41,4.294588269739071
1988-07-24,0.0,657.88,28.0,-1.47,565.41,4.095611207048457
1988-07-25,0.0,638.74,31.37,3.3,788.59,4.062448363266689
1988-07-26,0.0,648.58,32.89,1.63,706.74,4.062448363266689
1988-07-27,0.0,541.25,17.12,-0.8,594.24,3.896634144357844
1988-07-28,0.0,631.22,24.79,-2.19,536.25,3.5815871284310394
1988-07-29,0.0,615.81,24.98,-0.71,598.3,3.3826100657404266
1988-07-30,0.0,580.06,24.89,2.23,727.55,3.3494472219586577
1988-07-31,0.0,406.44,11.09,-1.78,552.38,3.2333772687224664
1988-08-01,0.0,601.5,23.24,-1.9,547.98,3.0012373622500843
1988-08-02,0.0,585.06,27.17,2.51,738.26,2.802260299559471
1988-08-03,0.0,538.38,30.4,8.27,1101.9,2.7193531901050485
1988-08-04,0.0,571.13,30.53,5.48,912.68,2.702771768214164
1988-08-05,0.0,404.65,17.71,3.66,803.4,2.6696089244323953
1988-08-06,0.0,347.82,10.48,-0.83,592.78,2.5037947055235508
1988-08-07,0.0,369.29,22.21,9.29,1183.38,2.3379804866147063
1988-08-08,0.0,403.55,24.26,9.81,1224.68,2.2716547990511686
1988-08-09,0.0,152.11,14.09,9.31,1186.17,2.2384919552694
1988-08-10,0.0,502.15,23.02,3.86,817.59,2.2219105333785154
1988-08-11,0.0,187.09,17.36,11.18,1334.07,2.1224220020332085
1988-08-12,0.0,278.12,22.27,12.48,1438.66,2.056096314469671
1988-08-13,0.0,208.99,18.86,11.63,1370.36,2.0063520487970177
1988-08-14,0.0,127.6,16.52,12.45,1436.37,1.9731892050152489
1988-08-15,0.0,82.66,12.87,11.52,1361.38,1.906863517451711
1988-08-16,14.35,140.86,8.38,2.65,754.16,1.9731892050152489
1988-08-17,2.0,196.51,12.24,5.99,938.05,1.8902820955608264
1988-08-18,0.0,421.88,18.02,4.01,819.23,1.8239564079972888
1988-08-19,0.0,362.87,14.97,3.75,804.61,1.7742121423246355
1988-08-20,0.0,543.19,16.96,-3.04,503.57,1.7410492985428665
1988-08-21,0.0,545.36,23.31,1.95,708.13,1.7078864547610977
1988-08-22,0.0,487.33,27.5,9.09,1167.39,1.6581421890884442
1988-08-23,0.0,553.83,30.55,6.08,942.74,1.6249793453066754
1988-08-24,0.0,485.17,17.73,0.85,667.18,1.6747236109793289
1988-08-25,0.0,571.61,23.4,-1.39,568.71,1.6249793453066754
1988-08-26,0.0,562.29,23.74,-0.52,606.54,1.5752350796340222
1988-08-27,0.0,537.17,26.3,4.1,825.45,1.5586536577431376
1988-08-28,0.0,516.07,28.46,7.35,1034.34,1.5420722358522532
1988-08-29,0.0,118.52,14.31,11.76,1381.08,1.4923279701796
1988-08-30,0.0,548.12,22.17,-0.99,581.68,1.4923279701796
1988-08-31,0.0,492.57,24.4,5.94,925.95,1.4425837045069465
1988-09-01,0.0,486.47,28.3,9.33,1150.01,1.4094208607251777
1988-09-02,0.0,554.95,33.26,4.22,758.97,1.3762580169434087
1988-09-03,0.0,556.59,29.86,1.0,621.33,1.4094208607251777
1988-09-04,0.0,444.21,23.02,6.6,966.55,1.459165126397831
1988-09-05,0.0,145.58,9.45,5.15,890.27,1.459165126397831
1988-09-06,0.0,497.02,20.08,0.34,606.04,1.426002282616062
1988-09-07,0.0,489.53,18.49,-0.79,567.18,1.4094208607251777
1988-09-08,0.0,519.36,20.45,-2.95,467.63,1.392839438834293
1988-09-09,0.0,383.26,9.0,-4.09,459.97,1.3430951731616398
1988-09-10,0.0,459.39,14.1,-3.99,450.7,1.309932329379871
1988-09-11,0.0,418.71,22.78,5.96,890.26,1.2601880637072178
1988-09-12,0.0,308.03,19.17,7.54,1029.11,1.2436066418163334
1988-09-13,0.0,407.35,27.14,9.55,1129.42,1.2436066418163334
1988-09-14,0.0,343.07,21.16,7.18,993.05,1.2436066418163334
1988-09-15,18.49,233.79,18.43,5.95,935.95,1.2436066418163334
1988-09-16,0.0,56.23,5.07,7.08,1009.08,1.2104437980345644
1988-09-17,0.0,373.43,8.67,-6.25,395.76,1.1772809542527956
1988-09-18,0.0,351.17,7.19,-6.6,382.96,1.1772809542527956
1988-09-19,20.77,35.32,3.2,9.58,1206.8,1.7742121423246355
1988-09-20,0.0,238.18,5.92,-2.64,520.4,1.3762580169434087
1988-09-21,0.0,460.26,17.63,-5.26,427.26,1.2436066418163334
1988-09-22,0.0,325.97,7.59,-4.76,440.97,1.19386237614368
1988-09-23,9.39,232.88,7.94,-3.8,475.71,1.19386237614368
1988-09-24,14.38,211.62,3.77,-6.42,390.52,1.4425837045069465
1988-09-25,41.71,32.92,2.29,9.16,1173.02,11.955205183327683
1988-09-26,16.43,56.2,10.92,8.92,1153.28,3.846889878685191
1988-09-27,32.2,166.58,4.74,-2.53,523.11,6.317521740426972
1988-09-28,0.0,379.42,11.88,-3.0,500.0,3.0012373622500843
1988-09-29,0.0,300.82,15.98,4.6,851.51,2.2219105333785154
1988-09-30,0.0,400.1,19.74,2.12,717.99,1.94002636123348
1988-10-01,0.0,100.24,12.31,9.77,1221.38,1.8405378298881734
1988-10-02,0.0,293.43,10.99,0.92,663.06,1.7078864547610977
1988-10-03,0.0,250.11,10.59,2.55,741.51,1.608397923415791
1988-10-04,0.0,400.82,17.89,0.21,639.49,1.5254908139613688
1988-10-05,9.86,286.6,17.64,0.71,663.28,1.4923279701796
1988-10-06,0.0,197.11,11.6,5.15,887.72,1.4425837045069465
1988-10-07,0.0,130.9,15.22,11.01,1320.71,1.3596765950525243
1988-10-08,0.0,377.52,17.16,1.15,675.09,1.3430951731616398
1988-10-09,0.0,314.43,8.31,-2.43,529.11,1.309932329379871
1988-10-10,0.0,79.55,8.08,7.34,1027.26,1.2933509074889866
1988-10-11,0.01,354.53,11.82,-1.69,556.74,1.2601880637072178
1988-10-12,0.0,154.39,13.76,9.06,1165.7,1.2436066418163334
1988-10-13,12.13,76.11,12.44,9.5,1199.89,4.758868082683835
1988-10-14,37.0,118.42,14.26,9.61,1208.5,9.467991899695017
1988-10-15,41.58,25.38,7.62,12.83,1468.09,9.21927057133175
1988-10-16,57.44,223.49,9.43,-0.52,606.26,20.56096314469671
1988-10-17,0.0,95.98,2.34,-0.24,607.26,7.445058429007115
1988-10-18,23.82,98.7,5.59,1.94,704.08,5.272892161301253
1988-10-19,14.89,47.28,9.84,8.71,1136.97,4.659379551338528
1988-10-20,0.0,345.1,16.66,-0.14,620.82,3.896634144357844
1988-10-21,17.5,258.41,15.81,-2.73,514.71,3.515261440867502
1988-10-22,12.07,301.04,15.49,-6.44,390.09,3.249958690613351
1988-10-23,0.0,348.82,13.58,-7.14,367.74,2.9680745184683155
1988-10-24,0.0,340.6,15.46,-4.88,437.07,2.802260299559471
1988-10-25,0.0,238.67,15.23,5.87,925.25,2.6364460806506265
1988-10-26,0.0,333.1,15.67,-6.36,393.6,2.5369575493053196
1988-10-27,0.0,267.09,0.71,-10.68,279.29,2.38772475228736
1988-10-28,0.0,238.39,1.92,-7.91,341.21,2.288236220942053
1988-10-29,1.92,252.9,3.54,-7.92,347.52,2.288236220942053
1988-10-30,18.56,201.48,9.4,-3.05,502.94,2.4540504398508975
1988-10-31,19.41,108.32,3.33,-2.29,534.33,2.5535389711962044
1988-11-01,23.7,180.01,8.04,-2.79,513.27,3.813727034903422
1988-11-02,30.55,27.67,4.42,4.48,843.29,5.471869223991867
1988-11-03,25.66,97.02,1.32,-3.62,480.89,16.581421890884446
1988-11-04,20.49,30.34,1.17,1.6,689.32,13.265137512707554
1988-11-05,47.22,191.7,10.19,-2.58,522.19,26.530275025415108
1988-11-06,34.51,128.73,0.68,-6.19,397.5,24.872132836326667
1988-11-07,16.39,27.08,1.0,3.27,779.04,13.845487278888509
1988-11-08,33.47,108.78,-1.08,-6.49,389.03,11.656739589291764
1988-11-09,4.88,169.5,7.93,-2.73,507.33,10.346807259911893
1988-11-10,23.19,162.18,3.54,-6.04,402.2,13.596765950525244
1988-11-11,7.42,52.31,1.06,-1.47,550.28,12.601880637072178
1988-11-12,21.68,114.93,-1.54,-7.67,355.45,18.23956407997289
1988-11-13,3.22,150.9,-1.46,-9.6,305.46,11.01006413554727
1988-11-14,0.0,217.87,2.3,-8.19,332.86,8.804735024059639
1988-11-15,11.91,92.45,-0.32,-5.49,420.29,7.710361179261265
1988-11-16,22.22,48.74,-2.56,-5.09,431.24,7.047104303625888
1988-11-17,21.49,89.71,-2.7,-7.75,353.38,6.483335959335817
1988-11-18,6.38,23.58,-3.4,-2.68,505.48,5.985893302609283
1988-11-19,17.56,18.56,-2.47,0.0,615.99,7.411895585225346
1988-11-20,20.36,74.48,-1.3,-5.3,421.48,10.180993041003047
1988-11-21,25.69,34.83,-1.17,-2.45,521.83,18.23956407997289
1988-11-22,32.07,119.96,1.03,-5.35,421.3,23.213990647238223
1988-11-23,13.78,86.83,-2.72,-6.95,368.59,21.55584845814978
1988-11-24,17.73,16.96,-5.88,1.14,655.65,10.71159854151135
1988-11-25,9.3,16.72,-6.14,1.14,656.36,8.605757961369026
1988-11-26,11.25,127.55,6.68,0.31,621.68,7.229499944425617
1988-11-27,31.84,19.58,-0.68,2.58,734.49,8.655502227041678
1988-11-28,24.51,23.37,3.56,3.89,804.71,9.202689149440866
1988-11-29,16.28,138.39,-2.45,-8.26,338.36,7.76010544493392
1988-11-30,0.0,213.64,9.07,-2.53,509.01,7.047104303625888
1988-12-01,0.0,172.37,8.58,1.85,704.35,6.715475865808199
1988-12-02,9.2,118.7,-2.17,-7.61,356.68,7.57770980413419
1988-12-03,0.0,216.72,9.07,-9.35,311.06,7.3124070538800385
1988-12-04,0.0,175.44,8.78,1.05,652.09,6.931034350389697
1988-12-05,11.13,20.65,-0.6,0.86,653.75,7.494802694679769
1988-12-06,21.51,150.84,8.03,-4.07,464.69,15.586536577431376
1988-12-07,3.48,106.15,-0.23,-5.22,428.3,12.53555494950864
1988-12-08,0.01,198.92,6.45,-5.44,419.86,9.600643274822092
1988-12-09,4.93,150.88,7.85,0.23,627.22,9.451410477804133
1988-12-10,0.16,200.36,9.16,-5.31,425.37,8.357036633005759
1988-12-11,24.57,145.03,6.47,-5.42,422.56,7.90933824195188
1988-12-12,28.92,148.29,11.62,-4.29,458.38,13.646510216197898
1988-12-13,34.83,122.44,-0.33,-7.9,348.42,15.868420749576412
1988-12-14,0.0,169.47,-4.82,-12.69,239.76,9.55089900914944
1988-12-15,0.0,149.52,-5.98,-12.71,235.73,7.876175398170111
1988-12-16,0.0,167.62,-5.95,-13.9,215.5,7.030522881735004
1988-12-17,0.0,157.71,-6.28,-13.53,222.38,6.516498803117586
1988-12-18,23.0,21.82,-6.11,-5.73,401.74,6.151707521518128
1988-12-19,8.02,43.32,-6.26,-8.5,329.31,5.753753396136902
1988-12-20,12.54,68.43,-6.25,-9.85,299.89,5.52161348966452
1988-12-21,10.59,19.31,-5.38,-5.02,425.86,5.206566473737715
1988-12-22,13.6,16.8,-2.08,-0.81,577.44,5.0075894110471015
1988-12-23,9.33,14.56,-6.73,-1.01,569.37,4.792030926465604
1988-12-24,8.13,109.41,-4.43,-10.55,282.23,4.576472441884106
1988-12-25,5.37,98.78,-7.16,-12.52,242.34,4.3443325354117235
1988-12-26,0.0,22.3,-5.45,-1.7,541.34,4.161936894611995
1988-12-27,4.97,103.4,-7.32,-12.03,251.26,4.062448363266689
1988-12-28,0.0,30.34,-7.04,-6.84,369.11,3.863471300576075
1988-12-29,30.68,142.72,4.02,-6.49,380.8,6.168288943409013
1988-12-30,55.69,136.91,1.26,-7.36,362.7,26.032832368688577
1988-12-31,43.19,139.82,2.64,-6.93,371.75,11.507506792273803
1989-01-01,21.07,15.4,-1.93,1.41,679.79,8.456525164351067
1989-01-02,26.69,125.5,-0.65,-7.14,366.77,7.328988475770925
1989-01-03,28.09,117.12,10.88,4.51,841.07,10.993482713656386
1989-01-04,20.23,132.02,2.25,-4.96,430.2,11.408018260928497
1989-01-05,11.48,67.76,-5.91,-8.87,320.1,8.539432273805488
1989-01-06,3.78,16.78,-7.18,-2.91,493.62,7.246081366316502
1989-01-07,14.3,16.8,-5.12,-1.08,565.25,6.3672660060996265
1989-01-08,30.66,165.02,3.91,-10.78,274.81,6.019056146391053
1989-01-09,28.0,134.76,0.11,-6.48,380.07,5.836660505591324
1989-01-10,22.11,16.96,-5.09,0.72,641.34,5.339217848864791
1989-01-11,7.92,19.56,-3.91,1.94,707.32,4.9246823015926795
1989-01-12,6.89,17.42,0.44,2.24,719.61,4.808612348356489
1989-01-13,27.2,82.56,0.9,-2.51,510.15,5.024170832937986
1989-01-14,8.65,17.23,-4.86,-0.54,596.44,4.5930538637749905
1989-01-15,24.13,167.1,-2.18,-11.1,271.89,4.5930538637749905
1989-01-16,31.82,181.37,8.84,-7.45,360.95,9.534317587258556
1989-01-17,18.58,183.92,8.85,-7.1,368.93,11.275366885801422
1989-01-18,28.51,154.5,1.42,-5.7,411.81,12.552136371399524
1989-01-19,0.0,246.16,5.96,-5.13,419.88,9.07003777431379
1989-01-20,25.99,31.17,0.53,0.89,646.98,7.693779757370382
1989-01-21,22.73,133.74,-4.19,-9.2,315.93,6.98077861606235
1989-01-22,13.39,39.4,-4.96,-5.32,415.37,6.168288943409013
1989-01-23,0.0,159.09,1.67,-2.7,505.93,5.505032067773635
1989-01-24,10.05,21.07,-8.21,-5.12,421.04,5.057333676719756
1989-01-25,0.0,220.01,-4.78,-10.99,273.22,4.6759609732294125
1989-01-26,0.0,55.96,-3.79,-3.92,459.38,4.427239644866146
1989-01-27,17.24,83.87,-2.83,-5.64,405.44,4.294588269739071
1989-01-28,0.0,33.87,-2.75,0.35,622.87,4.02928551948492
1989-01-29,1.21,189.64,-2.08,-6.91,376.77,4.195099738393764
1989-01-30,28.08,202.1,2.11,-6.77,378.67,8.257548101660452
1989-01-31,31.08,47.55,-2.9,-3.08,487.93,8.83789786784141
1989-02-01,25.3,217.56,-10.56,-19.69,135.85,6.383847427990511
1989-02-02,0.0,177.74,-17.71,-21.6,114.78,5.272892161301253
1989-02-03,0.0,247.28,-17.18,-23.02,101.19,4.692542395120298
1989-02-04,0.0,318.66,-11.58,-23.38,97.75,4.327751113520839
1989-02-05,0.0,328.58,-9.62,-22.57,105.72,4.128774050830226
1989-02-06,0.0,328.63,-8.04,-20.52,124.17,3.896634144357844
1989-02-07,0.0,342.48,0.07,-19.68,134.99,3.6810756597763468
1989-02-08,0.0,310.88,5.4,-5.75,401.9,3.4986800189766174
1989-02-09,0.0,340.72,5.55,-9.99,288.37,3.3494472219586577
1989-02-10,0.0,87.65,-3.49,-4.18,444.64,3.2333772687224664
1989-02-11,0.0,191.55,-3.96,-9.03,310.25,3.100725893595391
1989-02-12,0.0,328.51,-0.87,-11.62,260.87,3.0178187841409687
1989-02-13,0.0,336.28,-1.33,-12.81,237.14,2.901748830904778
1989-02-14,0.0,300.06,-5.25,-13.77,218.13,2.802260299559471
1989-02-15,0.0,254.92,-4.48,-11.14,264.91,2.702771768214164
1989-02-16,17.29,283.44,6.28,-12.84,236.54,2.6530275025415113
1989-02-17,31.23,33.78,-2.78,-2.05,527.46,3.299702956286004
1989-02-18,26.13,215.86,-2.27,-9.42,309.83,4.2614254259573014
1989-02-19,8.77,162.58,-4.61,-9.44,309.37,4.112192628939342
1989-02-20,7.48,189.3,-3.4,-9.11,317.29,3.8303084567943064
1989-02-21,8.57,278.96,2.77,-8.87,323.51,4.74228666079295
1989-02-22,29.64,160.53,-2.26,-7.01,371.17,27.193531901050488
1989-02-23,17.56,77.37,-3.02,-4.98,431.54,18.405378298881732
1989-02-24,7.82,111.67,3.7,0.38,624.92,11.524088214164689
1989-02-25,23.97,245.27,-3.25,-11.09,271.74,8.489688008132834
1989-02-26,0.0,117.53,-3.53,-5.68,401.66,6.931034350389697
1989-02-27,11.5,245.84,-3.58,-10.02,295.24,6.052218990172822
1989-02-28,20.64,41.47,-3.33,-2.67,508.15,5.455287802100982
1989-03-01,14.08,46.23,-4.46,-3.0,490.7,5.057333676719756
1989-03-02,6.13,197.46,-9.13,-14.45,206.95,4.62621670755676
1989-03-03,0.0,421.24,-7.72,-18.27,152.92,4.211681160284649
1989-03-04,0.0,366.69,-3.66,-12.05,250.79,4.045866941375804
1989-03-05,27.48,273.12,3.2,-5.12,424.14,9.51773616536767
1989-03-06,12.23,265.85,-2.09,-9.66,303.69,11.75622812063707
1989-03-07,7.44,50.57,-1.96,0.09,613.11,8.307292367333106
1989-03-08,5.31,202.75,4.15,-1.04,569.16,7.57770980413419
1989-03-09,11.5,280.87,10.97,3.38,787.3,10.197574462893932
1989-03-10,15.6,206.2,11.36,6.45,956.22,22.882362209420535
1989-03-11,12.8,355.12,11.9,-1.36,559.97,22.550733771602843
1989-03-12,19.44,264.42,-0.84,-7.1,368.93,19.4002636123348
1989-03-13,10.8,226.78,-1.99,-7.08,369.44,14.37609277939681
1989-03-14,18.49,43.11,-2.32,1.13,666.55,11.391436839037612
1989-03-15,7.55,250.14,3.04,-2.47,513.28,9.766457493730936
1989-03-16,22.94,221.41,-3.33,-7.73,355.13,9.534317587258556
1989-03-17,25.2,350.12,2.34,-7.06,372.89,9.036874930532022
1989-03-18,33.42,372.89,8.92,-2.09,528.8,9.584061852931208
1989-03-19,18.49,405.86,12.48,-9.37,307.94,8.738409336496101
1989-03-20,0.0,549.24,14.28,-6.73,370.43,7.892756820060995
1989-03-21,13.09,373.32,3.3,-7.68,354.86,8.174640992206031
1989-03-22,6.09,271.97,-2.28,-8.27,338.06,7.478221272788884
1989-03-23,0.0,544.21,12.11,-2.55,510.96,6.831545819044391
1989-03-24,23.28,351.1,11.85,2.33,722.64,6.615987334462893
1989-03-25,29.88,45.16,-2.58,-1.83,543.74,6.897871506607928
1989-03-26,23.51,350.94,2.49,-6.52,387.84,6.831545819044391
1989-03-27,36.89,374.52,2.13,-7.85,350.4,7.6440354916977284
1989-03-28,26.04,139.23,5.09,2.25,720.88,7.843012554388341
1989-03-29,10.3,427.32,6.38,-9.07,317.84,7.163174256862079
1989-03-30,5.02,409.57,8.45,-4.73,434.75,6.632568756353777
1989-03-31,11.08,218.75,3.22,-1.9,535.7,6.433591693663164
1989-04-01,15.34,117.98,-2.03,-4.27,451.11,6.3672660060996265
1989-04-02,16.73,57.83,-2.98,-1.82,537.7,6.300940318536089
1989-04-03,14.52,49.06,-2.39,1.93,708.43,6.085381833954591
1989-04-04,33.83,406.1,11.11,-0.48,591.98,6.715475865808199
1989-04-05,68.97,383.4,9.05,-0.91,577.98,24.043061741782445
1989-04-06,24.9,443.2,13.11,-3.79,477.11,18.902820955608266
1989-04-07,24.61,429.27,8.08,-5.65,413.34,15.90158359335818
1989-04-08,0.0,628.07,16.05,-9.04,318.38,12.485810683835986
1989-04-09,0.0,632.06,19.02,-8.81,325.29,11.076389823110809
1989-04-10,0.0,630.81,17.9,-7.04,371.38,10.56236574449339
1989-04-11,0.0,635.91,20.69,-7.4,362.18,11.30852972958319
1989-04-12,0.0,634.16,20.46,-6.15,394.03,12.154182246018298
1989-04-13,0.0,560.75,22.54,5.03,879.9,13.513858841070821
1989-04-14,0.0,599.55,13.99,-5.53,417.07,16.349281984412062
1989-04-15,0.0,474.16,8.18,-3.87,472.98,16.74723610979329
1989-04-16,0.0,630.8,15.54,-8.06,343.72,13.314881778380208
1989-04-17,0.0,634.9,17.48,-7.23,360.39,10.943738447983733
1989-04-18,0.0,578.46,12.34,-5.33,420.58,10.131248775330395
1989-04-19,20.62,414.49,14.48,-2.12,538.8,11.01006413554727
1989-04-20,24.34,310.83,7.75,-2.66,519.21,14.558488420196541
1989-04-21,22.39,80.72,3.61,3.21,776.08,13.066160450016941
1989-04-22,12.41,160.11,9.5,4.62,850.74,10.612110010166045
1989-04-23,7.84,357.66,16.91,4.37,830.34,9.51773616536767
1989-04-24,0.0,549.06,20.66,4.3,825.14,9.053456352422906
1989-04-25,0.0,179.44,9.52,5.95,930.98,9.202689149440866
1989-04-26,8.44,268.6,6.35,-2.16,537.78,9.501154743476786
1989-04-27,0.0,638.76,17.91,-4.93,436.86,9.36850336834971
1989-04-28,0.0,553.02,20.18,3.63,793.6,9.020293508641137
1989-04-29,0.0,655.64,23.07,-3.45,480.64,9.418247634022364
1989-04-30,0.0,624.3,26.4,2.57,738.3,10.479458635038968
1989-05-01,0.0,501.53,12.1,-2.33,531.88,11.971786605218567
1989-05-02,0.0,604.95,18.28,-2.87,509.73,11.30852972958319
1989-05-03,0.0,623.53,21.66,-2.07,532.85,11.04322697932904
1989-05-04,0.0,573.84,23.53,3.15,768.98,12.087856558454758
1989-05-05,0.0,537.38,24.5,5.89,937.62,14.177115716706199
1989-05-06,0.0,462.73,23.95,9.03,1162.23,16.432189093866484
1989-05-07,0.0,607.16,22.11,-0.66,601.28,15.81867648390376
1989-05-08,0.0,584.51,17.93,-2.45,527.39,14.873535436123344
1989-05-09,0.0,584.31,16.82,-3.18,498.08,13.745998747543203
1989-05-10,11.71,214.71,9.17,1.28,684.49,11.474343948492034
1989-05-11,9.66,242.6,12.58,3.73,799.44,9.617224696712977
1989-05-12,0.0,648.07,15.23,-8.06,343.77,8.556013695696372
1989-05-13,0.0,626.89,19.83,-2.15,526.16,7.925919663842764
1989-05-14,0.0,472.41,18.76,4.83,866.32,7.892756820060995
1989-05-15,0.0,678.77,23.02,-6.05,402.49,8.456525164351067
1989-05-16,0.0,641.26,21.7,-2.15,539.04,9.418247634022364
1989-05-17,36.8,391.15,11.11,-4.17,461.62,10.910575604201965
1989-05-18,27.73,277.9,8.8,-1.12,565.18,9.567480431040323
1989-05-19,4.84,321.75,3.64,-6.32,393.62,8.02540819518807
1989-05-20,0.0,662.78,17.46,-7.26,365.07,7.378732741443577
1989-05-21,0.0,557.47,8.98,-7.82,349.35,7.063685725516773
1989-05-22,0.0,573.02,12.94,-5.25,426.71,6.765220131480853
1989-05-23,14.92,349.7,16.02,2.24,718.2,6.715475865808199
1989-05-24,12.83,57.34,4.35,6.76,981.09,6.41701027177228
1989-05-25,7.19,136.25,9.87,5.18,889.84,6.184870365299897
1989-05-26,13.54,215.16,7.57,-0.02,616.61,6.5330802250084705
1989-05-27,20.45,343.72,6.5,-5.95,405.1,7.527965538461538
1989-05-28,16.02,190.35,1.66,-4.63,446.59,7.411895585225346
1989-05-29,3.14,317.62,6.43,-3.41,490.04,6.897871506607928
1989-05-30,0.0,298.93,7.88,0.65,646.11,7.1963371006438495
1989-05-31,0.0,617.05,21.46,1.72,697.77,8.357036633005759
1989-06-01,0.0,655.38,24.98,1.11,670.45,10.56236574449339
1989-06-02,0.0,658.52,26.04,1.55,694.26,12.53555494950864
1989-06-03,0.0,631.09,29.98,6.79,996.33,12.999834762453403
1989-06-04,0.0,661.81,31.43,4.22,836.41,12.50239210572687
1989-06-05,0.0,678.87,28.51,-0.66,600.62,12.552136371399524
1989-06-06,0.0,488.4,12.26,-1.2,575.71,11.789390964418839
1989-06-07,0.0,417.74,20.71,9.11,1168.72,10.429714369366314
1989-06-08,0.0,156.79,9.7,6.39,961.02,10.26390015045747
1989-06-09,0.0,349.56,7.55,-1.03,579.24,9.584061852931208
1989-06-10,0.0,487.07,22.06,8.3,1103.71,8.605757961369026
1989-06-11,0.0,682.66,25.22,-2.87,509.55,9.053456352422906
1989-06-12,0.0,535.43,21.99,6.14,946.35,9.567480431040323
1989-06-13,1.14,396.08,17.16,5.75,930.78,9.302177680786173
1989-06-14,11.22,205.37,6.78,0.47,650.51,10.131248775330395
1989-06-15,0.0,587.92,14.16,-2.06,538.15,8.075152460860723
1989-06-16,0.0,644.73,19.08,-1.64,551.42,7.080267147407658
1989-06-17,22.53,298.85,17.34,7.32,1025.38,6.897871506607928
1989-06-18,22.2,75.57,8.0,7.54,1043.66,6.798382975262622
1989-06-19,29.56,424.02,12.92,-2.62,518.57,7.544546960352421
1989-06-20,7.78,272.01,10.54,3.8,803.53,6.9476157722805825
1989-06-21,0.0,599.84,20.38,3.52,789.15,6.168288943409013
1989-06-22,0.0,657.03,20.39,-1.2,576.28,6.184870365299897
1989-06-23,0.0,445.3,18.93,7.42,1035.12,6.566243068790239
1989-06-24,0.0,573.48,31.1,12.29,1422.85,6.9476157722805825
1989-06-25,0.0,659.11,31.07,4.13,835.18,7.13001141308031
1989-06-26,0.0,427.98,10.33,-0.53,605.27,6.765220131480853
1989-06-27,0.0,242.9,7.81,1.95,708.68,5.786916239918671
1989-06-28,4.73,129.91,14.87,10.68,1294.19,6.383847427990511
1989-06-29,5.19,417.42,16.42,0.08,630.87,6.897871506607928
1989-06-30,9.5,334.44,11.02,-0.36,612.26,10.429714369366314
1989-07-01,23.23,155.14,8.73,4.04,822.74,21.72166267705862
1989-07-02,13.98,462.05,17.25,-1.72,555.67,15.138838186377496
1989-07-03,3.25,178.05,9.04,4.15,827.01,11.408018260928497
1989-07-04,0.0,636.9,15.37,-3.46,488.85,9.269014837004404
1989-07-05,0.0,677.16,21.41,-3.19,496.75,7.876175398170111
1989-07-06,0.0,641.9,23.94,2.94,757.84,7.1963371006438495
1989-07-07,0.0,557.77,23.44,7.61,1057.83,6.914452928498813
1989-07-08,0.0,590.56,19.42,2.21,727.15,6.499917381226702
1989-07-09,0.0,118.41,8.05,6.84,991.98,5.886404771263978
1989-07-10,0.0,501.57,12.3,-0.18,620.24,5.604520599118942
1989-07-11,0.0,617.45,23.64,4.38,842.5,5.422124958319213
1989-07-12,0.0,528.84,26.46,11.51,1360.5,5.455287802100982
1989-07-13,0.0,484.1,18.55,6.19,959.1,5.538194911555404
1989-07-14,0.0,396.0,15.41,5.91,936.28,5.239729317519484
1989-07-15,0.0,136.19,11.0,8.59,1127.1,4.941263723483564
1989-07-16,28.53,51.86,9.01,12.56,1445.3,5.206566473737715
1989-07-17,18.21,408.72,21.8,7.32,1036.72,5.1734036299559465
1989-07-18,8.26,533.87,23.44,5.01,886.62,4.74228666079295
1989-07-19,0.0,590.39,23.57,5.85,934.05,4.576472441884106
1989-07-20,0.0,417.96,12.56,2.65,748.0,4.311169691629956
1989-07-21,0.0,647.16,20.46,-2.21,536.7,3.979541253812266
1989-07-22,0.0,662.65,23.62,-2.79,512.86,3.7805641911216528
1989-07-23,0.0,659.56,24.56,-2.3,533.05,3.7474013473398844
1989-07-24,0.0,655.02,23.78,-2.4,528.02,3.6976570816672307
1989-07-25,0.0,650.85,26.09,-0.37,609.11,3.548424284649271
1989-07-26,0.0,464.52,25.88,12.32,1425.74,3.4986800189766174
1989-07-27,0.0,79.34,13.58,13.73,1576.95,3.3826100657404266
1989-07-28,0.0,453.34,23.07,10.09,1247.07,3.200214424940697
1989-07-29,0.0,380.32,23.23,12.77,1462.01,3.0841444717045063
1989-07-30,0.0,440.11,11.58,0.1,631.25,3.0178187841409687
1989-07-31,0.08,411.08,10.25,-0.41,610.51,2.802260299559471
1989-08-01,0.02,229.35,16.9,11.07,1325.62,2.6530275025415113
1989-08-02,0.0,107.04,11.23,9.9,1231.69,2.6364460806506265
1989-08-03,0.0,73.89,10.98,12.56,1445.53,2.470631861741782
1989-08-04,0.0,407.09,23.3,12.67,1453.91,2.38772475228736
1989-08-05,0.0,447.94,25.25,13.16,1509.42,2.354561908505591
1989-08-06,0.0,512.98,26.68,11.56,1364.88,2.354561908505591
1989-08-07,0.0,628.25,27.74,1.1,675.18,2.354561908505591
1989-08-08,0.0,601.93,24.35,2.18,723.88,2.3048176428329374
1989-08-09,0.0,527.16,15.72,0.2,638.23,2.2219105333785154
1989-08-10,0.0,617.75,22.33,-2.27,533.84,2.0892591582514397
1989-08-11,0.0,557.92,22.79,4.06,820.26,1.94002636123348
1989-08-12,0.0,432.59,16.94,4.62,851.7,1.8571192517790576
1989-08-13,0.0,359.19,22.37,12.13,1410.44,1.8239564079972888
1989-08-14,0.0,111.09,9.23,6.94,1007.31,1.7907935642155197
1989-08-15,4.89,178.76,16.74,10.21,1256.84,1.7742121423246355
1989-08-16,0.0,59.33,8.68,13.09,1500.0,1.7078864547610977
1989-08-17,0.0,484.23,21.39,6.57,974.88,1.6581421890884442
1989-08-18,0.0,586.6,24.74,0.99,665.86,1.6415607671975598
1989-08-19,0.0,96.89,11.92,10.5,1279.75,1.6747236109793289
1989-08-20,0.0,243.62,19.23,12.85,1474.68,1.6249793453066754
1989-08-21,30.41,250.69,20.33,11.6,1371.32,2.0063520487970177
1989-08-22,33.22,82.53,11.05,8.99,1159.02,2.155584845814978
1989-08-23,0.0,210.1,12.91,8.53,1123.85,1.7078864547610977
1989-08-24,0.0,380.86,18.47,9.74,1219.02,1.5918165015249066
1989-08-25,0.0,566.64,22.37,2.6,744.01,1.5254908139613688
1989-08-26,0.0,528.92,24.85,7.64,1052.4,1.5089093920704844
1989-08-27,0.0,574.1,24.64,0.38,639.85,1.5089093920704844
1989-08-28,0.0,472.58,21.71,7.92,1082.83,1.4757465482887153
1989-08-29,0.0,451.58,23.95,10.65,1292.03,1.4425837045069465
1989-08-30,0.0,241.74,10.97,5.03,878.6,1.4094208607251777
1989-08-31,0.0,542.46,19.57,-0.53,604.38,1.392839438834293
1989-09-01,23.09,325.77,14.1,1.61,702.88,1.3596765950525243
1989-09-02,0.0,81.01,6.89,6.95,1004.22,1.3762580169434087
1989-09-03,0.0,450.08,21.28,7.02,1001.22,1.3265137512707557
1989-09-04,0.0,528.48,22.19,0.94,661.22,1.2933509074889866
1989-09-05,0.0,532.23,18.2,-3.41,490.53,1.2933509074889866
1989-09-06,0.0,382.77,19.64,7.85,1067.81,1.2601880637072178
1989-09-07,0.0,456.32,24.6,8.71,1137.19,1.2601880637072178
1989-09-08,0.0,428.18,24.93,10.38,1270.76,1.2436066418163334
1989-09-09,0.0,519.0,24.75,1.84,710.56,1.2436066418163334
1989-09-10,0.0,499.0,21.4,1.9,704.86,1.19386237614368
1989-09-11,0.0,478.71,24.57,5.79,922.9,1.1606995323619111
1989-09-12,0.0,329.1,19.33,8.87,1149.32,1.127536688580142
1989-09-13,0.0,383.32,23.01,9.57,1205.4,1.127536688580142
1989-09-14,0.0,326.36,20.62,9.55,1203.93,1.1109552666892577
1989-09-15,0.0,332.58,16.23,5.11,880.37,1.0943738447983733
1989-09-16,18.76,146.33,8.31,2.39,733.45,1.077792422907489
1989-09-17,16.84,319.77,15.76,0.39,631.17,1.077792422907489
1989-09-18,0.0,361.39,17.99,5.6,914.82,1.0943738447983733
1989-09-19,0.0,428.3,12.1,-3.83,466.09,1.0446295791257199
1989-09-20,0.0,405.46,17.28,1.88,701.58,1.011466735343951
1989-09-21,0.0,337.53,20.52,7.7,1056.37,0.9948853134530665
1989-09-22,0.0,420.37,29.09,8.7,1135.93,0.9783038915621821
1989-09-23,0.0,405.72,22.8,4.64,853.03,0.9948853134530665
1989-09-24,0.0,421.62,25.63,4.97,873.56,1.0280481572348354
1989-09-25,0.0,352.32,12.4,-1.43,566.19,1.011466735343951
1989-09-26,20.06,304.09,18.83,-0.03,627.62,1.0446295791257199
1989-09-27,0.0,428.07,20.28,-1.64,558.14,1.127536688580142
1989-09-28,0.0,408.46,19.72,-0.17,611.65,1.0280481572348354
1989-09-29,0.0,156.26,15.66,9.32,1185.92,0.9783038915621821
1989-09-30,0.0,189.61,8.22,1.21,683.72,0.9783038915621821
1989-10-01,0.0,287.99,8.41,-2.65,519.21,0.9451410477804132
1989-10-02,0.0,221.44,7.69,-1.12,573.88,0.9285596258895288
1989-10-03,0.0,150.82,8.12,2.17,717.13,0.8953967821077599
1989-10-04,0.0,293.33,5.68,-5.75,411.29,0.8788153602168755
1989-10-05,7.14,263.93,16.91,0.46,647.65,0.8788153602168755
1989-10-06,0.0,365.23,14.12,-3.15,499.31,0.8953967821077599
1989-10-07,0.0,267.07,14.26,3.22,778.72,0.8788153602168755
1989-10-08,0.0,302.49,15.6,2.46,738.11,0.8788153602168755
1989-10-09,0.0,379.88,21.57,-0.14,612.39,0.862233938325991
1989-10-10,4.01,177.86,6.58,-2.1,540.52,0.8788153602168755
1989-10-11,9.14,161.44,10.9,2.35,727.67,1.1606995323619111
1989-10-12,19.73,175.5,8.0,-1.22,574.81,2.852004565232124
1989-10-13,14.91,136.83,4.29,-2.69,518.1,2.3048176428329374
1989-10-14,8.04,228.76,3.17,-7.39,362.42,1.608397923415791
1989-10-15,0.0,175.01,6.72,-0.17,604.01,1.2436066418163334
1989-10-16,0.0,377.59,15.08,-9.84,299.33,1.077792422907489
1989-10-17,0.0,361.5,19.2,-3.85,472.52,0.9783038915621821
1989-10-18,21.19,185.28,7.19,-3.86,473.42,1.0943738447983733
1989-10-19,0.0,292.81,7.65,-6.31,396.09,1.0612110010166043
1989-10-20,15.7,137.64,14.88,6.6,967.77,2.3379804866147063
1989-10-21,27.49,200.53,9.99,-3.09,500.34,8.622339383259911
1989-10-22,34.58,119.99,2.82,-3.9,473.13,36.810756597763465
1989-10-23,27.0,151.66,6.24,-2.41,529.3,44.769839105388
1989-10-24,13.02,28.16,5.47,6.77,982.35,22.71654799051169
1989-10-25,6.98,27.98,1.88,3.88,806.7,12.237089355472719
1989-10-26,20.9,105.75,1.12,-4.3,458.2,26.032832368688577
1989-10-27,6.32,30.71,-0.16,1.77,692.79,12.900346231108097
1989-10-28,0.0,270.56,1.71,-9.94,296.76,8.854479289732293
1989-10-29,0.0,237.55,-1.12,-10.81,276.84,7.030522881735004
1989-10-30,0.0,256.18,2.81,-8.51,327.02,5.985893302609283
1989-10-31,0.0,236.8,1.39,-8.74,326.21,5.272892161301253
1989-11-01,0.0,245.98,0.07,-11.18,269.16,4.709123817011182
1989-11-02,0.0,267.77,8.86,-5.3,414.99,4.3443325354117235
1989-11-03,24.93,36.78,6.96,5.83,922.61,4.991007989156217
1989-11-04,26.08,19.81,1.48,8.68,1134.64,10.180993041003047
1989-11-05,3.39,34.91,0.88,-0.05,613.72,5.836660505591324
1989-11-06,18.16,92.92,0.39,-4.28,458.75,12.137600824127412
1989-11-07,7.18,110.42,-0.12,-5.74,409.62,10.131248775330395
1989-11-08,30.65,58.65,9.98,7.09,1006.86,20.726777363605557
1989-11-09,44.91,163.64,14.86,4.32,845.91,34.820985970857336
1989-11-10,47.0,140.1,5.41,-2.09,539.93,26.19864658759742
1989-11-11,35.59,90.46,11.17,6.47,958.24,16.581421890884446
1989-11-12,32.2,173.29,7.12,-4.66,440.66,15.304652405286342
1989-11-13,9.11,26.13,-2.04,-1.48,549.86,12.187345089800067
1989-11-14,3.91,23.28,-2.34,0.36,625.51,10.330225838021008
1989-11-15,0.0,162.48,2.04,-4.08,456.16,8.83789786784141
1989-11-16,27.05,87.5,9.29,5.17,892.98,9.152944883768212
1989-11-17,29.09,181.14,10.56,-5.81,409.12,9.202689149440866
1989-11-18,0.4,234.7,8.03,-5.3,425.37,7.859593976279226
1989-11-19,22.75,40.4,2.68,0.92,660.72,7.3124070538800385
1989-11-20,21.8,167.49,9.46,-3.16,497.53,6.997360037953235
1989-11-21,13.79,138.98,0.71,-6.62,383.83,6.516498803117586
1989-11-22,0.0,137.88,4.39,-0.78,578.89,6.002474724500169
1989-11-23,18.39,58.36,-1.08,-3.88,466.86,7.246081366316502
1989-11-24,12.77,85.12,1.83,-2.53,510.9,7.1134299911894265
1989-11-25,14.14,122.87,3.95,-2.83,500.01,6.748638709589969
1989-11-26,7.37,47.62,-3.3,-5.56,412.2,6.383847427990511
1989-11-27,0.0,140.63,-2.54,-8.15,337.83,5.902986193154861
1989-11-28,0.0,68.83,1.41,-1.21,561.2,5.720590552355134
1989-11-29,0.0,202.49,4.27,-6.14,391.93,5.52161348966452
1989-11-30,0.0,95.33,6.3,2.52,729.69,5.2231478956286
1989-12-01,0.0,40.32,2.27,2.07,713.78,5.024170832937986
1989-12-02,20.32,152.78,7.19,-5.38,418.0,17.244678766519822
1989-12-03,36.1,102.86,4.68,-1.01,582.86,46.096352856658754
1989-12-04,73.24,142.15,11.36,-0.0,622.97,73.4556989766181
1989-12-05,8.35,14.31,0.72,7.13,1010.66,28.354231433412398
1989-12-06,2.38,93.23,9.2,4.96,870.73,18.073749861064044
1989-12-07,8.0,20.53,5.91,5.95,928.85,15.487048046086072
1989-12-08,21.52,93.77,2.92,-2.3,525.75,17.410492985428668
1989-12-09,5.08,33.12,-2.74,-4.14,455.92,13.729417325652319
1989-12-10,0.0,157.42,-4.19,-11.11,271.89,11.606995323619111
1989-12-11,0.0,63.59,-6.03,-8.52,323.25,10.297062994239239
1989-12-12,0.0,25.67,-6.52,-5.08,421.17,9.235851993222635
1989-12-13,0.0,154.22,-5.26,-11.9,253.81,8.456525164351067
1989-12-14,0.0,137.83,-5.57,-11.29,266.4,7.992245351406301
1989-12-15,0.0,111.96,-5.15,-9.53,307.18,7.478221272788884
1989-12-16,0.0,96.42,-5.69,-9.38,310.23,6.98077861606235
1989-12-17,0.0,190.13,3.21,-10.2,291.87,6.499917381226702
1989-12-18,0.0,170.97,-3.02,-11.13,271.59,6.052218990172822
1989-12-19,8.91,17.16,-4.25,1.33,673.23,5.753753396136902
1989-12-20,0.0,18.49,-3.05,4.28,823.33,5.339217848864791
1989-12-21,14.13,135.86,7.64,-3.6,479.41,5.057333676719756
1989-12-22,0.0,188.64,7.72,-6.36,386.9,4.808612348356489
1989-12-23,19.29,97.67,5.39,-0.49,601.31,4.659379551338528
1989-12-24,0.0,137.19,-1.81,-7.5,360.06,4.410658222975262
1989-12-25,0.0,182.19,2.82,-7.65,355.45,4.178518316502879
1989-12-26,0.0,172.29,-1.36,-9.96,296.74,4.012704097594035
1989-12-27,11.85,135.49,-2.16,-11.09,271.46,3.813727034903422
1989-12-28,6.22,133.68,-0.59,-9.3,312.03,3.6147499722128087
1989-12-29,0.0,113.04,-3.8,-8.12,342.36,3.4986800189766174
1989-12-30,0.82,186.74,2.99,-7.52,358.7,3.4157729095221954
1989-12-31,9.77,99.25,-2.85,-8.23,339.49,3.7474013473398844
1990-01-01,9.69,106.5,0.26,-4.58,440.12,4.045866941375804
1990-01-02,5.73,92.51,-1.27,-5.39,411.07,3.482098597085733
1990-01-03,17.11,76.89,2.84,-0.58,586.35,3.631331394103693
1990-01-04,24.42,18.5,-1.72,-0.0,612.43,5.48845064588275
1990-01-05,30.23,92.62,5.19,1.11,663.82,15.984490702812602
1990-01-06,32.16,83.9,4.42,0.81,649.61,22.219105333785155
1990-01-07,55.49,84.26,4.56,0.94,655.81,41.95099738393765
1990-01-08,23.56,55.68,2.3,-0.0,611.96,20.063520487970177
1990-01-09,52.59,116.01,3.89,-1.25,561.07,34.489357533039644
1990-01-10,5.36,96.57,-0.58,-4.62,437.64,20.063520487970177
1990-01-11,4.38,152.8,3.85,-3.04,491.54,13.265137512707554
1990-01-12,2.67,114.25,6.09,1.73,694.21,10.811087072856656
1990-01-13,6.28,45.35,3.74,1.89,700.97,10.4462957912572
1990-01-14,2.57,79.13,2.88,0.23,625.55,9.99859740020332
1990-01-15,2.91,69.81,2.94,0.36,631.19,8.539432273805488
1990-01-16,4.87,82.79,1.44,-1.9,535.29,7.627454069806844
1990-01-17,0.0,224.18,0.8,-11.01,272.13,6.798382975262622
1990-01-18,0.0,143.0,0.8,-3.76,459.84,6.201451787190782
1990-01-19,0.0,174.93,3.18,-2.57,512.9,5.753753396136902
1990-01-20,0.0,147.84,3.5,-1.21,560.0,5.339217848864791
1990-01-21,3.56,111.88,3.71,0.19,617.95,5.040752254828871
1990-01-22,24.27,74.94,1.69,-1.19,562.36,5.985893302609283
1990-01-23,17.65,115.76,0.12,-4.42,444.49,5.538194911555404
1990-01-24,5.71,145.9,2.32,-2.94,495.21,5.057333676719756
1990-01-25,24.11,134.74,0.37,-4.73,435.16,5.2563107394103685
1990-01-26,15.42,141.32,-1.3,-6.49,379.59,5.040752254828871
1990-01-27,37.8,22.09,-2.24,1.19,658.05,5.024170832937986
1990-01-28,45.65,79.72,1.06,-1.68,544.76,7.710361179261265
1990-01-29,27.56,113.38,-0.08,-3.97,459.77,8.721827914605218
1990-01-30,28.8,167.98,0.41,-5.85,397.45,6.814964397153506
1990-01-31,17.92,154.66,-1.68,-6.89,367.89,5.554776333446289
1990-02-01,21.61,155.28,1.63,-3.66,469.66,5.0075894110471015
1990-02-02,21.26,115.7,1.77,-1.97,531.09,5.272892161301253
1990-02-03,28.96,182.19,1.01,-5.6,410.05,9.269014837004404
1990-02-04,20.57,165.56,-0.25,-5.86,396.58,7.6108726479159605
1990-02-05,40.31,121.63,-1.61,-5.25,416.85,6.218033209081667
1990-02-06,17.15,127.5,-3.42,-7.15,360.95,5.388962114537445
1990-02-07,25.27,185.44,-1.63,-7.51,350.82,4.792030926465604
1990-02-08,11.11,220.68,2.46,-6.23,388.17,4.460402488647915
1990-02-09,20.07,139.66,3.98,-0.27,598.78,4.974426567265334
1990-02-10,37.82,101.72,4.69,1.87,700.46,21.390034239240933
1990-02-11,22.32,243.57,3.18,-7.59,351.86,27.35934611995933
1990-02-12,12.34,169.62,-4.78,-9.56,298.75,14.77404690477804
1990-02-13,0.0,296.33,-6.6,-13.48,222.61,10.164411619112164
1990-02-14,1.57,318.58,-3.66,-12.86,231.32,8.174640992206031
1990-02-15,18.35,223.48,-1.28,-8.25,328.23,6.649150178244661
1990-02-16,10.5,204.42,-1.79,-7.54,349.78,5.869823349373093
1990-02-17,11.39,219.88,-2.1,-8.42,322.53,5.289473583192137
1990-02-18,0.0,390.8,-0.6,-18.43,150.24,4.858356614029142
1990-02-19,0.0,364.59,3.7,-6.67,364.73,4.5930538637749905
1990-02-20,22.96,207.16,3.78,-2.25,519.81,4.692542395120298
1990-02-21,3.75,202.62,3.75,-1.66,544.06,4.62621670755676
1990-02-22,0.0,361.48,-1.48,-10.6,280.54,4.543309598102337
1990-02-23,0.0,362.34,10.01,0.09,612.96,4.792030926465604
1990-02-24,4.94,309.31,8.21,-8.87,323.87,6.400428849881394
1990-02-25,0.0,410.89,5.69,-8.9,322.62,7.942501085733649
1990-02-26,0.0,374.73,10.32,-0.62,590.16,7.57770980413419
1990-02-27,0.0,363.48,10.04,-0.49,600.0,7.013941459844119
1990-02-28,0.0,382.33,11.44,-0.47,593.19,6.300940318536089
1990-03-01,0.0,395.19,12.12,-0.55,588.78,6.184870365299897
1990-03-02,0.0,397.11,12.57,-0.22,600.78,6.26777747475432
1990-03-03,4.59,196.15,6.11,-0.52,589.65,7.445058429007115
1990-03-04,9.97,222.8,8.31,0.99,656.72,9.96543455642155
1990-03-05,0.0,218.68,4.85,-0.22,601.12,9.36850336834971
1990-03-06,17.44,133.22,3.65,-0.29,600.71,9.335340524567942
1990-03-07,25.43,226.24,2.06,-4.8,433.6,16.249793453066754
1990-03-08,19.56,243.21,1.95,-5.62,403.44,12.784276277871905
1990-03-09,29.44,102.36,0.03,-2.84,499.06,10.147830197221278
1990-03-10,33.42,86.91,-3.77,-6.03,395.1,8.439943742460182
1990-03-11,11.73,256.45,1.1,-6.19,389.3,7.013941459844119
1990-03-12,1.42,389.91,4.19,-6.18,389.33,5.952730458827515
1990-03-13,18.94,371.47,10.74,-6.54,376.95,5.422124958319213
1990-03-14,21.19,360.27,4.51,-10.93,275.23,5.1734036299559465
1990-03-15,0.0,389.27,8.18,-1.27,557.37,4.908100879701795
1990-03-16,0.0,424.5,13.32,2.1,714.18,5.0075894110471015
1990-03-17,7.2,225.73,8.59,1.82,700.57,7.8098497106065725
1990-03-18,4.81,282.88,10.38,1.37,678.05,10.512621478820737
1990-03-19,4.34,257.94,9.39,1.72,692.87,10.131248775330395
1990-03-20,8.47,247.71,8.7,1.49,683.05,10.180993041003047
1990-03-21,0.0,379.99,8.17,-0.45,592.76,9.799620337512707
1990-03-22,4.9,188.23,6.01,0.82,648.94,9.36850336834971
1990-03-23,3.0,349.12,3.81,-8.05,344.12,8.9539678210776
1990-03-24,0.0,417.79,7.03,-2.47,512.57,8.2078038359878
1990-03-25,0.0,546.67,10.32,-10.97,273.53,7.378732741443577
1990-03-26,0.0,511.47,14.13,-1.12,560.0,6.7818015533717375
1990-03-27,0.0,496.15,14.36,0.54,637.35,6.814964397153506
1990-03-28,0.0,559.13,15.76,-8.58,326.45,7.1465928349711945
1990-03-29,0.0,538.6,8.83,-7.96,346.74,7.892756820060995
1990-03-30,0.0,110.49,3.66,2.31,721.99,8.489688008132834
1990-03-31,0.0,413.72,11.12,1.9,703.94,8.987130664859368
1990-04-01,0.0,559.65,11.54,-7.39,362.33,9.467991899695017
1990-04-02,0.0,553.25,11.87,-6.02,403.21,9.99859740020332
1990-04-03,0.0,577.81,13.62,-9.03,318.69,9.666968962385631
1990-04-04,0.0,518.55,16.53,1.0,640.0,9.235851993222635
1990-04-05,0.0,478.47,14.47,1.18,654.59,9.36850336834971
1990-04-06,0.0,443.57,13.96,2.27,717.84,9.716713228058284
1990-04-07,0.0,207.52,6.02,1.19,663.23,9.849364603185359
1990-04-08,0.0,143.5,3.79,0.73,646.63,9.434829055913248
1990-04-09,0.0,369.72,7.71,-1.06,565.98,8.290710945442223
1990-04-10,0.0,576.66,17.91,-3.53,477.77,7.6440354916977284
1990-04-11,22.59,325.94,13.97,2.5,734.6,8.2078038359878
1990-04-12,0.03,259.8,6.94,0.93,654.85,8.705246492714334
1990-04-13,18.83,131.01,7.82,3.99,816.25,8.489688008132834
1990-04-14,16.88,321.29,14.21,3.79,804.65,9.683550384276515
1990-04-15,0.0,523.79,20.24,5.1,880.63,11.192459776347
1990-04-16,0.0,461.81,19.48,7.17,1013.37,14.110790029142663
1990-04-17,9.07,309.31,8.34,-1.43,567.04,15.719187952558451
1990-04-18,0.0,406.36,11.31,1.75,698.11,11.922042339545914
1990-04-19,5.64,179.37,8.86,3.6,793.12,10.71159854151135
1990-04-20,6.31,183.77,8.26,2.96,761.06,11.42459968281938
1990-04-21,0.0,404.85,8.99,-0.32,601.35,10.545784322602506
1990-04-22,10.04,125.54,5.99,2.47,732.87,10.214155884784818
1990-04-23,17.8,167.98,6.53,1.87,703.83,13.99472007590647
1990-04-24,6.96,137.55,3.67,0.05,617.26,10.180993041003047
1990-04-25,12.06,274.04,7.95,0.61,641.71,9.202689149440866
1990-04-26,5.91,161.46,3.24,-0.81,580.43,8.290710945442223
1990-04-27,7.93,216.6,3.2,-1.88,539.09,7.544546960352421
1990-04-28,3.78,322.85,5.78,-2.22,523.07,7.494802694679769
1990-04-29,4.34,375.99,9.36,-1.0,570.56,6.964197194171466
1990-04-30,0.0,643.12,12.3,-10.06,294.01,6.383847427990511
1990-05-01,0.0,631.59,13.57,-6.13,398.95,6.483335959335817
1990-05-02,16.71,262.28,8.97,2.48,733.65,7.461639850897999
1990-05-03,0.0,562.23,15.89,3.19,773.9,8.02540819518807
1990-05-04,0.0,583.54,21.62,6.5,959.95,9.086619196204675
1990-05-05,0.0,629.98,22.84,1.38,683.27,11.04322697932904
1990-05-06,0.25,623.98,18.37,-1.16,564.23,9.51773616536767
1990-05-07,4.93,274.76,4.92,-1.86,538.86,7.527965538461538
1990-05-08,0.0,514.05,9.79,-1.24,559.14,6.931034350389697
1990-05-09,0.0,503.9,12.62,1.64,686.24,6.615987334462893
1990-05-10,0.0,307.51,9.35,3.53,789.37,6.765220131480853
1990-05-11,0.0,229.64,6.57,2.48,733.15,6.6988944439173155
1990-05-12,3.83,201.2,6.88,2.33,724.66,6.549661646899355
1990-05-13,7.98,297.58,7.19,0.06,620.76,6.26777747475432
1990-05-14,7.98,300.08,6.56,-0.65,586.38,5.919567615045746
1990-05-15,0.0,334.67,7.04,1.38,679.34,5.720590552355134
1990-05-16,0.0,305.71,6.8,1.63,690.29,5.720590552355134
1990-05-17,0.0,304.93,6.99,1.87,700.33,5.770334818027786
1990-05-18,0.0,268.37,6.39,2.05,711.36,5.52161348966452
1990-05-19,0.21,509.52,10.64,1.15,666.72,5.48845064588275
1990-05-20,11.16,306.58,8.67,1.71,697.77,8.041989617078956
1990-05-21,25.75,359.44,10.14,1.6,691.34,10.960319869874617
1990-05-22,21.5,338.25,10.24,2.22,718.33,20.8925915825144
1990-05-23,0.0,413.58,7.45,0.11,619.12,11.026645557438156
1990-05-24,0.0,456.15,8.72,0.46,635.31,8.572595117587257
1990-05-25,0.0,614.05,16.78,0.99,660.83,7.445058429007115
1990-05-26,6.42,325.94,11.15,2.95,756.75,6.98077861606235
1990-05-27,13.27,418.49,10.38,-1.67,557.31,13.530440262961706
1990-05-28,16.13,194.38,11.56,6.81,990.28,12.20392651169095
1990-05-29,7.04,441.56,20.37,5.22,888.66,10.41313294747543
1990-05-30,14.37,319.08,12.59,4.73,859.67,9.915690290748897
1990-05-31,22.07,269.76,8.75,2.68,746.27,11.872298073873262
1990-06-01,17.17,247.67,8.79,3.31,779.47,9.40166621213148
1990-06-02,20.34,214.52,8.44,3.81,805.91,9.434829055913248
1990-06-03,35.17,364.44,11.96,3.5,794.51,28.851674090138932
1990-06-04,15.59,364.37,9.96,1.87,705.25,19.566077831243643
1990-06-05,6.04,493.78,18.16,1.15,666.5,13.862068700779394
1990-06-06,9.43,341.61,11.94,4.57,853.67,12.883764809217212
1990-06-07,5.28,319.98,9.82,3.15,773.11,12.187345089800067
1990-06-08,8.84,393.11,13.88,4.74,863.08,11.75622812063707
1990-06-09,12.29,168.46,8.13,4.83,867.61,11.772809542527956
1990-06-10,10.6,278.47,7.87,2.32,723.78,13.464114575398167
1990-06-11,2.67,321.12,7.27,1.74,698.99,11.325111151474076
1990-06-12,7.35,238.16,7.74,3.05,767.12,10.048341665875972
1990-06-13,0.0,635.77,13.26,-2.55,522.68,9.269014837004404
1990-06-14,0.0,556.71,17.85,6.69,975.47,8.83789786784141
1990-06-15,0.0,644.62,18.11,-1.49,565.78,9.169526305659097
1990-06-16,0.0,207.27,9.56,6.17,950.83,8.987130664859368
1990-06-17,0.0,595.96,19.79,5.38,901.04,8.257548101660452
1990-06-18,0.0,593.73,22.04,7.04,1005.3,7.992245351406301
1990-06-19,0.0,394.17,15.22,8.05,1084.4,8.05857103896984
1990-06-20,0.0,480.34,16.92,7.65,1055.14,7.942501085733649
1990-06-21,0.0,592.5,25.47,8.95,1156.09,7.925919663842764
1990-06-22,0.0,577.14,26.34,10.53,1282.35,8.307292367333106
1990-06-23,0.0,436.81,16.6,7.99,1079.1,7.843012554388341
1990-06-24,0.0,427.88,15.09,6.85,990.54,7.279244210098271
1990-06-25,0.0,464.63,14.64,5.59,912.58,6.8647086628261595
1990-06-26,0.0,605.39,20.03,3.53,790.75,6.334103162317858
1990-06-27,0.0,436.55,13.82,5.12,880.23,6.052218990172822
1990-06-28,19.18,301.27,14.07,7.12,1015.24,6.549661646899355
1990-06-29,0.0,141.95,10.44,8.3,1104.45,6.383847427990511
1990-06-30,0.0,393.62,14.84,7.49,1044.32,6.168288943409013
1990-07-01,0.0,571.76,20.88,6.45,971.38,5.753753396136902
1990-07-02,8.89,259.85,10.66,4.24,834.97,5.919567615045746
1990-07-03,0.0,519.89,15.38,4.1,823.22,5.289473583192137
1990-07-04,0.0,547.47,21.8,8.29,1103.3,5.0075894110471015
1990-07-05,12.29,325.67,16.9,8.04,1085.22,5.571357755337172
1990-07-06,14.76,215.89,11.86,6.52,978.88,5.538194911555404
1990-07-07,0.0,496.33,17.07,6.41,967.47,4.8417751921382575
1990-07-08,0.0,453.12,18.45,8.83,1146.71,4.6759609732294125
1990-07-09,0.0,411.3,18.28,9.53,1202.37,4.709123817011182
1990-07-10,0.0,540.81,24.66,10.24,1259.59,4.62621670755676
1990-07-11,0.0,550.89,30.71,13.32,1526.65,4.62621670755676
1990-07-12,0.0,467.17,24.8,12.94,1481.92,4.576472441884106
1990-07-13,0.0,445.1,20.86,10.23,1258.26,4.2282625821755335
1990-07-14,0.0,475.45,23.04,11.15,1332.0,3.846889878685191
1990-07-15,0.0,474.5,22.84,11.21,1336.65,3.7308199254489995
1990-07-16,0.0,375.25,17.9,9.29,1183.52,3.6147499722128087
1990-07-17,0.0,461.06,18.64,7.9,1072.23,3.4323543314130798
1990-07-18,0.0,490.26,19.38,7.54,1043.09,3.3494472219586577
1990-07-19,0.0,521.35,23.52,9.37,1189.34,3.2665401125042353
1990-07-20,0.0,481.88,25.49,12.59,1447.43,3.200214424940697
1990-07-21,0.0,486.15,27.12,13.68,1571.18,3.1504701592680444
1990-07-22,0.0,469.53,25.16,12.92,1476.1,3.0841444717045063
1990-07-23,0.0,259.86,15.02,9.58,1206.29,2.9514930965774306
1990-07-24,0.0,363.83,14.94,7.37,1035.95,2.802260299559471
1990-07-25,0.0,170.87,11.78,8.39,1111.66,2.6861903463232797
1990-07-26,0.0,309.13,14.73,8.67,1133.63,2.6032832368688577
1990-07-27,0.0,547.36,16.01,1.05,678.9,2.5369575493053196
1990-07-28,0.0,536.88,25.38,9.09,1167.53,2.487213283632667
1990-07-29,0.0,498.81,28.68,13.54,1555.09,2.470631861741782
1990-07-30,0.0,454.79,27.42,14.54,1654.03,2.437469017960013
1990-07-31,0.0,380.86,20.06,11.09,1327.19,2.371143330396475
1990-08-01,0.0,534.72,17.11,1.03,677.83,2.255073377160284
1990-08-02,0.0,399.7,17.01,7.22,1017.87,2.139003423924093
1990-08-03,0.0,456.95,21.49,9.27,1181.95,2.0892591582514397
1990-08-04,0.0,485.05,28.27,12.98,1482.1,2.0726777363605557
1990-08-05,0.0,471.76,26.37,11.95,1396.69,2.056096314469671
1990-08-06,0.0,501.78,26.05,9.4,1191.77,1.989770626906133
1990-08-07,0.0,423.2,20.71,8.87,1149.88,1.8902820955608264
1990-08-08,0.0,397.89,23.2,11.86,1389.19,1.8239564079972888
1990-08-09,0.0,422.24,25.28,12.78,1466.13,1.8073749861064043
1990-08-10,0.0,433.73,27.32,13.97,1598.23,1.7742121423246355
1990-08-11,0.0,418.38,28.09,15.11,1722.63,1.757630720433751
1990-08-12,0.0,413.15,27.31,14.58,1657.16,1.757630720433751
1990-08-13,0.0,263.27,16.21,9.56,1204.68,1.6913050328702133
1990-08-14,0.0,425.59,18.86,6.77,990.24,1.5918165015249066
1990-08-15,0.0,474.26,24.84,8.72,1137.86,1.5420722358522532
1990-08-16,2.62,356.12,22.95,9.34,1187.13,1.5089093920704844
1990-08-17,4.68,189.37,15.81,9.23,1178.73,1.6747236109793289
1990-08-18,0.97,148.31,12.77,8.9,1151.98,1.6913050328702133
1990-08-19,3.4,261.19,17.27,8.3,1104.36,1.5586536577431376
1990-08-20,2.2,327.7,21.27,11.33,1346.09,1.5089093920704844
1990-08-21,7.73,325.31,16.2,3.49,807.85,1.459165126397831
1990-08-22,0.0,247.6,14.13,7.86,1073.98,1.3762580169434087
1990-08-23,0.0,225.11,10.36,4.62,852.56,1.2767694855981022
1990-08-24,0.0,457.25,20.9,5.62,913.15,1.2104437980345644
1990-08-25,0.0,470.08,21.18,4.3,834.83,1.2270252199254488
1990-08-26,0.0,378.47,15.68,4.61,852.36,1.1772809542527956
1990-08-27,0.0,407.22,19.79,7.1,1010.16,1.0943738447983733
1990-08-28,0.0,400.06,21.94,9.28,1182.64,1.0612110010166043
1990-08-29,7.92,164.37,14.52,8.53,1122.76,1.2767694855981022
1990-08-30,14.69,181.53,14.4,8.04,1086.04,2.3213990647238223
1990-08-31,16.34,232.54,14.6,6.31,966.93,5.289473583192137
1990-09-01,0.0,234.23,13.33,7.21,1021.73,2.1721662677058617
1990-09-02,0.0,457.06,22.37,5.41,878.69,1.6581421890884442
1990-09-03,0.0,412.09,19.0,5.87,911.58,1.426002282616062
1990-09-04,0.0,402.05,23.17,9.84,1188.68,1.2933509074889866
1990-09-05,0.0,342.9,22.33,11.87,1375.69,1.2270252199254488
1990-09-06,0.0,463.16,23.19,3.89,760.25,1.1606995323619111
1990-09-07,0.0,355.69,22.41,11.24,1297.36,1.0943738447983733
1990-09-08,0.0,94.65,10.8,8.61,1129.66,1.0612110010166043
1990-09-09,0.0,454.56,19.17,0.56,580.48,1.0280481572348354
1990-09-10,0.0,384.0,23.0,10.15,1109.66,0.9948853134530665
1990-09-11,0.0,99.97,10.89,9.34,1186.49,0.9617224696712977
1990-09-12,0.0,146.5,10.59,6.78,998.04,0.9285596258895288
1990-09-13,0.0,408.8,19.5,5.29,781.4,0.8953967821077599
1990-09-14,0.0,345.79,19.89,9.04,1072.15,0.862233938325991
1990-09-15,1.51,162.35,12.11,7.57,1048.03,0.8456525164351066
1990-09-16,4.41,153.05,12.71,7.28,1027.85,0.8456525164351066
1990-09-17,0.0,284.18,14.39,6.25,954.36,0.8124896726533377
1990-09-18,0.0,345.95,17.43,6.41,927.2,0.7959082507624533
1990-09-19,0.0,418.81,14.81,-2.02,512.81,0.7793268288715688
1990-09-20,0.0,324.89,19.39,8.71,1098.56,0.7627454069806844
1990-09-21,0.0,363.63,24.08,10.15,1150.69,0.7461639850898
1990-09-22,0.0,349.53,24.99,11.26,1250.25,0.7627454069806844
1990-09-23,0.0,371.92,14.59,0.7,644.0,0.7461639850898
1990-09-24,0.0,45.49,8.18,11.42,1353.94,0.7295825631989155
1990-09-25,0.0,382.53,16.1,0.21,621.06,0.7295825631989155
1990-09-26,0.0,116.69,11.03,7.65,1055.01,0.713001141308031
1990-09-27,0.0,341.4,19.5,7.0,936.64,0.713001141308031
1990-09-28,0.0,295.87,19.71,9.32,1141.42,0.6964197194171465
1990-09-29,0.0,373.33,14.04,-1.92,520.56,0.6798382975262621
1990-09-30,0.0,325.79,16.96,4.46,809.18,0.6798382975262621
1990-10-01,5.66,232.86,14.7,2.86,754.94,0.6798382975262621
1990-10-02,10.77,112.18,6.71,1.91,704.64,0.6798382975262621
1990-10-03,16.54,61.17,5.2,3.12,769.56,1.5752350796340222
1990-10-04,22.83,172.86,10.23,2.85,757.75,5.704009130464248
1990-10-05,11.63,128.69,5.36,-0.01,612.12,3.2333772687224664
1990-10-06,0.0,205.88,4.19,-2.21,521.63,1.8239564079972888
1990-10-07,0.0,355.21,5.99,-9.45,309.42,1.4425837045069465
1990-10-08,0.0,249.98,9.45,0.92,651.25,1.2933509074889866
1990-10-09,8.38,189.62,9.96,1.94,704.27,1.2933509074889866
1990-10-10,8.11,142.53,5.2,-0.87,576.68,1.5420722358522532
1990-10-11,0.0,343.28,7.41,-9.28,312.94,1.3596765950525243
1990-10-12,11.61,149.61,7.81,1.08,661.99,2.918330252795662
1990-10-13,3.7,133.24,6.75,0.88,652.24,2.5203761274144356
1990-10-14,14.5,78.62,4.38,1.06,661.87,3.2831215343951197
1990-10-15,22.48,110.06,6.19,1.49,686.2,7.876175398170111
1990-10-16,3.6,102.08,3.67,-0.61,587.54,3.9961226757031505
1990-10-17,7.02,196.81,6.43,-1.13,565.26,3.200214424940697
1990-10-18,20.39,126.62,5.45,-0.19,607.04,4.02928551948492
1990-10-19,0.0,177.25,3.34,-2.67,506.56,3.100725893595391
1990-10-20,0.0,157.6,4.38,-0.87,575.66,2.619864658759742
1990-10-21,37.62,177.31,7.91,-0.63,586.74,12.071275136563875
1990-10-22,1.87,143.46,4.54,-0.58,590.08,5.853241927482208
1990-10-23,0.0,294.57,7.36,-7.31,363.6,4.211681160284649
1990-10-24,0.0,212.26,10.55,2.67,741.75,3.482098597085733
1990-10-25,18.44,147.42,9.54,2.59,740.44,17.410492985428668
1990-10-26,16.98,113.33,6.78,1.56,687.81,12.817439121653676
1990-10-27,5.86,153.61,9.53,3.13,765.06,8.556013695696372
1990-10-28,21.0,80.32,3.79,0.09,617.97,11.04322697932904
1990-10-29,12.91,196.63,12.7,-0.96,571.62,14.47558131074212
1990-10-30,16.94,82.39,5.01,1.42,680.87,15.4538852023043
1990-10-31,8.09,130.13,3.61,-2.24,524.13,9.28559625889529
1990-11-01,2.14,142.13,1.74,-3.25,483.0,6.997360037953235
1990-11-02,0.0,167.71,3.5,-2.4,514.39,5.820079083700439
1990-11-03,13.08,121.54,8.79,2.97,760.63,6.997360037953235
1990-11-04,7.18,107.99,5.31,0.26,627.53,6.483335959335817
1990-11-05,0.0,93.44,2.07,-1.23,558.71,5.372380692646559
1990-11-06,0.0,206.55,6.17,-2.15,524.46,4.74228666079295
1990-11-07,13.03,91.66,4.4,0.1,617.58,5.024170832937986
1990-11-08,17.34,116.56,6.66,1.01,658.94,4.8417751921382575
1990-11-09,79.96,60.73,8.69,5.8,922.5,50.07589411047102
1990-11-10,67.88,161.96,8.71,-1.7,556.3,73.4556989766181
1990-11-11,25.98,157.46,8.37,-1.5,565.18,28.52004565232124
1990-11-12,24.91,179.03,10.24,-5.06,433.53,18.405378298881732
1990-11-13,48.45,140.38,6.99,-0.66,592.12,38.137270349034225
1990-11-14,11.03,78.82,2.25,-1.63,545.33,19.4002636123348
1990-11-15,11.59,87.6,4.32,-0.02,610.91,15.42072235852253
1990-11-16,7.26,84.33,5.96,1.68,687.42,13.69625448187055
1990-11-17,11.96,154.0,3.49,-6.28,395.04,14.65797695154185
1990-11-18,10.51,108.23,-2.77,-8.25,332.41,11.04322697932904
1990-11-19,15.09,18.43,-3.94,-0.72,580.62,9.600643274822092
1990-11-20,17.46,19.17,-0.43,1.79,700.79,8.423362320569298
1990-11-21,30.86,106.55,8.9,3.26,777.81,8.987130664859368
1990-11-22,37.22,17.72,4.04,6.48,958.54,38.8005272246696
1990-11-23,51.29,148.32,7.5,-2.9,509.01,80.08826773297187
1990-11-24,107.18,88.65,6.99,2.5,734.76,102.14155884784817
1990-11-25,20.08,77.76,-1.31,-5.21,424.14,43.44332535411724
1990-11-26,10.23,111.8,0.2,-5.79,397.75,25.535389711962043
1990-11-27,9.72,88.02,0.87,-3.65,471.63,18.902820955608266
1990-11-28,10.13,79.57,1.93,-2.12,523.49,15.055931076923075
1990-11-29,24.56,128.77,4.21,-3.58,475.91,21.887476895967467
1990-11-30,9.96,78.22,-1.19,-5.21,418.62,15.719187952558451
1990-12-01,22.07,93.73,-1.08,-5.85,399.46,13.215393247034902
1990-12-02,14.15,99.3,-0.01,-5.2,419.12,11.225622620128767
1990-12-03,40.28,56.22,2.62,-0.25,598.72,19.566077831243643
1990-12-04,63.39,142.04,10.53,-2.87,502.8,57.20590552355133
1990-12-05,16.11,96.31,2.16,-3.26,484.46,24.374690179600133
1990-12-06,6.68,147.09,2.94,-9.85,299.57,16.49851478143002
1990-12-07,0.0,173.1,0.15,-8.26,331.23,13.298300356489323
1990-12-08,26.56,47.49,6.19,3.61,795.06,22.219105333785155
1990-12-09,34.59,57.58,6.78,3.62,794.04,34.820985970857336
1990-12-10,8.59,96.09,2.77,-2.81,504.0,21.55584845814978
1990-12-11,7.39,74.6,-0.4,-4.54,439.67,15.122256764486611
1990-12-12,3.08,104.31,0.33,-5.15,420.2,12.170763667909181
1990-12-13,4.86,74.69,-1.5,-5.43,410.65,10.346807259911893
1990-12-14,6.21,62.59,0.56,-2.76,502.37,9.335340524567942
1990-12-15,4.46,81.18,-0.1,-4.41,445.28,8.373618054896644
1990-12-16,4.29,116.43,0.95,-6.17,389.73,7.6108726479159605
1990-12-17,9.89,109.96,3.55,-3.02,491.74,9.119782039986445
1990-12-18,9.89,139.64,-1.34,-11.84,254.98,9.36850336834971
1990-12-19,6.88,113.74,-10.77,-17.22,163.14,7.411895585225346
1990-12-20,0.0,109.25,-14.43,-18.61,146.53,6.466754537444933
1990-12-21,0.0,144.98,-11.82,-17.92,149.71,6.002474724500169
1990-12-22,0.0,152.6,-7.82,-14.47,201.91,5.67084628668248
1990-12-23,0.0,142.44,-6.57,-12.65,230.92,5.206566473737715
1990-12-24,0.0,124.83,-2.67,-7.72,341.28,4.858356614029142
1990-12-25,0.0,125.29,-0.54,-5.61,404.72,4.576472441884106
1990-12-26,5.95,72.33,0.14,-3.61,468.62,4.311169691629956
1990-12-27,9.1,113.32,1.05,-5.55,407.29,4.2282625821755335
1990-12-28,7.31,129.52,-5.6,-13.24,225.86,3.962959831921382
1990-12-29,0.0,35.12,-15.63,-15.62,183.23,3.6810756597763468
1990-12-30,9.25,101.74,-2.15,-7.56,349.66,3.631331394103693
1990-12-31,16.51,87.66,2.53,-2.11,520.0,3.763982769230769
1991-01-01,11.2,14.73,-5.39,-1.21,561.66,3.631331394103693
1991-01-02,0.7,147.18,-5.33,-10.63,279.7,3.332865800067773
1991-01-03,0.0,175.01,-6.27,-13.56,222.08,3.117307315486275
1991-01-04,0.0,173.98,-7.75,-14.91,198.48,2.9514930965774306
1991-01-05,0.0,147.86,-1.16,-6.57,372.38,2.802260299559471
1991-01-06,8.54,24.7,-4.03,-4.41,443.14,2.7359346119959334
1991-01-07,26.04,18.23,-6.25,-3.94,459.79,2.769097455777702
1991-01-08,21.36,18.4,-7.29,-6.46,380.79,2.9514930965774306
1991-01-09,17.63,21.41,-6.77,-6.76,374.72,3.482098597085733
1991-01-10,15.33,47.29,-4.93,-6.68,377.91,4.02928551948492
1991-01-11,35.5,128.46,-2.06,-7.55,359.46,27.856788776685864
1991-01-12,51.76,160.87,5.54,-5.64,414.47,41.287740508302264
1991-01-13,26.11,110.32,1.39,-2.9,506.67,41.287740508302264
1991-01-14,19.16,77.59,4.19,1.34,675.91,26.696089244323954
1991-01-15,10.97,17.33,-2.38,0.22,624.52,21.22422002033209
1991-01-16,3.8,26.33,1.23,0.67,641.58,14.061045763470007
1991-01-17,0.01,71.62,0.88,-0.99,572.95,11.855716651982377
1991-01-18,0.0,195.24,-0.66,-6.5,388.22,10.827668494747542
1991-01-19,0.0,223.7,-2.58,-10.77,277.81,9.600643274822092
1991-01-20,0.0,64.88,-5.22,-6.29,384.46,8.439943742460182
1991-01-21,0.0,27.55,-6.08,-1.48,550.35,7.627454069806844
1991-01-22,0.0,27.78,-6.8,-3.59,469.09,7.013941459844119
1991-01-23,0.0,181.66,-1.02,-5.76,403.87,6.466754537444933
1991-01-24,0.0,225.77,-5.82,-12.45,243.53,5.985893302609283
1991-01-25,0.0,142.13,-5.42,-9.23,306.65,5.554776333446289
1991-01-26,0.0,255.85,-5.63,-14.83,201.88,5.1734036299559465
1991-01-27,0.0,42.08,-6.61,-4.73,437.68,4.891519457810911
1991-01-28,0.0,249.4,-5.82,-13.37,225.29,4.62621670755676
1991-01-29,0.0,42.63,-6.45,-3.98,450.48,4.327751113520839
1991-01-30,0.0,34.48,-6.84,-3.61,466.83,4.1453554727211115
1991-01-31,26.9,29.71,-0.65,0.39,629.7,5.0075894110471015
1991-02-01,31.71,209.99,8.9,-6.17,394.61,48.58356614029142
1991-02-02,49.89,208.79,7.52,-3.55,483.51,90.36874930532022
1991-02-03,37.63,21.03,-0.14,5.91,924.39,52.065664737377155
1991-02-04,62.37,219.1,8.66,-4.31,455.5,97.99620337512707
1991-02-05,38.1,213.61,-0.32,-8.55,332.66,52.72892161301253
1991-02-06,0.0,294.29,11.48,1.24,661.83,27.690974557777018
1991-02-07,23.39,213.86,9.92,-0.16,610.5,20.395148925787865
1991-02-08,26.66,238.66,11.59,-5.88,406.92,20.063520487970177
1991-02-09,0.0,304.54,1.31,-8.5,333.28,16.249793453066754
1991-02-10,0.0,333.08,11.14,-8.09,343.27,13.878650122670278
1991-02-11,14.51,34.33,2.86,3.78,801.27,15.105675342595728
1991-02-12,22.14,27.6,6.84,7.13,1010.08,19.4002636123348
1991-02-13,14.0,23.95,3.22,7.62,1049.89,16.548259047102672
1991-02-14,5.64,229.23,15.03,4.99,873.96,16.913050328702134
1991-02-15,7.43,185.74,1.8,-3.65,481.2,15.138838186377496
1991-02-16,12.32,27.48,-0.44,4.57,845.47,12.552136371399524
1991-02-17,17.65,44.71,-2.19,-2.63,508.97,10.661854275838698
1991-02-18,18.85,65.71,1.41,-0.03,611.81,9.666968962385631
1991-02-19,61.31,146.55,4.69,0.46,635.97,30.34400206031853
1991-02-20,13.75,177.0,-1.02,-6.18,398.98,20.726777363605557
1991-02-21,0.01,377.33,6.19,-9.4,309.33,14.110790029142663
1991-02-22,0.0,312.86,3.18,-4.94,427.25,11.441181104710267
1991-02-23,0.0,378.49,7.55,-6.4,382.74,9.799620337512707
1991-02-24,0.0,155.61,0.98,-2.32,518.99,8.754990758386986
1991-02-25,0.0,383.95,16.56,0.22,621.96,7.992245351406301
1991-02-26,0.0,399.44,17.96,-3.97,459.66,7.42847700711623
1991-02-27,0.0,347.06,7.96,-2.83,498.19,6.964197194171466
1991-02-28,0.0,132.26,4.03,1.26,663.55,6.632568756353777
1991-03-01,23.35,72.16,-0.92,-2.48,514.21,7.494802694679769
1991-03-02,45.89,57.13,-2.85,-4.04,460.97,19.73189205015249
1991-03-03,43.0,52.46,1.77,0.61,640.7,23.213990647238223
1991-03-04,21.79,162.19,-3.41,-7.99,343.67,17.244678766519822
1991-03-05,15.62,40.47,-4.23,-0.93,571.66,11.723065276855301
1991-03-06,9.05,230.37,7.79,0.94,660.15,9.584061852931208
1991-03-07,1.81,46.7,-2.32,1.41,672.58,8.32387378922399
1991-03-08,0.0,392.15,-0.86,-9.74,301.06,7.461639850897999
1991-03-09,13.15,147.07,-0.95,-4.7,433.01,6.9476157722805825
1991-03-10,11.2,147.85,-2.7,-6.13,390.85,6.400428849881394
1991-03-11,14.51,212.45,5.48,0.33,624.32,5.9693118807184
1991-03-12,13.41,36.75,-3.5,1.18,664.64,5.753753396136902
1991-03-13,0.0,335.71,0.84,-4.9,428.03,5.405543536428328
1991-03-14,0.98,59.88,-2.62,-1.31,557.14,5.156822208065061
1991-03-15,0.0,422.86,-2.05,-10.12,293.07,4.9246823015926795
1991-03-16,0.0,492.17,11.41,-6.8,369.75,4.692542395120298
1991-03-17,0.0,463.28,12.96,0.92,645.39,4.543309598102337
1991-03-18,5.81,332.54,10.45,0.9,644.9,4.493565332429684
1991-03-19,5.98,308.87,-0.02,-8.18,341.38,4.5930538637749905
1991-03-20,0.0,493.67,8.53,-5.35,415.44,4.360913957302609
1991-03-21,4.73,319.7,0.57,-8.3,337.24,4.278006847848186
1991-03-22,5.97,176.49,-1.05,-5.26,419.4,4.062448363266689
1991-03-23,5.81,302.25,10.41,2.33,722.61,3.9463784100304977
1991-03-24,9.56,94.31,-2.0,-3.71,471.63,4.02928551948492
1991-03-25,3.46,386.56,0.88,-9.47,307.87,3.929796988139613
1991-03-26,0.0,379.68,4.5,-2.58,505.78,3.6810756597763468
1991-03-27,0.0,384.11,5.98,-1.08,565.74,3.5815871284310394
1991-03-28,0.0,77.41,0.46,2.4,724.53,3.448935753303964
1991-03-29,0.0,455.72,0.72,-7.12,365.98,3.332865800067773
1991-03-30,0.0,550.78,16.29,-5.72,405.16,3.332865800067773
1991-03-31,0.0,506.13,17.09,4.9,871.65,3.797145613012537
1991-04-01,0.01,128.42,3.67,2.11,715.75,4.161936894611995
1991-04-02,8.43,268.56,-0.82,-6.56,386.06,4.2282625821755335
1991-04-03,49.53,311.65,11.31,3.81,802.12,9.683550384276515
1991-04-04,58.29,171.42,9.13,5.51,903.59,24.872132836326667
1991-04-05,24.76,254.85,-0.35,-5.7,411.84,21.887476895967467
1991-04-06,13.06,70.48,-1.08,-1.07,568.11,12.91692765299898
1991-04-07,4.58,227.65,1.54,-3.34,481.2,9.749876071840053
1991-04-08,10.94,100.1,3.67,2.18,717.05,8.14147814842426
1991-04-09,15.24,375.7,-0.21,-9.18,315.48,7.3621513195526935
1991-04-10,9.04,387.1,-1.1,-10.36,286.44,6.599405912572008
1991-04-11,0.0,540.76,11.6,0.14,614.78,6.019056146391053
1991-04-12,0.0,591.23,18.23,0.71,638.91,5.803497661809556
1991-04-13,0.0,475.78,8.74,-0.51,589.91,5.869823349373093
1991-04-14,15.38,54.22,3.27,6.28,944.08,5.919567615045746
1991-04-15,6.58,203.72,10.05,5.63,915.24,5.820079083700439
1991-04-16,0.0,576.81,17.89,3.45,787.6,5.836660505591324
1991-04-17,0.0,491.09,4.78,-4.14,461.32,6.23461463097255
1991-04-18,0.0,600.11,17.03,-2.37,522.7,6.516498803117586
1991-04-19,0.0,608.71,20.93,-3.12,490.4,6.814964397153506
1991-04-20,0.0,582.99,23.15,4.92,873.63,7.411895585225346
1991-04-21,0.0,238.75,10.51,5.91,930.84,8.14147814842426
1991-04-22,0.0,424.8,7.31,-0.38,600.7,8.47310658624195
1991-04-23,10.38,449.02,13.49,-5.05,429.62,8.2078038359878
1991-04-24,20.4,342.77,4.93,-3.86,468.0,8.224385257878684
1991-04-25,12.23,280.47,9.65,2.72,742.3,6.682313022026431
1991-04-26,14.91,59.6,0.62,2.52,729.88,5.902986193154861
1991-04-27,2.65,85.44,1.64,0.85,650.24,5.355799270755675
1991-04-28,4.02,136.09,0.82,-2.13,528.79,4.991007989156217
1991-04-29,0.0,514.96,13.71,3.31,781.68,4.6759609732294125
1991-04-30,0.0,600.27,20.69,3.62,795.27,4.62621670755676
1991-05-01,0.0,591.9,14.32,-0.56,589.3,4.957845145374448
1991-05-02,0.0,591.73,21.87,4.9,869.37,5.289473583192137
1991-05-03,0.0,617.84,15.12,-3.62,482.63,5.471869223991867
1991-05-04,0.0,543.27,17.59,4.56,847.55,5.753753396136902
1991-05-05,11.04,137.63,12.59,9.08,1166.22,7.527965538461538
1991-05-06,6.0,46.42,2.87,6.32,956.34,7.627454069806844
1991-05-07,14.43,128.12,2.51,-0.49,598.2,8.605757961369026
1991-05-08,10.67,217.48,4.13,-1.2,566.92,9.302177680786173
1991-05-09,1.5,80.42,1.64,4.03,810.83,7.013941459844119
1991-05-10,0.0,84.58,4.0,5.65,916.1,6.26777747475432
1991-05-11,0.0,190.95,10.0,7.16,1012.47,6.466754537444933
1991-05-12,0.0,68.5,4.7,7.72,1057.77,7.1134299911894265
1991-05-13,9.99,57.75,7.22,8.33,1106.1,6.632568756353777
1991-05-14,5.31,88.77,6.44,5.91,928.66,6.400428849881394
1991-05-15,0.0,552.2,18.48,6.58,966.03,6.019056146391053
1991-05-16,0.0,115.88,7.1,6.83,989.49,6.26777747475432
1991-05-17,3.74,375.81,5.93,-2.77,513.42,6.9476157722805825
1991-05-18,1.15,128.44,2.82,1.33,680.03,6.715475865808199
1991-05-19,0.0,84.04,5.1,5.58,911.77,7.1465928349711945
1991-05-20,0.0,369.77,13.95,8.61,1128.66,7.328988475770925
1991-05-21,0.0,511.34,5.1,-2.44,526.76,7.080267147407658
1991-05-22,0.0,184.51,5.05,3.5,788.6,6.732057287699083
1991-05-23,0.0,538.71,13.53,5.12,887.98,6.218033209081667
1991-05-24,9.91,351.47,11.81,5.05,879.89,6.317521740426972
1991-05-25,5.8,56.33,3.24,6.49,962.11,6.068800412063706
1991-05-26,0.0,73.75,5.02,7.16,1013.98,5.422124958319213
1991-05-27,0.0,534.98,15.61,7.21,1016.76,5.073915098610639
1991-05-28,7.13,60.54,4.78,7.74,1059.58,5.057333676719756
1991-05-29,19.03,362.57,4.13,-2.33,525.94,5.405543536428328
1991-05-30,16.07,277.61,6.13,1.32,677.59,5.2563107394103685
1991-05-31,0.0,510.35,13.32,6.05,937.72,5.057333676719756
1991-06-01,0.0,601.71,18.74,6.99,1008.71,5.471869223991867
1991-06-02,0.0,202.44,9.2,7.25,1019.67,5.737171974246017
1991-06-03,0.0,312.7,7.31,3.82,805.9,5.2231478956286
1991-06-04,0.0,596.02,13.57,4.18,817.37,4.642798129447645
1991-06-05,0.0,634.7,20.83,0.89,653.78,4.460402488647915
1991-06-06,1.78,180.01,10.57,9.25,1180.18,4.908100879701795
1991-06-07,3.14,65.57,4.61,4.62,854.72,5.339217848864791
1991-06-08,0.0,635.26,17.15,-1.39,568.22,5.306055005083023
1991-06-09,0.0,624.14,22.5,4.03,819.02,5.355799270755675
1991-06-10,0.16,529.55,15.64,7.01,1008.71,6.251196052863435
1991-06-11,0.0,612.48,13.12,0.31,632.81,6.151707521518128
1991-06-12,4.15,52.97,4.01,8.62,1129.61,5.289473583192137
1991-06-13,5.23,63.17,3.8,5.7,914.67,4.709123817011182
1991-06-14,2.98,52.68,3.47,8.09,1086.88,4.3443325354117235
1991-06-15,5.1,471.68,16.78,-2.29,532.39,4.493565332429684
1991-06-16,9.94,184.13,7.21,3.94,814.38,5.554776333446289
1991-06-17,0.0,612.34,18.05,3.14,768.0,4.891519457810911
1991-06-18,0.0,633.6,22.13,-0.77,581.61,4.576472441884106
1991-06-19,0.0,581.65,22.53,8.45,1116.03,4.957845145374448
1991-06-20,11.15,379.49,7.64,-1.18,577.21,5.239729317519484
1991-06-21,7.05,165.77,13.84,10.34,1266.85,5.040752254828871
1991-06-22,4.51,66.8,11.43,11.17,1333.48,5.140240786174178
1991-06-23,0.0,221.7,7.61,4.26,833.85,5.057333676719756
1991-06-24,0.0,607.07,13.73,-1.21,575.64,4.792030926465604
1991-06-25,0.0,129.83,8.21,6.73,987.71,4.6759609732294125
1991-06-26,0.0,90.74,7.24,7.5,1042.64,4.6759609732294125
1991-06-27,0.0,610.87,23.46,3.6,799.5,4.543309598102337
1991-06-28,0.0,540.0,24.15,11.25,1339.72,4.891519457810911
1991-06-29,0.0,65.23,7.78,11.8,1383.68,5.107077942392409
1991-06-30,0.0,586.07,18.54,3.0,770.51,4.543309598102337
1991-07-01,0.0,497.72,24.33,13.17,1510.26,4.394076801084378
1991-07-02,0.0,558.12,28.92,12.26,1421.14,4.974426567265334
1991-07-03,0.0,616.75,28.24,0.3,641.88,5.239729317519484
1991-07-04,0.0,598.19,24.12,3.45,784.61,4.908100879701795
1991-07-05,0.0,606.14,17.25,-2.46,525.89,4.4769839105388
1991-07-06,0.0,601.98,23.24,1.58,682.82,4.112192628939342
1991-07-07,0.0,548.47,26.8,9.29,1161.23,3.863471300576075
1991-07-08,0.0,608.61,26.85,0.9,639.35,3.863471300576075
1991-07-09,0.0,172.61,10.43,7.01,1006.06,3.797145613012537
1991-07-10,0.0,582.97,20.53,0.96,654.62,3.548424284649271
1991-07-11,0.0,513.72,25.03,9.87,1196.09,3.3826100657404266
1991-07-12,0.0,525.51,25.44,8.83,1129.27,3.4323543314130798
1991-07-13,0.04,428.93,13.97,2.8,764.71,3.3494472219586577
1991-07-14,0.0,398.57,21.47,10.53,1281.18,3.100725893595391
1991-07-15,10.17,206.42,13.33,6.6,980.54,3.6147499722128087
1991-07-16,9.46,102.9,16.34,13.12,1503.3,3.216795846831582
1991-07-17,0.0,147.4,16.58,13.12,1505.43,2.9680745184683155
1991-07-18,0.0,579.98,22.11,0.46,625.73,2.769097455777702
1991-07-19,0.0,538.33,21.62,4.36,824.04,2.6530275025415113
1991-07-20,0.0,437.76,22.06,9.82,1224.66,2.570120393087089
1991-07-21,0.0,409.15,23.13,11.6,1367.42,2.5867018149779732
1991-07-22,0.0,521.98,27.86,9.17,1131.65,2.570120393087089
1991-07-23,0.0,507.23,33.3,13.49,1470.27,2.570120393087089
1991-07-24,10.54,224.58,17.86,9.25,1180.52,3.2665401125042353
1991-07-25,7.1,269.83,15.73,5.56,917.47,2.852004565232124
1991-07-26,0.0,421.77,21.66,8.37,1098.01,2.4043061741782443
1991-07-27,0.0,435.69,23.92,9.91,1207.71,2.2384919552694
1991-07-28,0.0,437.67,24.65,10.2,1228.65,2.155584845814978
1991-07-29,0.0,258.74,17.0,9.39,1191.56,2.1058405801423246
1991-07-30,0.0,521.22,25.69,5.4,838.65,2.0063520487970177
1991-07-31,0.0,491.88,26.46,7.82,1003.73,1.9566077831243642
1991-08-01,0.0,526.18,22.92,1.72,672.51,2.022933470687902
1991-08-02,0.0,471.2,25.0,8.05,1040.27,1.8902820955608264
1991-08-03,0.0,455.68,26.26,9.95,1189.74,1.8405378298881734
1991-08-04,0.0,510.98,26.19,5.99,865.78,1.8239564079972888
1991-08-05,0.0,305.99,22.91,13.48,1550.32,1.7907935642155197
1991-08-06,0.0,389.07,24.4,11.8,1347.97,1.724467876651982
1991-08-07,5.7,290.74,24.11,13.53,1542.82,2.2716547990511686
1991-08-08,8.23,194.25,23.97,16.06,1816.27,7.080267147407658
1991-08-09,6.43,173.62,10.44,4.21,844.81,3.962959831921382
1991-08-10,0.0,78.94,9.06,9.48,1198.23,2.885167409013893
1991-08-11,0.0,452.69,22.03,7.37,992.15,2.5535389711962044
1991-08-12,0.0,512.96,24.38,4.15,744.59,2.354561908505591
1991-08-13,0.0,497.45,24.77,5.59,823.62,2.1887476895967466
1991-08-14,0.0,457.09,26.46,9.66,1097.33,2.0395148925787865
1991-08-15,0.0,416.44,28.47,13.22,1420.5,1.94002636123348
1991-08-16,0.0,432.84,27.19,10.75,1196.68,1.8239564079972888
1991-08-17,0.0,418.3,26.54,11.13,1242.27,1.608397923415791
1991-08-18,0.0,394.45,28.31,13.75,1489.6,1.459165126397831
1991-08-19,0.0,370.13,27.33,13.96,1543.71,1.5586536577431376
1991-08-20,0.0,394.28,27.32,12.56,1383.03,1.309932329379871
1991-08-21,0.0,395.52,27.52,12.64,1392.25,1.2933509074889866
1991-08-22,0.0,474.99,26.66,5.88,840.93,1.459165126397831
1991-08-23,0.0,251.88,10.51,2.6,744.31,1.3596765950525243
1991-08-24,0.0,476.42,17.41,-3.05,470.64,1.2601880637072178
1991-08-25,0.0,492.68,19.04,-4.12,426.97,1.2104437980345644
1991-08-26,0.0,490.0,21.43,-2.45,469.57,1.1772809542527956
1991-08-27,31.12,159.9,7.19,0.33,643.99,2.5037947055235508
1991-08-28,31.94,37.16,5.68,7.86,1072.61,7.328988475770925
1991-08-29,52.81,247.74,20.38,8.58,1127.71,32.002144249406975
1991-08-30,50.23,280.58,20.85,6.61,995.14,59.3614903693663
1991-08-31,45.13,151.61,7.3,1.13,682.78,30.509816279227376
1991-09-01,0.0,185.79,15.66,9.83,1226.72,13.845487278888509
1991-09-02,0.0,428.97,22.76,5.2,889.98,9.666968962385631
1991-09-03,0.0,473.03,25.13,0.63,650.03,7.72694260115215
1991-09-04,0.0,435.5,23.97,4.6,853.5,6.566243068790239
1991-09-05,0.0,287.28,21.47,10.98,1318.51,5.770334818027786
1991-09-06,0.0,177.34,14.04,8.29,1102.96,5.206566473737715
1991-09-07,0.0,254.53,9.1,0.78,665.52,4.792030926465604
1991-09-08,0.0,309.08,7.75,-2.79,512.84,4.427239644866146
1991-09-09,0.0,453.57,19.83,-4.43,453.24,4.112192628939342
1991-09-10,0.0,407.76,22.17,3.26,776.79,3.863471300576075
1991-09-11,0.0,411.95,16.56,-2.29,533.42,3.6479128159945775
1991-09-12,0.0,147.97,8.03,3.03,770.12,3.4655171751948486
1991-09-13,0.0,283.46,9.52,-0.54,604.97,3.3162843781768885
1991-09-14,0.0,414.06,20.41,0.39,631.89,3.1504701592680444
1991-09-15,0.0,418.49,22.94,1.19,671.08,3.0178187841409687
1991-09-16,0.0,346.07,24.95,9.46,1196.55,2.901748830904778
1991-09-17,0.0,384.86,27.38,7.73,1059.42,2.802260299559471
1991-09-18,0.0,351.94,22.86,6.63,984.19,2.6861903463232797
1991-09-19,0.0,295.39,13.57,1.55,691.99,2.5867018149779732
1991-09-20,0.0,327.08,8.95,-4.51,451.04,2.487213283632667
1991-09-21,0.0,419.79,19.61,-6.22,396.63,2.38772475228736
1991-09-22,0.0,395.94,20.36,-1.91,537.8,2.288236220942053
1991-09-23,0.0,347.47,22.05,4.82,866.58,2.205329111487631
1991-09-24,0.0,334.45,25.5,8.54,1123.27,2.1887476895967466
1991-09-25,0.0,181.97,16.99,9.48,1198.39,2.139003423924093
1991-09-26,0.0,99.97,14.15,10.76,1301.06,2.056096314469671
1991-09-27,0.0,37.52,7.54,12.72,1459.66,2.0063520487970177
1991-09-28,0.0,295.92,13.11,-0.04,625.78,1.9566077831243642
1991-09-29,0.0,380.86,21.41,-3.06,502.61,1.8902820955608264
1991-09-30,0.0,360.69,22.67,0.83,654.36,1.8073749861064043
1991-10-01,0.0,234.37,16.88,5.84,922.83,1.757630720433751
1991-10-02,0.0,278.78,7.53,-5.51,417.66,1.7078864547610977
1991-10-03,0.0,352.02,13.95,-6.72,380.76,1.6747236109793289
1991-10-04,0.0,326.42,20.94,2.24,722.02,1.608397923415791
1991-10-05,0.0,309.59,23.15,5.14,888.25,1.5752350796340222
1991-10-06,0.0,57.21,7.71,7.68,1054.55,1.5254908139613688
1991-10-07,0.0,304.47,15.09,-2.05,537.61,1.4923279701796
1991-10-08,0.0,259.34,19.13,5.06,884.66,1.459165126397831
1991-10-09,0.0,245.16,16.48,3.58,790.98,1.4094208607251777
1991-10-10,0.0,191.52,12.53,3.08,763.99,1.392839438834293
1991-10-11,0.0,141.25,12.51,5.72,918.19,1.3596765950525243
1991-10-12,0.0,259.67,10.43,-3.26,495.06,1.3430951731616398
1991-10-13,0.0,286.0,20.51,2.86,752.35,1.3265137512707557
1991-10-14,0.0,173.42,16.34,7.29,1022.84,1.3265137512707557
1991-10-15,0.0,256.26,23.12,7.86,1068.63,1.3265137512707557
1991-10-16,7.52,172.51,7.69,-3.84,473.77,1.608397923415791
1991-10-17,0.0,65.22,4.81,2.91,752.73,1.4757465482887153
1991-10-18,0.0,208.49,15.74,4.94,874.82,1.309932329379871
1991-10-19,0.0,102.31,13.0,8.07,1085.24,1.2601880637072178
1991-10-20,0.0,170.9,16.63,7.97,1077.91,1.2436066418163334
1991-10-21,3.27,30.45,9.03,8.71,1136.81,1.2767694855981022
1991-10-22,13.49,44.25,1.3,-0.5,590.87,1.5254908139613688
1991-10-23,4.05,27.72,2.5,3.22,775.66,1.5420722358522532
1991-10-24,16.15,54.83,-0.66,-3.39,483.61,1.8571192517790576
1991-10-25,4.0,21.32,-2.01,2.9,753.53,1.5918165015249066
1991-10-26,2.03,211.06,4.17,-5.0,428.78,1.3762580169434087
1991-10-27,0.0,31.28,-1.9,1.73,694.11,1.2601880637072178
1991-10-28,5.99,26.08,-4.21,-2.84,496.41,1.2270252199254488
1991-10-29,3.95,54.37,-4.52,-6.96,366.81,1.1772809542527956
1991-10-30,0.0,52.12,-4.23,-4.56,438.4,1.127536688580142
1991-10-31,4.88,20.27,-3.04,2.91,753.33,1.19386237614368
1991-11-01,4.71,57.65,-2.37,-4.54,442.96,1.426002282616062
1991-11-02,2.32,132.54,-1.06,-6.07,396.34,1.3265137512707557
1991-11-03,3.43,65.07,1.87,-0.05,608.89,1.2104437980345644
1991-11-04,19.32,20.89,0.85,5.2,895.98,2.9349116746865467
1991-11-05,17.97,112.9,2.12,-2.69,518.5,5.140240786174178
1991-11-06,3.2,140.49,1.03,-4.9,438.08,2.6530275025415113
1991-11-07,6.5,35.36,4.66,3.73,798.86,2.1721662677058617
1991-11-08,9.19,134.77,3.15,-2.81,512.46,2.6696089244323953
1991-11-09,5.89,18.98,4.36,7.08,1006.29,2.371143330396475
1991-11-10,10.36,88.29,9.26,5.63,911.08,2.437469017960013
1991-11-11,36.11,18.8,3.9,6.73,982.83,12.91692765299898
1991-11-12,16.26,163.21,6.72,-2.73,515.81,8.539432273805488
1991-11-13,11.99,18.4,0.42,5.1,887.82,6.682313022026431
1991-11-14,0.0,203.61,-2.38,-9.24,313.67,4.5930538637749905
1991-11-15,0.0,221.91,0.07,-10.24,288.44,3.6147499722128087
1991-11-16,26.73,27.71,4.24,4.67,854.38,6.400428849881394
1991-11-17,47.31,129.9,7.98,1.9,704.3,20.726777363605557
1991-11-18,13.02,16.46,-0.98,4.79,863.47,10.578947166384275
1991-11-19,64.06,160.89,11.22,-3.89,473.18,51.40240786174177
1991-11-20,36.26,85.18,-0.96,-4.21,454.34,35.8158712843104
1991-11-21,9.27,60.91,-2.65,-4.96,427.58,15.669443686885797
1991-11-22,1.89,25.57,-3.77,-0.84,575.87,10.794505650965773
1991-11-23,8.9,16.0,-1.44,3.16,772.38,9.003712086750253
1991-11-24,16.84,128.13,7.44,1.02,662.24,13.497277419179937
1991-11-25,16.42,14.48,0.41,5.86,921.09,17.742121423246356
1991-11-26,11.01,28.86,-1.91,-2.54,514.4,11.142715510674345
1991-11-27,3.68,17.01,-1.75,2.22,719.24,9.036874930532022
1991-11-28,1.64,23.35,-1.79,2.01,711.4,7.90933824195188
1991-11-29,0.0,47.27,-2.83,-2.73,500.17,6.997360037953235
1991-11-30,0.0,25.13,-4.02,-0.23,601.21,6.218033209081667
1991-12-01,4.58,109.23,2.46,-2.88,501.88,5.919567615045746
1991-12-02,0.0,124.63,7.05,2.62,740.84,5.538194911555404
1991-12-03,1.41,24.81,-0.89,-0.14,607.75,5.156822208065061
1991-12-04,11.11,113.23,11.23,5.01,878.52,5.48845064588275
1991-12-05,54.03,13.69,2.44,7.23,1018.06,36.14749972212809
1991-12-06,27.56,14.2,-0.62,4.63,852.44,25.369575493053198
1991-12-07,12.35,14.42,-1.8,3.51,791.46,15.404140936631647
1991-12-08,11.45,14.74,3.47,6.15,936.05,12.684787746526599
1991-12-09,19.0,136.69,4.9,-6.73,379.68,16.913050328702134
1991-12-10,4.01,80.72,4.69,0.76,640.75,11.689902433073533
1991-12-11,18.49,13.86,-1.87,4.25,822.16,12.65162490274483
1991-12-12,14.43,118.04,-1.87,-7.78,353.03,14.425837045069466
1991-12-13,0.0,43.71,-4.69,-5.16,420.03,11.275366885801422
1991-12-14,0.0,136.23,-5.85,-10.74,273.59,9.269014837004404
1991-12-15,0.0,35.84,-7.18,-7.07,360.64,7.959082507624532
1991-12-16,0.0,22.13,-7.6,-4.58,437.95,7.080267147407658
1991-12-17,0.0,178.64,6.03,-4.97,427.33,6.483335959335817
1991-12-18,11.36,14.11,-3.92,-0.03,608.6,6.433591693663164
1991-12-19,3.26,28.61,-4.7,-4.54,438.2,5.820079083700439
1991-12-20,1.09,61.61,-3.0,-4.7,434.41,5.438706380210097
1991-12-21,7.0,25.83,-2.15,-2.33,521.96,5.306055005083023
1991-12-22,0.12,178.12,3.61,-7.97,346.15,4.941263723483564
1991-12-23,11.12,19.25,0.16,0.37,630.66,4.758868082683835
1991-12-24,11.81,91.27,1.45,-2.49,513.05,4.74228666079295
1991-12-25,13.78,124.84,9.15,0.43,635.47,6.350684584208742
1991-12-26,11.87,129.11,10.45,-0.65,590.9,10.545784322602506
1991-12-27,11.65,120.88,2.1,-4.93,437.13,12.999834762453403
1991-12-28,6.95,128.98,3.99,-5.15,428.55,10.313644416130122
1991-12-29,5.0,45.01,1.74,-0.27,599.4,8.174640992206031
1991-12-30,7.0,118.01,-0.56,-7.04,370.42,7.179755678752963
1991-12-31,0.0,45.09,4.32,3.2,775.73,6.350684584208742
1992-01-01,36.29,54.17,4.03,1.36,677.13,6.665731600135546
1992-01-02,41.37,101.85,2.08,-3.17,488.69,9.501154743476786
1992-01-03,21.87,82.93,1.52,-2.57,510.64,9.55089900914944
1992-01-04,23.18,101.34,1.11,-3.93,464.2,11.822553808200608
1992-01-05,0.0,139.12,-1.1,-6.25,386.87,8.804735024059639
1992-01-06,0.0,161.19,-2.15,-8.52,321.1,7.1465928349711945
1992-01-07,0.0,181.07,0.13,-7.71,344.0,6.184870365299897
1992-01-08,0.0,179.23,4.32,-3.41,473.82,5.5879391772280576
1992-01-09,6.39,127.56,6.75,-0.31,597.35,7.13001141308031
1992-01-10,22.11,77.79,3.31,-0.18,605.64,12.286833621145373
1992-01-11,12.37,102.73,1.42,-2.98,494.78,12.137600824127412
1992-01-12,0.0,141.4,1.26,-3.79,465.06,8.871060711623178
1992-01-13,4.48,94.02,2.79,-1.34,555.18,7.3953141633344615
1992-01-14,0.17,126.62,5.41,1.11,661.79,6.748638709589969
1992-01-15,1.28,80.04,5.64,2.82,751.55,6.931034350389697
1992-01-16,13.8,84.1,3.85,0.18,621.55,8.788153602168755
1992-01-17,0.0,169.69,-3.26,-9.24,309.93,7.096848569298542
1992-01-18,0.0,194.49,7.52,-0.35,595.72,6.334103162317858
1992-01-19,0.0,43.66,-0.78,-0.43,593.17,5.836660505591324
1992-01-20,0.0,180.01,6.19,-0.38,597.05,5.554776333446289
1992-01-21,14.87,105.93,1.18,-3.35,481.99,6.732057287699083
1992-01-22,11.82,119.22,1.63,-3.45,477.33,6.765220131480853
1992-01-23,56.3,112.1,4.96,0.23,623.22,47.257052389020664
1992-01-24,25.75,109.5,6.54,2.08,710.55,37.80564191121653
1992-01-25,17.14,135.11,5.99,0.18,623.61,23.379804866147065
1992-01-26,15.71,68.52,2.11,-0.66,584.28,18.57119251779058
1992-01-27,54.78,103.29,5.82,1.81,697.72,43.940768010843776
1992-01-28,53.3,73.76,4.35,1.59,690.69,65.6624306879024
1992-01-29,59.59,94.35,5.63,2.07,713.41,58.2007908370044
1992-01-30,47.7,89.64,5.5,2.19,719.96,70.1394145984412
1992-01-31,65.99,176.38,12.46,1.97,709.4,102.14155884784817
1992-02-01,22.0,91.85,3.73,0.31,628.76,53.060550050830216
1992-02-02,28.36,92.59,3.64,0.27,624.79,40.458669413758045
1992-02-03,16.29,124.29,5.82,0.99,656.3,37.47401347339884
1992-02-04,0.0,247.49,10.58,0.92,640.0,25.701203930870886
1992-02-05,0.0,53.77,0.34,0.46,636.92,19.897706269061334
1992-02-06,0.0,279.84,7.17,-10.48,283.95,16.150304921721446
1992-02-07,0.0,231.24,7.07,-0.16,603.11,13.99472007590647
1992-02-08,4.56,146.23,4.89,-0.55,588.93,12.35315930870891
1992-02-09,4.6,175.7,7.6,0.31,628.5,11.258785463910536
1992-02-10,0.0,228.88,8.8,1.9,702.53,10.26390015045747
1992-02-11,4.27,127.21,6.72,2.07,709.05,9.96543455642155
1992-02-12,6.03,73.47,4.3,1.79,695.75,10.247318728566587
1992-02-13,9.38,72.99,3.72,1.29,672.63,11.04322697932904
1992-02-14,6.98,126.49,4.84,0.49,635.13,11.855716651982377
1992-02-15,8.04,222.32,11.66,-2.84,501.09,11.209041198237884
1992-02-16,0.0,237.7,3.27,-3.61,469.72,9.567480431040323
1992-02-17,16.18,117.55,2.54,-1.4,553.65,9.25243341511352
1992-02-18,21.36,184.24,0.92,-5.43,416.05,8.970549242968485
1992-02-19,6.94,205.25,1.35,-6.05,391.52,8.224385257878684
1992-02-20,16.64,145.1,3.71,-0.81,577.47,10.71159854151135
1992-02-21,36.34,97.32,3.76,0.71,640.67,28.52004565232124
1992-02-22,14.69,154.7,4.33,-0.58,588.62,32.002144249406975
1992-02-23,6.22,210.43,5.94,-1.45,551.46,17.9079356421552
1992-02-24,8.86,201.53,9.66,2.74,746.64,15.138838186377496
1992-02-25,0.0,313.36,4.07,-4.64,446.52,15.072512498813959
1992-02-26,0.0,87.93,5.66,5.2,895.44,14.873535436123344
1992-02-27,0.0,324.74,15.49,4.96,877.17,13.629928794307013
1992-02-28,0.0,332.79,14.98,3.98,800.0,12.336577886818025
1992-02-29,0.0,275.63,9.74,2.56,736.7,10.844249916638425
1992-03-01,2.81,237.15,9.37,1.24,671.42,10.147830197221278
1992-03-02,4.64,71.9,1.93,0.4,630.24,9.434829055913248
1992-03-03,9.75,187.84,7.2,1.17,667.32,8.705246492714334
1992-03-04,14.96,80.16,4.95,2.62,741.27,11.126134088783461
1992-03-05,9.44,118.16,5.52,2.17,716.41,13.049579028126056
1992-03-06,4.86,178.03,6.87,1.54,687.24,10.462877213148083
1992-03-07,0.0,326.81,7.61,-0.42,594.67,9.103200618095558
1992-03-08,0.0,380.62,12.75,-0.26,600.09,8.14147814842426
1992-03-09,0.0,137.51,3.61,1.2,656.36,7.494802694679769
1992-03-10,0.0,376.75,13.9,1.98,717.65,7.1134299911894265
1992-03-11,0.0,376.75,13.91,2.2,720.0,6.881290084717044
1992-03-12,0.0,390.9,16.83,2.49,720.02,6.732057287699083
1992-03-13,0.0,375.18,16.15,4.21,819.29,6.665731600135546
1992-03-14,0.0,263.19,10.47,4.22,821.59,6.848127240935275
1992-03-15,7.71,180.79,7.75,2.29,722.37,7.047104303625888
1992-03-16,3.35,200.14,6.31,0.52,637.47,6.516498803117586
1992-03-17,5.64,149.38,4.75,0.64,643.96,6.085381833954591
1992-03-18,0.0,412.3,10.46,-2.88,496.88,5.654264864791595
1992-03-19,0.0,437.7,12.21,-9.32,311.69,5.306055005083023
1992-03-20,0.0,402.41,13.23,0.57,635.29,5.057333676719756
1992-03-21,0.0,402.81,14.4,1.53,682.3,4.908100879701795
1992-03-22,0.0,388.75,14.23,2.43,720.0,4.825193770247372
1992-03-23,0.0,363.23,12.44,2.25,719.62,4.77544950457472
1992-03-24,0.0,447.94,13.32,-7.25,365.69,4.77544950457472
1992-03-25,0.0,382.31,14.49,2.97,757.81,4.74228666079295
1992-03-26,0.0,449.01,11.23,-7.35,363.59,4.74228666079295
1992-03-27,0.0,322.16,4.84,-3.66,472.33,4.609635285665875
1992-03-28,0.0,420.29,9.46,-4.17,451.04,4.327751113520839
1992-03-29,0.0,399.64,12.4,-0.06,608.24,4.095611207048457
1992-03-30,0.0,315.78,13.36,4.63,850.72,4.012704097594035
1992-03-31,0.0,459.53,14.24,-4.82,439.93,4.079029785157573
1992-04-01,0.0,406.64,19.32,5.29,899.59,4.410658222975262
1992-04-02,0.0,426.6,19.96,4.13,822.15,5.239729317519484
1992-04-03,2.64,241.96,6.13,-1.54,556.01,5.571357755337172
1992-04-04,10.85,174.6,4.12,-2.13,525.62,4.858356614029142
1992-04-05,14.9,196.65,3.85,-3.17,486.29,4.543309598102337
1992-04-06,4.11,272.24,5.26,-4.92,428.13,4.045866941375804
1992-04-07,0.0,343.03,4.66,-4.63,435.66,3.7474013473398844
1992-04-08,0.0,421.78,7.83,-5.01,424.75,3.5318428627583867
1992-04-09,2.94,264.92,7.73,-1.96,531.5,3.399191487631311
1992-04-10,0.0,361.48,8.08,-1.96,530.2,3.2831215343951197
1992-04-11,4.56,256.86,8.45,-1.04,568.16,3.200214424940697
1992-04-12,9.83,250.02,11.79,2.63,741.05,4.493565332429684
1992-04-13,15.06,324.31,16.6,2.08,711.35,7.5611283822433055
1992-04-14,23.54,188.03,10.03,3.39,784.13,12.336577886818025
1992-04-15,27.38,291.57,17.33,5.27,891.33,12.121019402236529
1992-04-16,50.68,319.99,16.23,1.68,699.41,44.769839105388
1992-04-17,33.76,139.8,6.47,1.66,693.99,33.49447221958658
1992-04-18,0.31,465.09,16.3,-0.27,603.38,17.9079356421552
1992-04-19,0.0,421.86,12.17,-0.45,592.61,12.220507933581834
1992-04-20,0.0,314.7,9.32,1.14,667.27,10.77792422907489
1992-04-21,5.14,272.97,7.35,-2.41,515.88,9.28559625889529
1992-04-22,7.33,206.49,4.45,-2.41,515.55,7.959082507624532
1992-04-23,0.0,447.55,9.58,-3.3,479.74,7.13001141308031
1992-04-24,0.0,449.53,15.07,1.62,687.34,6.41701027177228
1992-04-25,0.0,443.57,19.32,5.96,932.63,6.168288943409013
1992-04-26,7.04,296.25,14.97,6.83,992.31,8.240966679769569
1992-04-27,32.71,179.49,11.65,6.06,945.31,17.078864547610976
1992-04-28,21.43,178.89,10.84,5.37,899.01,13.447533153507283
1992-04-29,34.15,187.88,10.29,4.66,860.35,42.11681160284649
1992-04-30,7.78,175.95,4.84,-0.2,607.77,25.86701814977973
1992-05-01,0.03,413.7,8.48,-1.27,559.37,14.707721217214502
1992-05-02,0.0,482.26,13.44,0.42,633.9,11.474343948492034
1992-05-03,0.0,513.42,22.72,4.69,855.41,10.081504509657742
1992-05-04,0.0,480.13,24.3,8.95,1156.01,9.799620337512707
1992-05-05,0.0,466.47,23.31,8.93,1154.26,9.832783181294475
1992-05-06,0.0,477.75,24.81,9.26,1181.01,9.899108868858011
1992-05-07,0.0,424.77,17.83,6.19,945.66,9.683550384276515
1992-05-08,1.81,264.3,8.08,1.71,696.55,8.489688008132834
1992-05-09,5.95,152.78,6.18,1.75,695.1,7.445058429007115
1992-05-10,4.13,245.04,6.73,0.8,652.88,7.080267147407658
1992-05-11,0.01,219.83,2.67,-1.97,532.38,6.400428849881394
1992-05-12,0.0,457.7,9.53,-1.96,532.29,5.886404771263978
1992-05-13,0.0,449.22,14.29,2.9,755.09,5.554776333446289
1992-05-14,0.0,450.07,15.12,3.4,780.8,5.422124958319213
1992-05-15,0.0,354.47,12.51,4.29,830.66,5.388962114537445
1992-05-16,0.0,489.31,18.3,4.39,831.58,5.289473583192137
1992-05-17,0.0,483.57,21.39,7.07,1005.39,5.322636426973906
1992-05-18,0.0,374.7,15.47,6.49,968.23,5.355799270755675
1992-05-19,0.0,508.44,19.8,3.91,811.19,5.206566473737715
1992-05-20,0.0,527.96,17.83,-0.02,611.97,4.808612348356489
1992-05-21,0.0,437.56,10.77,-0.17,603.18,4.460402488647915
1992-05-22,0.0,478.05,16.05,2.62,739.28,4.2282625821755335
1992-05-23,0.0,475.29,20.22,6.36,950.15,4.211681160284649
1992-05-24,0.0,484.81,25.86,10.19,1255.5,4.74228666079295
1992-05-25,0.0,430.36,20.32,8.63,1130.78,5.090496520501524
1992-05-26,3.14,155.24,10.59,6.39,967.48,4.874938035920026
1992-05-27,0.0,495.26,19.82,4.35,838.31,4.427239644866146
1992-05-28,0.0,195.83,11.55,7.08,1011.72,4.211681160284649
1992-05-29,0.0,265.44,12.17,6.05,945.22,4.2282625821755335
1992-05-30,0.0,424.82,16.9,5.61,913.21,4.045866941375804
1992-05-31,0.0,457.3,22.12,8.6,1128.22,4.062448363266689
1992-06-01,0.0,376.46,16.46,6.88,1000.5,4.211681160284649
1992-06-02,0.0,561.39,21.42,-5.28,425.9,3.962959831921382
1992-06-03,0.0,553.6,17.44,-4.96,437.15,3.5815871284310394
1992-06-04,0.0,346.68,14.32,5.38,899.39,3.4986800189766174
1992-06-05,0.0,379.28,16.51,6.64,971.88,3.3494472219586577
1992-06-06,0.0,372.52,17.56,7.96,1076.69,3.332865800067773
1992-06-07,0.0,476.82,21.51,6.64,976.85,3.3162843781768885
1992-06-08,0.0,218.78,11.04,5.74,920.74,3.167051581158929
1992-06-09,5.78,348.37,19.03,4.56,852.07,3.2665401125042353
1992-06-10,3.94,358.55,20.15,4.37,841.54,3.448935753303964
1992-06-11,2.0,254.31,13.5,7.03,1005.46,3.034400206031853
1992-06-12,6.68,118.45,9.16,5.42,903.08,3.034400206031853
1992-06-13,9.85,309.98,16.71,5.07,883.52,3.167051581158929
1992-06-14,3.87,191.02,10.28,4.1,824.32,3.034400206031853
1992-06-15,0.0,295.48,12.15,4.94,871.91,2.769097455777702
1992-06-16,0.0,205.15,10.47,5.72,921.18,2.6530275025415113
1992-06-17,0.0,272.83,11.54,5.13,884.56,2.570120393087089
1992-06-18,0.0,453.56,18.56,5.93,932.9,2.487213283632667
1992-06-19,0.0,373.67,18.31,8.88,1150.05,2.5369575493053196
1992-06-20,0.0,401.98,19.45,8.99,1159.29,2.6032832368688577
1992-06-21,0.0,484.7,27.36,11.43,1354.17,2.6696089244323953
1992-06-22,0.0,473.5,29.47,13.65,1570.41,2.6530275025415113
1992-06-23,0.0,438.02,27.18,13.99,1600.24,2.619864658759742
1992-06-24,0.0,441.6,26.41,13.18,1508.7,2.5535389711962044
1992-06-25,0.0,381.64,24.56,13.94,1594.99,2.5037947055235508
1992-06-26,0.0,310.13,18.67,11.13,1330.07,2.371143330396475
1992-06-27,0.0,421.59,22.87,11.1,1327.69,2.2219105333785154
1992-06-28,2.26,310.74,18.9,10.53,1282.49,2.255073377160284
1992-06-29,17.63,138.71,10.77,6.6,986.73,3.565005706540155
1992-06-30,6.79,214.42,12.94,6.37,968.1,3.034400206031853
1992-07-01,1.21,449.58,22.7,7.29,1027.63,2.371143330396475
1992-07-02,0.0,302.98,14.68,7.84,1067.17,2.255073377160284
1992-07-03,0.0,415.69,16.3,6.42,969.35,2.0726777363605557
1992-07-04,8.6,286.64,16.12,7.27,1025.2,2.1721662677058617
1992-07-05,7.4,164.7,11.89,7.37,1035.43,2.470631861741782
1992-07-06,7.36,123.26,11.73,8.44,1115.77,2.2384919552694
1992-07-07,4.76,163.6,11.47,7.16,1019.6,2.0063520487970177
1992-07-08,4.55,251.13,12.07,6.13,948.5,1.9234449393425954
1992-07-09,0.0,469.78,19.7,7.78,1064.38,1.8405378298881734
1992-07-10,2.83,151.4,12.87,9.5,1200.21,1.7907935642155197
1992-07-11,0.0,415.7,17.98,8.77,1141.56,1.757630720433751
1992-07-12,0.0,407.92,18.35,9.2,1176.17,1.7078864547610977
1992-07-13,0.11,213.38,12.6,8.47,1118.2,1.6581421890884442
1992-07-14,0.0,512.04,22.19,6.04,943.66,1.5918165015249066
1992-07-15,0.0,534.56,20.76,1.85,704.84,1.5420722358522532
1992-07-16,0.0,472.95,24.34,10.58,1271.74,1.4923279701796
1992-07-17,0.0,469.5,27.05,12.75,1402.88,1.4923279701796
1992-07-18,0.0,437.38,26.3,13.89,1543.15,1.4923279701796
1992-07-19,0.0,356.35,22.35,13.55,1557.85,1.459165126397831
1992-07-20,11.47,246.73,17.93,10.38,1270.23,2.0726777363605557
1992-07-21,1.03,166.31,13.56,10.09,1247.54,1.7078864547610977
1992-07-22,8.0,112.91,12.7,9.76,1220.96,1.5586536577431376
1992-07-23,0.0,167.89,12.13,8.95,1156.13,1.4757465482887153
1992-07-24,0.0,349.99,13.92,6.93,1005.86,1.392839438834293
1992-07-25,0.0,465.95,19.13,7.62,1037.53,1.3265137512707557
1992-07-26,0.0,506.48,24.87,8.31,1044.82,1.2933509074889866
1992-07-27,0.0,467.01,19.83,7.84,1010.72,1.2601880637072178
1992-07-28,0.0,444.83,20.28,9.24,1078.69,1.2601880637072178
1992-07-29,0.0,460.94,22.79,10.61,1033.28,1.3430951731616398
1992-07-30,0.0,485.17,27.14,12.39,1060.67,1.2933509074889866
1992-07-31,0.0,467.89,27.77,14.12,1209.75,1.2601880637072178
1992-08-01,0.0,409.82,19.37,9.42,1016.32,1.2270252199254488
1992-08-02,0.0,406.04,17.41,7.7,930.19,1.1772809542527956
1992-08-03,0.0,432.06,19.31,8.33,920.95,1.1441181104710265
1992-08-04,0.0,321.64,16.67,9.31,1124.17,1.1109552666892577
1992-08-05,0.0,346.9,16.91,8.81,1075.22,1.0943738447983733
1992-08-06,14.38,232.5,16.21,8.99,1159.46,1.3762580169434087
1992-08-07,8.36,190.68,11.56,5.92,941.26,1.4094208607251777
1992-08-08,13.49,305.74,13.9,4.02,817.77,1.2270252199254488
1992-08-09,2.89,381.07,15.83,5.82,895.3,1.309932329379871
1992-08-10,0.0,477.07,25.21,9.17,992.46,1.1441181104710265
1992-08-11,0.0,454.6,28.94,13.5,1323.59,1.0943738447983733
1992-08-12,0.0,402.28,28.96,16.3,1668.72,1.077792422907489
1992-08-13,0.0,383.51,27.25,15.8,1661.29,1.0446295791257199
1992-08-14,0.0,502.33,22.18,1.87,619.95,0.9948853134530665
1992-08-15,0.0,376.56,21.03,10.5,1219.59,0.9617224696712977
1992-08-16,0.0,421.13,23.82,11.0,1201.43,0.9285596258895288
1992-08-17,0.0,434.08,26.77,12.5,1291.78,0.8953967821077599
1992-08-18,0.0,351.0,21.46,11.66,1338.61,0.8953967821077599
1992-08-19,0.0,494.83,20.08,-0.61,538.49,0.8788153602168755
1992-08-20,0.0,487.42,19.16,-0.84,537.75,0.862233938325991
1992-08-21,0.0,266.49,14.82,7.3,1022.57,0.8290710945442221
1992-08-22,0.0,273.05,12.58,4.97,878.9,0.9119782039986444
1992-08-23,0.0,322.93,15.34,5.79,919.4,0.9617224696712977
1992-08-24,0.0,374.21,18.28,6.33,932.19,0.9285596258895288
1992-08-25,0.0,402.78,21.62,7.81,1004.52,0.9119782039986444
1992-08-26,0.0,378.54,22.56,9.77,1165.49,0.8953967821077599
1992-08-27,0.0,470.26,19.09,-1.15,534.38,0.9119782039986444
1992-08-28,0.0,461.46,16.04,-3.03,480.08,0.8953967821077599
1992-08-29,0.0,340.91,17.71,6.64,964.05,0.8788153602168755
1992-08-30,0.0,448.6,17.4,-1.09,555.27,0.8953967821077599
1992-08-31,0.0,265.37,16.3,8.1,1087.86,0.9617224696712977
1992-09-01,0.0,395.67,23.17,8.01,1033.38,0.9285596258895288
1992-09-02,0.0,440.1,17.1,-1.63,540.3,0.8953967821077599
1992-09-03,0.0,433.71,17.13,-1.65,541.99,0.8788153602168755
1992-09-04,0.39,248.02,10.56,2.28,730.46,0.8788153602168755
1992-09-05,0.29,242.35,9.74,1.67,694.81,0.862233938325991
1992-09-06,2.27,208.3,8.32,1.09,660.93,0.8290710945442221
1992-09-07,0.0,295.1,11.45,1.29,671.99,0.8290710945442221
1992-09-08,24.77,127.31,11.14,5.57,911.12,2.38772475228736
1992-09-09,0.0,364.97,17.49,3.34,777.33,1.2933509074889866
1992-09-10,0.0,316.42,20.78,8.91,1152.47,1.0612110010166043
1992-09-11,0.0,266.97,15.96,6.64,977.57,0.9948853134530665
1992-09-12,0.0,177.97,8.66,2.89,757.21,0.9285596258895288
1992-09-13,0.0,233.89,7.34,-0.18,604.73,0.8788153602168755
1992-09-14,0.0,218.86,6.65,-0.29,599.64,0.8788153602168755
1992-09-15,0.0,333.97,11.22,-0.62,586.43,0.862233938325991
1992-09-16,0.0,321.1,13.64,2.12,714.75,0.8290710945442221
1992-09-17,0.0,331.82,14.12,1.86,699.46,0.8124896726533377
1992-09-18,0.0,308.82,16.73,5.55,914.97,0.8124896726533377
1992-09-19,2.51,214.5,14.25,6.15,947.34,0.8124896726533377
1992-09-20,0.0,207.86,15.9,9.14,1171.53,0.8290710945442221
1992-09-21,0.0,237.26,17.69,9.66,1212.87,0.8456525164351066
1992-09-22,0.0,290.05,21.64,10.78,1302.76,0.8290710945442221
1992-09-23,13.28,156.69,14.22,7.26,1026.66,2.6364460806506265
1992-09-24,23.51,90.12,9.15,5.46,905.74,7.660616913588613
1992-09-25,0.03,178.84,9.17,3.59,795.48,3.2665401125042353
1992-09-26,6.67,143.74,9.83,3.97,815.89,2.2219105333785154
1992-09-27,0.0,340.93,13.52,0.76,646.3,1.8239564079972888
1992-09-28,0.0,349.8,20.41,5.3,899.3,1.5586536577431376
1992-09-29,0.0,347.26,22.98,7.21,1016.65,1.392839438834293
1992-09-30,0.0,362.89,22.59,3.09,772.01,1.2933509074889866
1992-10-01,0.0,227.33,18.11,10.24,1258.98,1.2436066418163334
1992-10-02,3.12,220.54,11.25,0.81,666.89,1.1606995323619111
1992-10-03,7.03,167.81,10.26,3.24,781.13,1.0612110010166043
1992-10-04,0.0,223.15,7.39,0.26,626.18,0.9451410477804132
1992-10-05,0.0,282.44,10.27,0.24,619.87,0.8788153602168755
1992-10-06,0.0,306.49,14.46,2.19,718.65,0.8290710945442221
1992-10-07,0.0,249.46,15.54,6.47,957.59,0.7793268288715688
1992-10-08,0.0,215.13,11.25,3.89,810.54,0.7461639850898
1992-10-09,0.0,250.38,9.77,0.81,648.74,0.713001141308031
1992-10-10,0.0,249.57,15.35,6.02,921.49,0.713001141308031
1992-10-11,0.0,240.77,15.19,6.16,936.57,0.6798382975262621
1992-10-12,0.0,181.13,11.83,5.45,902.76,0.6798382975262621
1992-10-13,3.42,172.54,8.28,0.73,648.18,0.7627454069806844
1992-10-14,0.0,179.88,3.46,-2.89,497.24,0.6798382975262621
1992-10-15,0.0,239.47,5.01,-3.98,458.68,0.6300940318536089
1992-10-16,0.0,186.24,7.36,0.83,647.25,0.6300940318536089
1992-10-17,5.87,127.78,9.65,3.71,799.5,0.6466754537444933
1992-10-18,12.13,100.98,9.86,5.25,890.7,1.8571192517790576
1992-10-19,33.94,98.79,9.44,4.94,872.6,8.489688008132834
1992-10-20,20.36,61.99,9.46,6.7,983.43,12.154182246018298
1992-10-21,12.0,86.04,8.44,4.59,855.88,8.075152460860723
1992-10-22,7.69,86.45,8.84,4.91,868.53,7.843012554388341
1992-10-23,0.0,165.95,13.12,7.07,1008.56,6.4501731155540485
1992-10-24,4.64,170.28,11.63,2.23,726.06,4.526728176211453
1992-10-25,0.0,269.78,8.87,-5.45,421.0,3.5981685503219247
1992-10-26,0.0,148.62,6.67,1.1,662.93,3.0178187841409687
1992-10-27,0.0,124.34,7.0,2.32,721.26,2.6696089244323953
1992-10-28,9.23,111.33,7.23,1.86,698.85,2.570120393087089
1992-10-29,18.86,39.16,4.05,2.52,736.21,8.158059570315146
1992-10-30,21.32,38.58,3.93,2.46,732.51,17.410492985428668
1992-10-31,22.36,66.26,5.16,2.29,722.67,22.550733771602843
1992-11-01,19.33,77.41,4.31,0.92,654.09,16.432189093866484
1992-11-02,13.28,195.77,4.79,-7.34,362.63,12.270252199254488
1992-11-03,3.0,97.28,4.64,0.47,631.7,8.108315304642492
1992-11-04,13.6,108.12,6.87,2.28,722.57,8.47310658624195
1992-11-05,0.0,148.22,4.42,-0.25,604.29,6.6988944439173155
1992-11-06,8.24,148.93,8.91,1.76,697.37,5.9693118807184
1992-11-07,23.32,124.81,7.27,1.45,685.2,13.480695997289052
1992-11-08,9.5,91.88,3.06,-1.02,572.76,7.8098497106065725
1992-11-09,3.87,100.23,0.67,-3.93,462.07,6.201451787190782
1992-11-10,0.0,194.55,4.24,-3.39,477.08,5.272892161301253
1992-11-11,19.26,104.31,6.3,1.45,677.13,6.317521740426972
1992-11-12,4.11,170.29,6.68,-6.13,400.2,5.554776333446289
1992-11-13,0.0,176.8,-0.73,-7.08,369.76,4.9246823015926795
1992-11-14,0.0,187.99,-0.69,-7.8,352.49,4.543309598102337
1992-11-15,1.9,195.96,7.81,-5.91,405.99,4.2614254259573014
1992-11-16,15.12,87.01,6.56,2.43,729.8,4.908100879701795
1992-11-17,11.48,69.22,4.11,0.75,646.41,4.77544950457472
1992-11-18,10.79,55.34,2.88,0.14,620.56,4.4769839105388
1992-11-19,21.67,63.72,1.72,-1.51,551.62,6.798382975262622
1992-11-20,0.03,114.09,1.71,-2.85,500.1,5.753753396136902
1992-11-21,36.44,61.05,2.03,-1.12,564.76,8.439943742460182
1992-11-22,12.57,102.25,2.38,-3.34,482.26,10.56236574449339
1992-11-23,0.0,99.24,-0.57,-4.63,435.54,7.693779757370382
1992-11-24,0.0,118.52,0.55,-4.34,443.7,6.300940318536089
1992-11-25,0.0,144.31,4.19,-2.18,520.79,5.471869223991867
1992-11-26,0.0,153.38,6.31,-0.87,576.05,5.5879391772280576
1992-11-27,17.75,75.6,5.19,1.11,663.68,17.410492985428668
1992-11-28,5.33,90.7,1.99,-3.16,488.43,10.595528588275158
1992-11-29,6.12,93.78,2.11,-3.43,475.87,7.975663929515417
1992-11-30,20.53,107.24,3.74,-3.27,483.16,10.064923087766857
1992-12-01,0.0,129.69,1.65,-4.43,441.79,7.975663929515417
1992-12-02,0.0,109.57,1.01,-3.94,460.61,6.814964397153506
1992-12-03,0.0,125.88,1.47,-4.59,437.84,5.985893302609283
1992-12-04,0.0,103.51,1.55,-3.37,480.0,5.422124958319213
1992-12-05,4.24,70.94,0.13,-3.81,455.22,5.024170832937986
1992-12-06,8.02,52.59,0.43,-2.64,504.81,4.792030926465604
1992-12-07,11.99,57.13,0.85,-2.44,512.45,4.62621670755676
1992-12-08,33.48,42.83,0.07,-2.35,514.5,4.77544950457472
1992-12-09,14.24,66.3,-0.8,-4.56,439.57,4.792030926465604
1992-12-10,19.24,59.9,-0.6,-3.91,461.41,4.5598910199932225
1992-12-11,14.93,65.53,-0.54,-4.16,452.5,4.3443325354117235
1992-12-12,4.54,74.21,-0.51,-4.59,437.69,4.012704097594035
1992-12-13,4.06,100.38,4.88,-1.37,554.92,4.012704097594035
1992-12-14,16.77,114.38,4.91,-3.43,480.01,6.350684584208742
1992-12-15,5.87,127.91,-3.36,-12.01,251.61,5.422124958319213
1992-12-16,10.17,118.83,4.83,-3.01,490.11,4.908100879701795
1992-12-17,16.77,96.16,-1.6,-6.76,371.15,4.576472441884106
1992-12-18,3.89,114.26,-2.36,-8.41,324.67,4.1453554727211115
1992-12-19,14.84,13.73,-7.87,-3.48,472.67,4.161936894611995
1992-12-20,11.48,67.15,0.47,-3.0,492.73,4.178518316502879
1992-12-21,4.4,80.95,0.89,-3.4,478.16,4.095611207048457
1992-12-22,3.94,106.73,4.45,-1.97,531.13,4.294588269739071
1992-12-23,0.0,79.75,3.55,0.35,628.27,4.576472441884106
1992-12-24,0.0,132.6,4.05,-1.72,542.07,4.543309598102337
1992-12-25,0.0,151.84,2.85,-4.4,444.69,4.3443325354117235
1992-12-26,16.22,121.72,2.99,-5.27,417.47,4.211681160284649
1992-12-27,21.54,104.37,-0.36,-6.32,385.07,4.02928551948492
1992-12-28,39.43,38.38,-1.58,-3.47,474.0,4.079029785157573
1992-12-29,20.99,87.45,0.82,-3.71,468.08,4.079029785157573
1992-12-30,23.33,104.36,-1.25,-6.73,370.98,3.7805641911216528
1992-12-31,22.16,95.9,-0.21,-5.22,419.53,3.5318428627583867
1993-01-01,0.0,19.65,-9.2,-3.82,460.05,3.3494472219586577
1993-01-02,0.0,74.58,-3.23,-5.63,403.38,3.1836330030498132
1993-01-03,8.96,41.28,-5.67,-7.23,360.18,3.13388873737716
1993-01-04,7.58,33.14,-9.0,-10.0,291.01,3.0012373622500843
1993-01-05,0.0,167.77,-9.99,-15.7,190.38,2.852004565232124
1993-01-06,0.0,181.13,-10.89,-17.57,159.29,2.7193531901050485
1993-01-07,0.0,34.69,-6.59,-5.49,410.68,2.6530275025415113
1993-01-08,0.0,21.44,-8.95,-4.35,445.13,2.6032832368688577
1993-01-09,0.0,29.66,-9.01,-6.06,389.69,2.487213283632667
1993-01-10,0.0,30.82,-9.66,-6.63,365.18,2.4043061741782443
1993-01-11,0.0,174.5,-3.09,-9.18,305.52,2.3379804866147063
1993-01-12,0.0,191.4,1.21,-6.97,360.48,2.288236220942053
1993-01-13,0.0,23.88,-7.88,-3.06,485.84,2.2384919552694
1993-01-14,0.0,137.84,2.6,-1.54,550.22,2.205329111487631
1993-01-15,0.0,28.2,-3.11,-1.12,564.95,2.1721662677058617
1993-01-16,0.0,28.52,-5.91,-2.34,517.19,2.1058405801423246
1993-01-17,0.0,105.18,1.16,-2.08,525.74,2.0726777363605557
1993-01-18,0.0,36.14,-5.35,-3.23,481.67,2.0395148925787865
1993-01-19,25.4,18.58,-6.02,-1.45,552.46,2.1058405801423246
1993-01-20,36.74,175.67,8.25,-8.04,339.8,4.128774050830226
1993-01-21,23.21,163.26,5.98,-2.21,521.97,4.112192628939342
1993-01-22,11.46,25.04,-6.53,-5.52,407.57,3.299702956286004
1993-01-23,0.0,25.02,-7.2,-1.45,552.89,2.9846559403592
1993-01-24,29.23,133.76,5.69,0.3,622.02,6.748638709589969
1993-01-25,53.19,177.97,6.2,-2.93,500.17,30.67563049813622
1993-01-26,10.49,138.7,-1.57,-6.29,396.74,15.752350796340222
1993-01-27,4.84,143.74,-1.7,-6.56,386.47,12.121019402236529
1993-01-28,13.13,130.56,0.99,-3.32,486.58,11.656739589291764
1993-01-29,11.15,196.22,-1.02,-7.91,348.69,10.015178822094203
1993-01-30,0.0,117.62,2.3,-0.44,591.63,8.307292367333106
1993-01-31,0.0,119.28,1.68,-1.05,566.95,7.511384116570653
1993-02-01,0.0,246.29,8.66,0.68,636.45,6.931034350389697
1993-02-02,0.0,271.79,12.39,0.96,647.76,6.549661646899355
1993-02-03,0.0,125.82,4.2,1.27,663.7,6.300940318536089
1993-02-04,0.0,278.11,14.05,1.18,658.09,6.26777747475432
1993-02-05,1.73,144.1,8.01,3.81,801.31,6.615987334462893
1993-02-06,0.0,112.23,8.01,5.25,899.59,7.1963371006438495
1993-02-07,0.0,246.38,10.97,3.21,776.44,7.527965538461538
1993-02-08,0.0,274.89,12.88,2.92,753.22,7.328988475770925
1993-02-09,4.02,131.94,1.72,-2.79,507.76,7.627454069806844
1993-02-10,2.62,255.88,12.69,-4.15,458.73,8.02540819518807
1993-02-11,1.23,290.8,3.83,-8.19,340.71,6.9476157722805825
1993-02-12,0.0,103.33,2.71,0.42,627.89,6.201451787190782
1993-02-13,0.0,287.11,3.02,-5.75,403.77,5.554776333446289
1993-02-14,0.0,134.42,-3.19,-6.56,378.34,5.107077942392409
1993-02-15,0.0,325.27,0.83,-11.8,252.94,4.709123817011182
1993-02-16,0.0,303.18,-6.4,-15.75,188.28,4.294588269739071
1993-02-17,0.0,209.4,-4.77,-10.33,279.22,3.929796988139613
1993-02-18,0.0,319.27,5.92,-5.23,419.62,3.7308199254489995
1993-02-19,0.0,224.42,3.27,-2.69,501.3,3.5815871284310394
1993-02-20,2.91,217.39,3.74,-4.1,453.24,3.4157729095221954
1993-02-21,4.65,263.08,3.68,-10.52,282.47,3.249958690613351
1993-02-22,2.52,302.0,7.45,-6.03,394.58,3.034400206031853
1993-02-23,0.0,325.29,-4.48,-14.16,211.22,2.901748830904778
1993-02-24,0.0,377.49,2.57,-13.01,230.94,2.7359346119959334
1993-02-25,0.0,200.42,-1.04,-6.32,382.17,2.619864658759742
1993-02-26,0.0,242.82,2.16,-4.5,440.0,2.5037947055235508
1993-02-27,0.0,369.27,10.63,-2.71,502.43,2.437469017960013
1993-02-28,0.0,374.36,12.32,-1.85,535.49,2.371143330396475
1993-03-01,6.58,32.37,-0.84,2.75,745.07,2.4208875960691287
1993-03-02,9.27,227.43,11.37,2.08,714.6,2.4208875960691287
1993-03-03,16.24,75.08,-0.19,-2.65,509.76,5.9693118807184
1993-03-04,40.25,243.59,8.22,-1.46,558.16,19.73189205015249
1993-03-05,14.93,274.74,7.82,-4.72,444.3,14.143952872924432
1993-03-06,1.62,374.69,13.5,-3.92,465.17,10.628691432056929
1993-03-07,0.0,238.21,10.29,3.67,798.24,8.754990758386986
1993-03-08,0.0,381.49,6.79,-6.11,400.64,7.925919663842764
1993-03-09,0.0,423.43,14.76,-5.49,409.96,7.047104303625888
1993-03-10,0.0,437.93,13.78,-11.18,268.06,6.317521740426972
1993-03-11,0.0,394.38,15.54,0.15,615.79,5.654264864791595
1993-03-12,0.0,437.47,11.74,-9.34,309.3,5.1734036299559465
1993-03-13,0.0,376.93,14.13,0.84,642.71,4.825193770247372
1993-03-14,13.78,298.65,7.15,-7.06,370.17,5.2231478956286
1993-03-15,12.88,296.26,4.41,-8.81,325.33,6.549661646899355
1993-03-16,14.77,272.25,11.92,0.07,611.8,5.339217848864791
1993-03-17,23.8,209.63,11.95,3.76,800.2,10.429714369366314
1993-03-18,9.48,85.07,1.81,-0.6,586.53,11.507506792273803
1993-03-19,9.08,232.94,12.43,3.29,780.09,8.02540819518807
1993-03-20,20.12,52.48,1.37,0.49,636.44,9.650387540494744
1993-03-21,18.66,290.69,13.8,1.32,674.51,8.788153602168755
1993-03-22,43.25,125.53,1.99,-2.3,527.14,26.696089244323954
1993-03-23,38.59,259.45,3.44,-5.79,408.8,28.52004565232124
1993-03-24,3.35,213.62,3.84,-3.49,473.71,15.669443686885797
1993-03-25,0.0,477.0,12.64,-4.11,454.2,11.524088214164689
1993-03-26,0.0,431.21,10.82,-2.12,525.91,9.534317587258556
1993-03-27,0.0,431.82,13.55,0.08,612.37,8.307292367333106
1993-03-28,0.0,401.85,12.62,0.69,638.27,7.461639850897999
1993-03-29,8.06,134.89,1.11,-3.31,486.07,6.931034350389697
1993-03-30,7.93,112.39,2.08,-1.2,561.28,6.732057287699083
1993-03-31,6.32,340.61,14.63,0.25,621.88,6.483335959335817
1993-04-01,9.19,336.41,14.15,0.0,616.85,7.627454069806844
1993-04-02,7.11,37.9,1.49,7.63,1050.34,7.411895585225346
1993-04-03,12.16,176.34,0.51,-4.98,435.46,8.02540819518807
1993-04-04,2.66,176.05,6.47,1.6,687.41,7.42847700711623
1993-04-05,3.31,141.1,7.02,3.01,759.91,6.599405912572008
1993-04-06,10.76,83.49,1.11,-0.85,578.14,6.599405912572008
1993-04-07,7.63,243.88,13.18,5.71,919.29,6.383847427990511
1993-04-08,20.74,174.16,5.77,1.0,664.76,17.9079356421552
1993-04-09,19.69,393.54,10.49,-5.41,420.95,18.902820955608266
1993-04-10,16.01,372.33,12.9,-0.2,606.4,15.370978092849878
1993-04-11,12.86,43.55,0.17,3.94,808.01,12.004949449000337
1993-04-12,5.23,427.85,9.66,-9.04,318.53,9.799620337512707
1993-04-13,8.9,287.82,1.02,-5.95,401.55,8.688665070823447
1993-04-14,4.18,443.13,14.63,-9.6,304.5,7.8098497106065725
1993-04-15,9.33,203.91,6.24,1.36,686.03,9.55089900914944
1993-04-16,8.12,436.99,11.56,-7.43,361.64,10.396551525584545
1993-04-17,14.78,365.45,12.97,1.79,701.32,20.229334706879023
1993-04-18,9.32,90.16,7.46,5.75,920.0,16.29953771873941
1993-04-19,1.89,500.21,15.25,3.45,786.56,11.573832479837343
1993-04-20,0.0,594.88,19.42,-5.86,407.22,9.799620337512707
1993-04-21,6.66,126.57,6.72,3.52,789.21,12.369740730599794
1993-04-22,8.65,47.63,2.49,5.26,893.08,13.115904715689595
1993-04-23,18.6,360.16,12.97,1.96,706.65,13.795743013215857
1993-04-24,22.03,262.06,8.02,1.36,682.52,20.8925915825144
1993-04-25,20.76,243.72,2.53,-3.31,493.31,27.856788776685864
1993-04-26,19.48,59.1,1.49,2.32,726.59,27.193531901050488
1993-04-27,7.67,120.67,3.14,0.63,642.69,20.726777363605557
1993-04-28,5.22,203.41,1.7,-2.78,508.97,16.150304921721446
1993-04-29,11.26,54.49,5.08,5.52,905.18,14.989605389359538
1993-04-30,3.99,172.79,3.2,-0.46,597.93,13.480695997289052
1993-05-01,5.36,288.82,5.33,-0.88,581.25,12.402903574381565
1993-05-02,9.56,429.86,15.14,0.24,626.95,12.369740730599794
1993-05-03,16.41,303.28,13.32,6.06,933.98,13.729417325652319
1993-05-04,9.12,61.68,5.24,6.81,984.9,12.552136371399524
1993-05-05,1.98,461.02,17.05,7.69,1055.5,11.126134088783461
1993-05-06,8.21,449.04,16.54,-3.86,473.01,11.507506792273803
1993-05-07,9.16,312.52,2.34,-5.21,426.34,11.126134088783461
1993-05-08,8.23,60.9,6.31,7.26,1020.62,10.529202900711622
1993-05-09,5.66,444.43,17.76,-0.14,609.73,9.666968962385631
1993-05-10,3.09,528.88,16.33,0.98,671.41,14.807209748559808
1993-05-11,3.09,367.09,13.82,4.55,851.19,16.581421890884446
1993-05-12,0.0,531.83,23.53,10.23,1258.45,20.8925915825144
1993-05-13,0.0,508.65,11.95,1.09,673.77,18.73700673669942
1993-05-14,0.91,343.59,15.81,9.49,1199.05,14.541906998305656
1993-05-15,0.0,601.81,17.88,-1.28,572.09,12.784276277871905
1993-05-16,0.0,551.27,22.46,8.3,1103.97,11.90546091765503
1993-05-17,0.0,567.81,25.81,8.66,1132.83,12.518973527617755
1993-05-18,0.0,561.66,25.51,8.73,1138.61,14.094208607251776
1993-05-19,0.0,497.2,21.56,9.89,1231.56,14.575069842087425
1993-05-20,14.6,420.4,19.46,3.76,809.86,16.28295629684852
1993-05-21,17.8,57.72,8.72,9.84,1227.57,21.72166267705862
1993-05-22,8.19,64.02,9.46,10.24,1259.09,16.249793453066754
1993-05-23,0.0,552.52,23.27,8.11,1089.19,12.966671918671635
1993-05-24,0.0,552.53,27.6,10.53,1282.51,12.767694855981022
1993-05-25,0.0,276.0,15.76,9.99,1239.11,12.552136371399524
1993-05-26,0.0,528.09,22.87,8.54,1123.44,11.988368027109454
1993-05-27,0.0,115.45,12.5,11.86,1388.65,11.872298073873262
1993-05-28,10.87,390.43,18.05,4.39,843.02,11.805972386309723
1993-05-29,7.82,332.4,21.81,10.89,1311.43,12.684787746526599
1993-05-30,8.53,301.06,22.64,12.88,1473.71,12.187345089800067
1993-05-31,15.82,223.28,7.45,1.29,691.51,12.850601965435443
1993-06-01,6.41,61.62,11.46,10.86,1308.78,12.004949449000337
1993-06-02,13.3,61.77,9.82,10.3,1263.89,10.695017119620466
1993-06-03,11.33,45.78,8.33,11.84,1387.53,9.783038915621821
1993-06-04,12.45,52.08,7.99,9.51,1201.02,9.4845733215859
1993-06-05,0.0,584.51,22.9,-0.44,608.64,9.103200618095558
1993-06-06,0.71,326.42,10.46,3.74,813.76,8.970549242968485
1993-06-07,14.4,116.94,12.11,9.78,1222.36,8.456525164351067
1993-06-08,8.19,419.77,14.3,-2.46,526.42,7.6108726479159605
1993-06-09,21.32,98.5,6.81,4.62,854.73,12.83402054354456
1993-06-10,14.55,52.04,6.03,8.2,1095.64,11.109552666892577
1993-06-11,8.7,84.79,4.83,3.59,795.84,8.804735024059639
1993-06-12,7.49,348.15,17.1,7.34,1027.4,7.90933824195188
1993-06-13,0.0,575.93,21.0,0.95,658.79,7.246081366316502
1993-06-14,10.37,404.08,20.6,5.0,883.28,7.793268288715688
1993-06-15,16.21,41.66,6.85,12.41,1432.53,8.705246492714334
1993-06-16,5.06,368.96,20.36,10.82,1305.65,8.008826773297185
1993-06-17,0.0,577.07,22.97,0.59,656.22,7.411895585225346
1993-06-18,0.0,553.03,24.16,6.37,964.21,7.328988475770925
1993-06-19,0.0,527.96,10.3,-1.92,547.46,6.931034350389697
1993-06-20,0.0,435.52,13.59,4.21,828.56,6.4501731155540485
1993-06-21,0.0,520.48,8.95,-3.45,488.65,6.1185446777363595
1993-06-22,8.31,413.2,17.75,0.72,653.03,5.770334818027786
1993-06-23,3.87,421.0,17.51,1.81,699.51,5.339217848864791
1993-06-24,0.0,562.9,21.86,2.13,716.44,5.040752254828871
1993-06-25,0.0,539.01,24.26,6.83,995.87,5.090496520501524
1993-06-26,0.0,546.75,24.2,5.14,890.42,5.1734036299559465
1993-06-27,7.04,127.36,14.0,10.53,1282.23,4.9246823015926795
1993-06-28,9.2,65.57,8.45,9.03,1162.71,4.4769839105388
1993-06-29,3.03,253.6,11.36,5.06,879.75,4.211681160284649
1993-06-30,0.0,252.68,15.1,9.89,1230.97,4.045866941375804
1993-07-01,5.34,393.92,16.15,0.73,659.35,3.929796988139613
1993-07-02,3.81,298.66,9.48,0.35,640.68,3.797145613012537
1993-07-03,0.54,83.79,8.93,9.02,1161.81,3.7474013473398844
1993-07-04,1.05,458.9,14.08,2.25,728.74,3.6644942378854624
1993-07-05,0.0,377.36,14.9,6.29,958.43,3.5318428627583867
1993-07-06,0.0,157.49,7.81,5.24,889.81,3.3660286438495417
1993-07-07,0.0,470.99,22.17,9.01,1160.45,3.249958690613351
1993-07-08,0.0,551.11,23.61,1.81,704.23,3.216795846831582
1993-07-09,0.0,328.23,16.3,8.42,1115.17,3.167051581158929
1993-07-10,0.0,151.66,13.7,10.61,1288.59,3.0178187841409687
1993-07-11,0.0,220.48,6.61,1.71,703.86,2.9514930965774306
1993-07-12,0.0,503.29,20.09,3.98,818.85,2.8685859871230086
1993-07-13,0.0,490.49,20.36,5.33,899.79,2.901748830904778
1993-07-14,10.21,43.61,8.7,12.65,1451.93,3.0012373622500843
1993-07-15,2.67,137.85,6.97,3.83,813.17,2.9680745184683155
1993-07-16,10.97,167.15,16.94,11.79,1383.03,2.8685859871230086
1993-07-17,8.16,44.22,8.78,12.19,1415.13,2.9680745184683155
1993-07-18,0.0,552.59,22.84,-1.49,564.73,2.83542314334124
1993-07-19,0.0,234.08,10.2,5.27,894.35,2.8188417214503554
1993-07-20,13.24,66.32,6.85,6.2,955.15,3.448935753303964
1993-07-21,4.63,139.34,14.9,11.31,1345.03,2.918330252795662
1993-07-22,10.05,46.68,11.22,12.82,1467.37,2.8188417214503554
1993-07-23,5.79,44.2,7.98,11.32,1345.82,2.7193531901050485
1993-07-24,0.0,82.34,7.33,7.94,1078.37,2.5203761274144356
1993-07-25,0.0,488.36,21.44,9.11,1170.89,2.4043061741782443
1993-07-26,0.0,533.05,22.97,3.7,803.05,2.3213990647238223
1993-07-27,0.0,413.73,21.66,12.65,1452.17,2.2716547990511686
1993-07-28,9.84,44.51,9.07,13.11,1502.78,2.6861903463232797
1993-07-29,7.22,89.37,7.35,6.04,943.51,4.062448363266689
1993-07-30,6.93,287.08,12.97,5.41,899.52,3.8303084567943064
1993-07-31,0.0,509.77,24.55,8.11,1089.67,2.885167409013893
1993-08-01,0.0,489.13,27.03,12.03,1402.21,2.7359346119959334
1993-08-02,0.0,500.9,29.3,10.65,1292.32,2.619864658759742
1993-08-03,0.0,481.4,32.4,14.55,1654.89,2.5037947055235508
1993-08-04,0.0,474.93,33.41,15.43,1754.5,2.354561908505591
1993-08-05,0.0,343.98,24.61,15.63,1770.66,2.2384919552694
1993-08-06,0.0,447.76,24.29,11.62,1369.99,2.1224220020332085
1993-08-07,0.0,181.86,17.69,14.07,1606.43,2.022933470687902
1993-08-08,0.0,407.19,20.97,11.24,1339.06,1.94002636123348
1993-08-09,0.77,283.08,20.6,14.43,1639.48,1.8902820955608264
1993-08-10,7.04,344.25,13.09,1.22,687.97,1.8405378298881734
1993-08-11,0.0,520.68,20.57,-0.92,587.93,1.7742121423246355
1993-08-12,0.0,454.91,15.87,3.76,816.71,1.7078864547610977
1993-08-13,0.0,56.7,8.29,12.08,1406.17,1.6747236109793289
1993-08-14,0.0,139.98,7.72,5.05,885.61,1.6249793453066754
1993-08-15,3.03,160.47,16.21,12.13,1410.2,1.757630720433751
1993-08-16,6.61,50.0,8.91,9.77,1221.3,1.6249793453066754
1993-08-17,2.81,415.74,21.23,1.18,685.49,1.5752350796340222
1993-08-18,0.0,444.48,24.48,11.02,1321.89,1.5089093920704844
1993-08-19,0.0,442.72,27.17,12.59,1447.74,1.4757465482887153
1993-08-20,0.0,190.45,17.25,13.37,1536.3,1.4425837045069465
1993-08-21,19.34,379.43,18.02,0.73,664.14,1.426002282616062
1993-08-22,0.0,402.16,22.9,10.62,1289.33,1.392839438834293
1993-08-23,8.95,153.42,9.48,4.53,856.43,2.470631861741782
1993-08-24,2.06,179.54,7.64,2.65,745.36,1.8405378298881734
1993-08-25,0.0,380.93,8.05,-1.84,541.75,1.5254908139613688
1993-08-26,0.0,437.81,21.52,7.06,1004.91,1.4094208607251777
1993-08-27,0.0,283.73,15.47,7.9,1071.74,1.3596765950525243
1993-08-28,0.0,453.87,12.67,-2.95,507.57,1.3265137512707557
1993-08-29,0.0,433.87,23.89,7.61,1049.87,1.2933509074889866
1993-08-30,0.0,428.77,26.41,9.73,1218.26,1.2601880637072178
1993-08-31,0.0,393.33,24.2,10.48,1278.25,1.2436066418163334
1993-09-01,0.0,403.56,21.48,7.44,1040.87,1.2104437980345644
1993-09-02,0.0,429.12,27.17,9.5,1199.84,1.1772809542527956
1993-09-03,0.0,441.84,23.89,5.37,902.55,1.1606995323619111
1993-09-04,0.0,419.64,22.96,6.46,975.73,1.1441181104710265
1993-09-05,0.0,249.4,11.44,4.51,855.98,1.1441181104710265
1993-09-06,0.0,399.73,25.44,9.65,1211.73,1.127536688580142
1993-09-07,0.0,389.06,28.3,12.38,1430.7,1.1109552666892577
1993-09-08,0.0,433.02,28.35,6.03,946.59,1.1109552666892577
1993-09-09,0.0,391.58,28.34,11.05,1324.21,1.077792422907489
1993-09-10,0.0,421.52,27.87,6.53,984.09,1.0612110010166043
1993-09-11,0.0,257.33,16.4,7.56,1058.0,1.0280481572348354
1993-09-12,0.0,347.8,21.23,7.76,1060.42,1.011466735343951
1993-09-13,0.0,381.59,22.92,6.09,933.51,0.9948853134530665
1993-09-14,0.0,132.52,12.29,8.2,1095.67,0.9948853134530665
1993-09-15,0.0,337.55,14.34,0.78,661.82,0.9948853134530665
1993-09-16,0.0,375.07,22.64,5.3,891.25,0.9783038915621821
1993-09-17,0.0,372.21,13.87,-2.28,525.74,0.9948853134530665
1993-09-18,0.0,324.14,11.8,-1.15,571.29,0.9451410477804132
1993-09-19,0.0,168.67,10.17,4.05,819.85,0.9451410477804132
1993-09-20,0.0,318.84,6.02,-6.45,389.05,0.9285596258895288
1993-09-21,0.0,379.77,18.03,-0.87,575.8,0.8953967821077599
1993-09-22,0.0,294.51,16.61,4.05,813.11,0.862233938325991
1993-09-23,0.0,340.44,21.23,4.64,850.92,0.8290710945442221
1993-09-24,0.0,86.35,7.87,5.98,931.09,0.7959082507624533
1993-09-25,0.0,374.12,19.1,-2.07,538.82,0.7793268288715688
1993-09-26,0.0,383.29,23.05,-1.71,543.96,0.7793268288715688
1993-09-27,0.0,186.68,12.49,4.4,838.08,0.7461639850898
1993-09-28,0.0,328.88,22.31,4.75,860.09,0.7461639850898
1993-09-29,0.0,310.01,24.93,8.43,1114.7,0.7295825631989155
1993-09-30,0.0,371.37,21.84,-3.47,482.93,0.7295825631989155
1993-10-01,0.0,323.13,22.25,3.91,812.37,0.7627454069806844
1993-10-02,0.0,322.55,23.98,4.98,873.03,0.713001141308031
1993-10-03,0.0,350.29,23.08,-0.58,592.31,0.6798382975262621
1993-10-04,0.0,242.49,16.56,4.29,834.32,0.6798382975262621
1993-10-05,0.0,117.02,15.6,10.04,1243.11,0.6632568756353778
1993-10-06,8.55,83.01,6.94,2.0,715.34,0.6632568756353778
1993-10-07,4.78,143.77,4.89,-3.55,484.8,0.6964197194171465
1993-10-08,0.0,293.43,16.95,1.74,694.35,0.6466754537444933
1993-10-09,0.0,352.05,21.01,-4.14,458.84,0.6300940318536089
1993-10-10,0.0,71.91,8.38,6.65,971.94,0.59693118807184
1993-10-11,0.0,78.11,9.89,7.0,1000.36,0.59693118807184
1993-10-12,2.6,31.77,6.62,9.7,1215.76,0.59693118807184
1993-10-13,3.58,32.01,9.37,9.11,1168.6,0.59693118807184
1993-10-14,5.07,24.01,5.69,11.31,1345.15,0.6300940318536089
1993-10-15,6.49,35.81,5.0,3.77,806.11,0.7793268288715688
1993-10-16,5.97,54.67,8.58,5.73,917.04,0.7959082507624533
1993-10-17,0.0,187.84,5.94,-2.06,537.1,0.6632568756353778
1993-10-18,0.28,33.89,3.02,6.78,982.59,0.6135126099627244
1993-10-19,3.01,167.55,4.18,-3.61,483.02,0.6300940318536089
1993-10-20,0.0,65.5,3.02,1.74,692.18,0.59693118807184
1993-10-21,0.0,197.34,14.57,5.93,925.67,0.563768344290071
1993-10-22,13.01,49.8,9.64,7.64,1054.14,1.5089093920704844
1993-10-23,37.11,69.64,10.67,7.19,1026.08,9.451410477804133
1993-10-24,16.55,58.87,3.83,1.26,673.73,5.073915098610639
1993-10-25,0.0,240.38,4.18,-6.63,382.65,2.5369575493053196
1993-10-26,0.0,162.39,3.61,-2.74,504.01,2.0063520487970177
1993-10-27,0.0,184.85,10.03,2.55,737.03,1.6581421890884442
1993-10-28,1.13,48.12,7.82,6.82,985.76,1.4425837045069465
1993-10-29,0.0,268.49,14.77,-4.27,458.46,1.3265137512707557
1993-10-30,0.0,266.46,13.37,-5.65,413.04,1.2270252199254488
1993-10-31,0.09,84.42,2.4,-0.34,602.19,1.1772809542527956
1993-11-01,0.0,154.54,3.31,-2.4,515.88,1.0943738447983733
1993-11-02,0.0,127.18,0.75,-3.49,478.79,1.0446295791257199
1993-11-03,19.01,84.78,2.73,-0.67,598.77,2.155584845814978
1993-11-04,0.0,206.06,1.34,-6.53,378.97,1.5254908139613688
1993-11-05,0.0,62.75,1.33,-0.06,608.74,1.2601880637072178
1993-11-06,0.0,206.87,1.06,-6.86,371.17,1.1606995323619111
1993-11-07,0.0,182.51,-0.89,-7.33,357.42,1.0943738447983733
1993-11-08,0.0,224.29,-0.4,-9.59,301.19,1.0446295791257199
1993-11-09,0.0,238.16,6.2,-9.19,312.48,1.011466735343951
1993-11-10,0.0,205.85,-1.83,-10.26,286.84,0.9617224696712977
1993-11-11,0.0,172.69,-2.43,-9.0,315.15,0.9285596258895288
1993-11-12,0.0,25.08,-2.47,1.82,701.95,0.8788153602168755
1993-11-13,0.0,214.14,-0.47,-11.32,267.48,0.8290710945442221
1993-11-14,0.0,74.26,-2.29,-4.94,424.94,0.7959082507624533
1993-11-15,9.01,60.67,3.81,0.85,656.25,1.1772809542527956
1993-11-16,10.49,78.39,-1.93,-5.79,403.3,1.4094208607251777
1993-11-17,6.68,26.71,-2.75,-2.49,512.35,1.2436066418163334
1993-11-18,0.7,32.39,-0.16,0.96,647.47,1.127536688580142
1993-11-19,0.0,22.81,-1.7,2.77,743.86,1.0612110010166043
1993-11-20,1.3,22.17,0.4,3.13,769.74,1.0446295791257199
1993-11-21,21.43,149.11,0.18,-9.03,319.75,3.448935753303964
1993-11-22,13.25,126.69,-7.82,-14.21,211.18,2.5867018149779732
1993-11-23,0.0,172.76,-11.23,-18.02,153.98,2.0063520487970177
1993-11-24,0.0,37.48,-10.64,-9.96,285.89,1.6415607671975598
1993-11-25,0.0,69.61,-8.82,-10.97,265.44,1.4757465482887153
1993-11-26,0.0,38.74,-6.12,-5.61,405.92,1.392839438834293
1993-11-27,2.15,163.31,-5.41,-12.11,249.58,1.3430951731616398
1993-11-28,5.61,101.35,-4.59,-9.34,311.39,1.5586536577431376
1993-11-29,19.83,149.23,2.25,-7.8,352.13,6.350684584208742
1993-11-30,14.93,15.87,-2.93,3.11,768.51,3.797145613012537
1993-12-01,37.17,34.2,3.52,2.17,715.52,9.169526305659097
1993-12-02,10.32,22.9,1.28,1.62,686.66,7.013941459844119
1993-12-03,23.59,133.6,8.48,-0.36,601.04,18.073749861064044
1993-12-04,23.53,141.13,5.7,-5.12,428.57,21.390034239240933
1993-12-05,0.0,24.79,-4.38,-0.93,572.19,9.235851993222635
1993-12-06,11.86,18.37,-5.74,-2.19,521.52,6.599405912572008
1993-12-07,43.61,86.75,3.81,-0.55,587.75,6.7818015533717375
1993-12-08,42.73,43.67,5.25,3.21,775.44,9.683550384276515
1993-12-09,60.39,96.85,10.26,5.32,903.97,20.395148925787865
1993-12-10,73.01,122.87,12.7,4.56,850.35,87.88153602168755
1993-12-11,24.22,132.22,2.88,-6.12,397.95,28.685859871230086
1993-12-12,15.71,17.39,0.29,2.19,718.16,17.9079356421552
1993-12-13,37.01,137.86,6.62,-5.67,409.42,16.74723610979329
1993-12-14,21.81,64.38,8.01,4.92,873.26,14.906698279905113
1993-12-15,11.94,107.12,8.06,2.03,709.74,10.811087072856656
1993-12-16,0.0,180.99,1.97,-8.59,328.17,8.738409336496101
1993-12-17,0.0,154.47,1.99,-5.53,408.33,7.345569897661809
1993-12-18,0.0,178.66,0.83,-10.0,291.39,6.383847427990511
1993-12-19,0.0,136.92,-6.49,-12.23,247.43,5.753753396136902
1993-12-20,0.0,129.14,-5.99,-11.4,265.2,5.289473583192137
1993-12-21,0.0,91.66,-5.68,-9.34,307.07,4.825193770247372
1993-12-22,0.0,77.7,-6.0,-8.99,315.32,4.443821066757031
1993-12-23,0.0,55.4,-6.17,-8.18,331.67,4.112192628939342
1993-12-24,0.0,148.61,-6.28,-12.78,236.8,3.9132155662487285
1993-12-25,0.0,111.36,-2.13,-6.78,370.73,3.896634144357844
1993-12-26,0.0,46.47,-4.85,-5.97,395.63,3.7474013473398844
1993-12-27,0.0,184.32,2.29,-10.79,277.12,3.482098597085733
1993-12-28,0.0,36.89,-0.43,-1.32,555.33,3.3494472219586577
1993-12-29,20.62,18.88,0.33,0.71,645.82,3.548424284649271
1993-12-30,35.1,114.6,6.15,-1.03,572.3,12.950090496780751
1993-12-31,32.01,13.05,2.79,6.18,938.04,14.624814107760077
1994-01-01,31.55,44.96,3.61,1.42,679.21,15.470466624195184
1994-01-02,17.43,136.13,5.68,-3.36,485.65,20.063520487970177
1994-01-03,14.23,90.42,5.31,0.71,645.98,18.23956407997289
1994-01-04,35.32,22.78,-0.58,-0.67,587.24,43.11169691629956
1994-01-05,20.98,70.29,1.53,-1.95,531.66,22.882362209420535
1994-01-06,8.78,73.46,0.53,-3.2,483.2,14.094208607251776
1994-01-07,1.18,89.32,1.12,-2.22,519.31,10.877412760420194
1994-01-08,20.06,15.49,-2.52,3.8,800.16,11.076389823110809
1994-01-09,7.48,84.72,4.61,0.48,634.66,10.71159854151135
1994-01-10,11.05,30.54,1.74,0.57,638.64,10.280481572348355
1994-01-11,19.0,62.45,3.97,1.06,660.86,10.180993041003047
1994-01-12,13.44,78.06,6.67,3.06,761.42,9.982015978312434
1994-01-13,5.28,155.92,6.91,-4.63,446.67,10.180993041003047
1994-01-14,3.11,133.44,-1.26,-7.48,359.98,9.501154743476786
1994-01-15,0.81,142.84,5.1,-0.23,602.8,8.439943742460182
1994-01-16,0.0,147.25,3.93,-1.15,565.34,7.411895585225346
1994-01-17,0.0,227.15,4.13,-9.4,309.91,6.582824490681124
1994-01-18,0.0,28.68,-3.72,-1.08,567.11,6.019056146391053
1994-01-19,0.0,137.84,5.04,0.34,626.89,5.604520599118942
1994-01-20,0.0,236.12,8.53,-8.45,330.96,5.405543536428328
1994-01-21,10.16,106.12,7.58,2.8,745.73,6.881290084717044
1994-01-22,28.85,72.65,6.16,3.06,761.74,14.707721217214502
1994-01-23,25.16,111.44,5.27,0.59,643.33,35.31842862758386
1994-01-24,13.31,49.12,3.41,1.48,681.6,20.395148925787865
1994-01-25,9.61,102.64,2.76,-1.36,557.04,13.09932329379871
1994-01-26,0.93,164.59,2.88,-2.39,516.94,10.131248775330395
1994-01-27,0.0,169.1,1.48,-3.72,469.14,8.556013695696372
1994-01-28,0.0,208.05,4.18,-2.78,499.63,7.494802694679769
1994-01-29,0.0,31.08,-3.75,0.18,616.68,6.748638709589969
1994-01-30,0.0,269.55,5.0,-12.28,246.38,6.184870365299897
1994-01-31,0.0,267.43,3.6,-9.23,309.18,5.704009130464248
1994-02-01,0.0,277.31,3.08,-14.12,211.51,5.322636426973906
1994-02-02,0.0,279.23,3.29,-12.36,241.57,4.991007989156217
1994-02-03,0.0,280.86,1.38,-13.43,225.67,4.858356614029142
1994-02-04,0.0,282.74,1.94,-12.72,238.95,4.576472441884106
1994-02-05,0.0,249.67,-5.32,-14.48,206.73,4.327751113520839
1994-02-06,0.0,293.1,1.49,-14.53,205.82,4.112192628939342
1994-02-07,0.0,225.07,-1.56,-9.43,303.83,3.9132155662487285
1994-02-08,0.0,227.49,-1.91,-10.03,286.82,3.565005706540155
1994-02-09,6.76,137.84,0.39,-5.84,397.1,3.5318428627583867
1994-02-10,0.0,144.18,-0.22,-4.93,427.16,3.3660286438495417
1994-02-11,0.0,192.81,0.9,-5.54,403.8,3.200214424940697
1994-02-12,5.05,221.22,6.99,-1.98,531.22,3.4655171751948486
1994-02-13,44.22,108.36,0.95,-3.51,474.49,3.565005706540155
1994-02-14,16.49,78.79,0.18,-2.94,494.7,3.6644942378854624
1994-02-15,42.96,92.02,3.3,-0.3,599.27,6.931034350389697
1994-02-16,44.87,42.98,1.83,0.54,638.76,16.913050328702134
1994-02-17,47.05,114.27,2.72,-1.52,551.83,20.395148925787865
1994-02-18,18.47,158.2,1.22,-4.84,430.83,10.9769012917655
1994-02-19,22.51,191.21,1.58,-5.77,400.39,7.710361179261265
1994-02-20,20.8,122.99,1.96,-2.43,512.46,6.5330802250084705
1994-02-21,30.0,210.56,2.33,-5.81,401.16,6.218033209081667
1994-02-22,16.03,203.2,1.97,-5.66,404.12,5.67084628668248
1994-02-23,22.42,195.27,1.28,-5.81,402.24,5.786916239918671
1994-02-24,4.02,170.84,-1.12,-6.88,369.45,5.107077942392409
1994-02-25,17.53,208.37,3.63,-3.91,461.99,5.0075894110471015
1994-02-26,10.57,165.96,6.22,0.51,632.77,6.516498803117586
1994-02-27,15.58,103.77,4.58,1.17,666.4,8.522850851914603
1994-02-28,29.35,88.41,5.57,2.68,744.32,23.048176428329377
1994-03-01,20.43,96.51,6.32,3.34,782.28,50.739150986106395
1994-03-02,40.62,170.72,6.46,1.22,676.1,70.1394145984412
1994-03-03,22.61,182.46,6.66,1.18,669.3,35.15261440867502
1994-03-04,13.53,256.15,5.54,-2.84,502.47,32.99702956286004
1994-03-05,0.0,339.94,1.9,-5.95,396.0,19.897706269061334
1994-03-06,0.0,412.74,5.97,-6.57,377.0,14.143952872924432
1994-03-07,0.0,415.76,10.13,-3.12,485.74,11.408018260928497
1994-03-08,0.0,423.07,12.79,-1.69,541.56,9.799620337512707
1994-03-09,0.0,385.2,10.96,1.01,640.57,8.970549242968485
1994-03-10,4.73,207.94,5.26,-0.39,596.88,8.556013695696372
1994-03-11,0.0,368.19,5.38,-2.94,495.39,7.992245351406301
1994-03-12,0.0,432.86,14.2,0.24,619.85,7.627454069806844
1994-03-13,0.0,422.58,14.46,2.09,712.33,7.627454069806844
1994-03-14,0.0,411.72,12.57,1.68,694.48,8.2078038359878
1994-03-15,0.0,274.69,6.53,0.77,646.29,8.788153602168755
1994-03-16,16.37,223.48,4.7,-1.33,558.42,8.456525164351067
1994-03-17,16.2,250.09,4.34,-2.65,506.97,8.2078038359878
1994-03-18,31.29,291.82,4.12,-4.75,433.52,8.788153602168755
1994-03-19,7.53,273.84,2.1,-5.84,398.93,7.710361179261265
1994-03-20,13.55,100.27,0.16,-2.39,515.12,7.295825631989155
1994-03-21,28.49,274.93,1.06,-6.34,385.96,7.13001141308031
1994-03-22,19.01,310.96,1.44,-7.33,356.14,6.632568756353777
1994-03-23,23.24,373.24,4.93,-8.17,331.46,6.085381833954591
1994-03-24,0.0,539.06,12.7,-10.7,278.6,5.704009130464248
1994-03-25,0.0,514.17,11.83,-3.48,473.24,5.455287802100982
1994-03-26,0.0,493.77,15.76,1.61,687.15,5.637683442900711
1994-03-27,0.0,514.41,19.99,2.66,737.82,6.715475865808199
1994-03-28,0.0,506.96,19.39,3.13,770.45,8.655502227041678
1994-03-29,0.0,553.8,17.26,-7.83,349.58,10.214155884784818
1994-03-30,0.0,445.94,14.54,2.58,738.93,10.379970103693662
1994-03-31,0.0,53.28,2.62,7.89,1071.58,9.915690290748897
1994-04-01,0.0,386.08,11.27,1.89,703.52,9.534317587258556
1994-04-02,0.0,286.13,8.45,1.89,702.73,9.235851993222635
1994-04-03,0.0,238.71,5.56,0.28,627.24,8.655502227041678
1994-04-04,0.0,279.76,5.12,-1.1,566.78,7.693779757370382
1994-04-05,3.94,417.92,11.39,-1.68,543.69,7.013941459844119
1994-04-06,20.75,351.59,11.6,-0.76,580.86,7.3953141633344615
1994-04-07,16.5,249.82,6.82,-0.51,591.25,7.3953141633344615
1994-04-08,36.03,88.66,3.03,0.79,650.31,13.9615572321247
1994-04-09,17.78,175.2,6.04,1.22,669.17,16.581421890884446
1994-04-10,8.31,192.86,6.18,0.88,651.56,11.822553808200608
1994-04-11,0.06,500.29,13.82,1.0,657.79,9.7001318061674
1994-04-12,8.44,190.25,4.69,-0.53,593.1,9.4845733215859
1994-04-13,4.14,290.05,5.66,-2.2,525.7,8.406780898678413
1994-04-14,3.08,341.93,5.51,-3.49,476.31,7.328988475770925
1994-04-15,0.0,531.72,15.0,0.65,637.93,6.649150178244661
1994-04-16,0.0,515.89,18.13,4.12,810.08,7.279244210098271
1994-04-17,0.0,484.39,17.55,5.23,888.49,9.849364603185359
1994-04-18,18.42,338.12,15.63,4.69,856.4,11.855716651982377
1994-04-19,20.11,288.05,10.51,1.91,706.25,11.90546091765503
1994-04-20,0.0,517.33,16.25,2.02,707.57,10.031760243985088
1994-04-21,21.03,319.03,12.17,2.07,711.57,9.96543455642155
1994-04-22,3.5,423.1,11.73,-0.58,588.3,9.086619196204675
1994-04-23,0.0,499.05,12.4,0.1,615.95,7.8098497106065725
1994-04-24,6.81,201.2,5.05,-0.37,600.67,7.378732741443577
1994-04-25,0.0,508.04,11.91,-0.17,605.18,6.814964397153506
1994-04-26,0.0,336.87,7.99,1.24,668.93,6.350684584208742
1994-04-27,0.0,497.8,13.12,2.0,710.34,6.300940318536089
1994-04-28,0.0,598.96,14.92,-4.6,447.68,6.814964397153506
1994-04-29,0.0,469.79,11.45,1.75,696.44,7.295825631989155
1994-04-30,5.06,382.33,12.81,1.09,662.39,6.897871506607928
1994-05-01,0.0,515.85,10.85,-0.88,575.51,6.201451787190782
1994-05-02,4.38,234.93,5.78,-0.44,595.54,5.753753396136902
1994-05-03,0.0,493.66,10.14,-0.82,577.33,5.604520599118942
1994-05-04,19.35,300.93,12.31,4.06,821.15,12.601880637072178
1994-05-05,0.0,560.43,17.5,2.48,732.36,10.147830197221278
1994-05-06,0.0,564.47,23.31,6.49,959.33,9.915690290748897
1994-05-07,0.0,513.37,21.53,8.15,1091.96,11.540669636055572
1994-05-08,0.0,600.53,20.34,-0.73,593.31,12.83402054354456
1994-05-09,0.0,443.92,16.48,5.87,926.73,11.922042339545914
1994-05-10,0.0,484.26,18.64,6.27,955.22,10.595528588275158
1994-05-11,0.0,465.9,17.3,5.71,919.12,10.86083133852931
1994-05-12,0.0,339.93,8.25,0.67,649.05,9.982015978312434
1994-05-13,7.15,200.54,7.11,1.28,673.39,8.274129523551336
1994-05-14,8.11,291.83,9.31,0.64,643.15,7.445058429007115
1994-05-15,9.74,214.66,7.4,1.42,680.4,7.096848569298542
1994-05-16,11.56,192.25,7.38,2.21,719.52,7.3124070538800385
1994-05-17,11.1,297.04,10.13,1.87,704.28,7.229499944425617
1994-05-18,0.0,459.81,14.16,3.94,813.08,6.881290084717044
1994-05-19,0.0,456.64,15.96,5.61,912.55,7.047104303625888
1994-05-20,0.0,178.53,9.04,5.51,907.03,7.262662788207386
1994-05-21,0.0,430.11,11.74,2.77,749.06,6.682313022026431
1994-05-22,0.0,486.8,13.4,2.56,736.71,6.317521740426972
1994-05-23,0.0,611.28,17.85,-2.31,524.72,6.317521740426972
1994-05-24,0.0,526.9,18.69,5.23,887.47,6.798382975262622
1994-05-25,0.0,358.95,13.52,5.84,926.08,7.295825631989155
1994-05-26,0.0,586.67,18.56,0.59,644.42,6.831545819044391
1994-05-27,7.13,285.68,6.31,-0.74,582.54,5.936149036936631
1994-05-28,12.45,143.44,5.39,1.65,693.72,6.682313022026431
1994-05-29,26.46,275.65,9.62,2.41,729.78,9.40166621213148
1994-05-30,7.05,387.3,13.82,1.79,700.15,8.108315304642492
1994-05-31,0.39,508.4,15.07,2.9,756.69,6.615987334462893
1994-06-01,5.04,432.49,18.13,1.22,671.28,6.23461463097255
1994-06-02,1.5,557.06,16.33,1.64,689.13,5.753753396136902
1994-06-03,0.0,450.4,14.25,3.98,814.94,5.637683442900711
1994-06-04,6.07,292.59,11.54,3.39,787.17,5.902986193154861
1994-06-05,2.05,437.31,11.8,2.4,729.04,5.720590552355134
1994-06-06,6.82,282.93,10.4,2.94,761.02,5.803497661809556
1994-06-07,10.95,423.35,16.87,1.74,700.0,5.803497661809556
1994-06-08,0.0,591.24,19.13,1.38,677.63,5.2231478956286
1994-06-09,0.0,465.75,13.73,3.49,788.44,5.0075894110471015
1994-06-10,0.0,483.85,16.92,5.89,929.3,5.2231478956286
1994-06-11,0.0,325.57,14.26,7.53,1042.32,5.554776333446289
1994-06-12,18.15,193.55,11.23,6.17,955.05,6.135126099627244
1994-06-13,25.63,230.32,8.96,3.11,770.52,12.767694855981022
1994-06-14,18.78,269.03,9.59,2.61,741.62,14.110790029142663
1994-06-15,4.4,411.41,16.83,2.32,724.21,9.783038915621821
1994-06-16,4.17,445.11,19.03,2.7,744.31,8.041989617078956
1994-06-17,6.06,420.25,20.58,4.0,818.12,7.212918522534733
1994-06-18,0.0,278.95,8.7,2.87,755.77,7.030522881735004
1994-06-19,0.0,552.35,17.0,1.68,691.83,6.516498803117586
1994-06-20,0.0,501.4,18.77,5.64,915.13,6.3672660060996265
1994-06-21,0.0,421.59,18.58,8.38,1110.79,6.516498803117586
1994-06-22,0.0,442.69,18.8,8.24,1099.04,6.615987334462893
1994-06-23,0.0,558.01,22.25,5.28,896.0,6.499917381226702
1994-06-24,0.0,531.99,19.32,4.48,847.34,5.737171974246017
1994-06-25,0.0,523.99,18.63,4.56,850.8,5.239729317519484
1994-06-26,0.0,257.39,10.47,4.92,875.41,5.073915098610639
1994-06-27,0.0,442.53,16.08,5.3,893.79,4.991007989156217
1994-06-28,0.0,483.32,19.38,6.61,971.46,5.073915098610639
1994-06-29,0.0,200.26,10.84,6.43,968.24,5.2231478956286
1994-06-30,0.0,446.86,14.6,4.0,818.24,4.874938035920026
1994-07-01,7.9,266.32,12.96,5.22,891.89,5.48845064588275
1994-07-02,6.09,198.43,9.74,4.23,831.88,5.040752254828871
1994-07-03,0.0,317.53,9.85,3.21,774.64,4.377495379193493
1994-07-04,0.0,305.7,9.7,3.37,782.77,4.1453554727211115
1994-07-05,10.3,366.11,16.26,4.3,835.31,3.9961226757031505
1994-07-06,0.0,426.8,17.47,7.59,1047.36,4.02928551948492
1994-07-07,0.0,464.62,20.49,8.98,1158.55,4.095611207048457
1994-07-08,0.0,447.17,18.52,7.97,1077.28,4.045866941375804
1994-07-09,0.0,470.74,18.14,6.59,967.31,3.979541253812266
1994-07-10,0.0,467.05,19.12,7.6,1047.64,3.7474013473398844
1994-07-11,0.0,575.36,18.54,-0.9,581.99,3.4986800189766174
1994-07-12,0.0,430.07,19.34,8.54,1123.49,3.3494472219586577
1994-07-13,0.0,363.4,19.63,10.76,1301.11,3.1504701592680444
1994-07-14,0.0,345.53,18.15,9.9,1231.82,3.067563049813622
1994-07-15,0.0,568.72,21.15,-0.3,614.98,2.9514930965774306
1994-07-16,0.0,539.04,21.25,3.92,814.97,2.901748830904778
1994-07-17,0.0,355.02,17.83,9.21,1177.04,2.9349116746865467
1994-07-18,0.0,261.73,15.13,9.1,1168.11,2.9680745184683155
1994-07-19,0.0,512.3,25.59,9.34,1178.84,2.918330252795662
1994-07-20,0.0,569.54,30.08,2.25,728.07,2.918330252795662
1994-07-21,0.0,404.43,26.49,14.85,1690.91,2.901748830904778
1994-07-22,0.0,554.16,26.38,3.59,794.68,2.802260299559471
1994-07-23,0.0,405.21,26.19,14.36,1633.03,2.7359346119959334
1994-07-24,0.0,452.76,26.26,12.5,1428.74,2.6530275025415113
1994-07-25,11.36,400.46,23.75,8.84,1137.02,2.5535389711962044
1994-07-26,0.0,435.81,19.58,7.23,1020.79,2.38772475228736
1994-07-27,0.0,410.47,21.64,9.88,1230.57,2.2716547990511686
1994-07-28,0.0,547.53,21.25,-0.58,600.73,2.2384919552694
1994-07-29,0.0,437.16,22.72,9.27,1175.0,2.155584845814978
1994-07-30,0.0,483.06,23.46,7.02,997.27,2.056096314469671
1994-07-31,0.0,542.95,19.99,-2.32,529.92,1.989770626906133
1994-08-01,0.0,540.28,21.73,-1.48,561.88,1.94002636123348
1994-08-02,0.0,526.28,22.17,0.1,628.79,1.906863517451711
1994-08-03,0.0,266.49,19.99,11.64,1371.27,1.906863517451711
1994-08-04,0.0,310.56,18.02,8.42,1115.1,1.8737006736699422
1994-08-05,0.0,450.33,23.75,7.19,1010.92,1.7742121423246355
1994-08-06,0.0,469.2,23.7,5.58,902.92,1.6747236109793289
1994-08-07,8.6,172.7,14.26,7.14,1017.14,1.7742121423246355
1994-08-08,7.19,313.16,20.55,5.63,916.41,1.9731892050152489
1994-08-09,4.72,201.16,14.3,5.91,933.48,1.757630720433751
1994-08-10,0.0,517.48,22.11,-1.17,576.34,1.608397923415791
1994-08-11,0.0,476.17,22.11,2.9,763.0,1.5586536577431376
1994-08-12,0.0,276.47,20.45,11.08,1326.72,1.5420722358522532
1994-08-13,0.0,493.62,20.76,-0.71,596.72,1.5089093920704844
1994-08-14,0.0,450.64,16.67,-0.59,602.79,1.4425837045069465
1994-08-15,0.0,386.53,21.84,7.68,1054.67,1.4094208607251777
1994-08-16,0.0,197.85,14.39,7.9,1072.64,1.3762580169434087
1994-08-17,0.0,279.13,16.49,7.01,1007.33,1.3265137512707557
1994-08-18,0.0,328.06,19.48,7.93,1074.52,1.2933509074889866
1994-08-19,0.0,420.27,23.45,7.2,1013.99,1.2601880637072178
1994-08-20,0.0,186.36,13.62,7.64,1053.08,1.2436066418163334
1994-08-21,0.0,188.44,11.94,6.14,950.6,1.2104437980345644
1994-08-22,0.0,211.58,12.95,6.44,971.82,1.19386237614368
1994-08-23,0.0,412.78,21.77,6.41,964.71,1.1606995323619111
1994-08-24,0.0,454.04,14.92,-2.65,518.39,1.1109552666892577
1994-08-25,0.0,497.34,22.77,-2.71,512.1,1.0612110010166043
1994-08-26,0.0,474.3,18.93,-2.46,524.89,0.9948853134530665
1994-08-27,0.0,374.86,23.02,8.53,1119.9,0.9617224696712977
1994-08-28,11.79,160.18,16.39,10.05,1244.35,0.9948853134530665
1994-08-29,0.0,209.85,13.16,6.32,961.07,0.9783038915621821
1994-08-30,0.0,363.68,19.94,6.85,989.4,0.9119782039986444
1994-08-31,0.0,317.93,18.69,7.92,1072.37,0.8953967821077599
1994-09-01,0.0,251.26,12.86,5.04,876.49,0.8788153602168755
1994-09-02,0.0,345.11,15.72,4.19,826.7,0.8788153602168755
1994-09-03,18.9,150.47,11.24,5.1,884.0,2.139003423924093
1994-09-04,9.71,188.88,13.02,5.28,895.42,1.6913050328702133
1994-09-05,0.0,389.97,20.79,6.55,963.44,1.2104437980345644
1994-09-06,0.0,339.5,19.4,7.64,1050.25,0.9948853134530665
1994-09-07,0.0,445.45,17.92,-1.62,554.05,0.8953967821077599
1994-09-08,8.47,146.45,11.92,5.83,931.28,1.459165126397831
1994-09-09,5.12,167.97,12.19,5.41,902.24,1.9731892050152489
1994-09-10,8.83,152.87,10.37,4.4,842.64,2.288236220942053
1994-09-11,1.28,246.12,11.47,3.78,803.75,1.4757465482887153
1994-09-12,0.0,441.39,14.42,-4.6,442.81,1.2270252199254488
1994-09-13,0.0,439.01,16.0,-3.64,456.65,1.0612110010166043
1994-09-14,18.5,93.85,12.77,9.13,1170.69,2.9846559403592
1994-09-15,10.87,153.02,16.34,10.61,1288.74,3.714238503558115
1994-09-16,0.0,422.3,20.95,1.42,664.74,2.2219105333785154
1994-09-17,0.0,428.88,21.97,-0.35,587.58,1.724467876651982
1994-09-18,0.0,419.58,20.05,-0.67,582.95,1.5089093920704844
1994-09-19,0.0,418.71,21.1,-0.99,567.71,1.3596765950525243
1994-09-20,0.0,274.77,20.4,9.94,1234.99,1.2767694855981022
1994-09-21,0.0,415.2,22.96,-1.28,554.98,1.2104437980345644
1994-09-22,0.0,389.75,23.92,3.44,768.23,1.1441181104710265
1994-09-23,0.0,409.79,23.51,-1.85,533.9,1.0943738447983733
1994-09-24,0.0,384.15,23.24,2.5,725.44,1.0612110010166043
1994-09-25,0.0,349.42,21.02,4.5,842.18,1.0280481572348354
1994-09-26,0.0,385.95,19.9,-1.85,544.99,1.011466735343951
1994-09-27,0.0,369.84,21.97,1.5,682.74,0.9783038915621821
1994-09-28,0.0,79.71,11.82,9.92,1233.45,0.9617224696712977
1994-09-29,0.0,134.78,14.67,9.2,1176.29,0.9451410477804132
1994-09-30,0.0,141.89,13.08,7.39,1037.21,0.9285596258895288
1994-10-01,2.67,150.08,11.9,4.49,850.69,0.9285596258895288
1994-10-02,0.0,345.94,11.52,-6.26,395.25,0.9119782039986444
1994-10-03,0.0,364.66,14.44,-7.66,353.82,0.8788153602168755
1994-10-04,0.0,209.08,14.07,4.41,833.18,0.8456525164351066
1994-10-05,0.0,274.5,16.74,3.15,771.9,0.8124896726533377
1994-10-06,0.0,312.95,9.96,-6.46,390.89,0.7959082507624533
1994-10-07,0.0,337.06,12.89,-7.18,366.25,0.7959082507624533
1994-10-08,0.0,346.79,16.19,-7.65,354.36,0.7627454069806844
1994-10-09,0.0,308.63,14.24,-4.22,460.07,0.7461639850898
1994-10-10,0.34,271.95,17.43,1.13,666.41,0.7627454069806844
1994-10-11,0.0,181.58,7.87,-1.47,551.6,0.7793268288715688
1994-10-12,0.0,168.88,9.04,0.35,623.0,0.7627454069806844
1994-10-13,0.0,154.5,8.34,0.56,633.69,0.7627454069806844
1994-10-14,10.74,86.42,5.84,0.11,618.97,1.1606995323619111
1994-10-15,0.0,158.17,6.94,-1.27,558.75,0.8953967821077599
1994-10-16,0.0,171.26,10.3,1.27,663.65,0.8124896726533377
1994-10-17,2.45,149.87,9.27,0.45,631.35,0.7627454069806844
1994-10-18,0.0,114.07,6.19,0.61,639.93,0.7627454069806844
1994-10-19,4.6,89.95,6.67,0.9,653.26,0.7627454069806844
1994-10-20,19.24,58.59,7.2,3.59,792.16,2.918330252795662
1994-10-21,21.15,76.9,5.57,0.85,652.14,4.609635285665875
1994-10-22,0.53,144.77,6.02,-0.7,583.75,2.1721662677058617
1994-10-23,24.61,105.87,7.63,1.28,671.37,1.8073749861064043
1994-10-24,0.0,180.82,10.27,1.87,705.38,1.4923279701796
1994-10-25,0.0,159.73,10.68,3.41,793.07,2.5203761274144356
1994-10-26,47.57,179.53,15.19,2.26,722.44,21.390034239240933
1994-10-27,30.94,98.48,6.13,0.69,646.08,13.845487278888509
1994-10-28,5.14,94.78,4.35,-1.02,569.17,6.881290084717044
1994-10-29,0.0,150.51,4.11,-2.5,511.26,4.609635285665875
1994-10-30,10.6,79.17,3.57,-1.0,570.93,4.095611207048457
1994-10-31,60.26,123.84,7.6,0.03,614.21,20.063520487970177
1994-11-01,8.94,90.44,1.39,-3.71,471.58,11.30852972958319
1994-11-02,5.46,91.41,-0.18,-5.0,424.35,6.881290084717044
1994-11-03,0.03,109.78,-0.1,-4.42,442.33,5.272892161301253
1994-11-04,26.03,102.66,1.31,-4.05,457.87,5.0075894110471015
1994-11-05,0.0,160.1,0.74,-5.67,400.56,4.311169691629956
1994-11-06,13.2,110.84,2.45,-3.15,486.46,4.1453554727211115
1994-11-07,14.85,112.99,3.08,-2.44,513.87,3.9463784100304977
1994-11-08,29.8,37.77,0.78,-0.72,583.42,5.040752254828871
1994-11-09,39.33,104.5,3.64,-1.12,566.44,7.345569897661809
1994-11-10,10.35,118.87,2.89,-2.83,498.53,6.218033209081667
1994-11-11,6.19,111.31,3.28,-1.96,532.41,5.2231478956286
1994-11-12,10.21,98.66,0.22,-4.46,441.83,4.62621670755676
1994-11-13,5.63,126.56,2.47,-3.27,481.29,3.9961226757031505
1994-11-14,21.11,36.59,2.3,0.81,646.7,7.445058429007115
1994-11-15,18.69,61.55,1.78,-0.97,572.62,9.07003777431379
1994-11-16,16.57,127.91,-0.42,-6.33,386.54,6.814964397153506
1994-11-17,3.69,115.09,-2.33,-7.43,354.86,5.322636426973906
1994-11-18,0.0,197.91,0.1,-7.56,347.99,4.394076801084378
1994-11-19,17.1,148.03,3.65,-4.52,439.57,6.566243068790239
1994-11-20,20.1,130.89,-0.85,-7.4,355.35,7.378732741443577
1994-11-21,0.0,160.77,-2.13,-8.03,335.46,5.422124958319213
1994-11-22,0.0,124.19,-0.57,-5.08,421.43,4.609635285665875
1994-11-23,16.58,108.58,-0.43,-5.59,406.38,4.211681160284649
1994-11-24,18.8,124.12,0.72,-5.53,404.66,3.929796988139613
1994-11-25,11.53,112.19,0.53,-4.78,432.38,4.858356614029142
1994-11-26,8.03,108.77,-1.4,-6.49,378.38,4.02928551948492
1994-11-27,13.48,86.9,-1.1,-5.09,421.98,3.797145613012537
1994-11-28,6.73,108.27,0.32,-4.82,431.41,3.448935753303964
1994-11-29,37.09,132.09,5.87,-1.55,547.66,6.201451787190782
1994-11-30,71.2,112.33,3.84,-1.82,542.1,52.72892161301253
1994-12-01,21.24,82.8,0.96,-3.08,488.97,20.56096314469671
1994-12-02,11.03,108.37,-2.07,-7.39,355.44,11.739646698746187
1994-12-03,4.88,116.73,-4.42,-10.21,285.34,8.721827914605218
1994-12-04,0.0,156.11,-3.73,-9.73,291.7,7.163174256862079
1994-12-05,0.04,72.85,-3.56,-6.15,383.12,6.350684584208742
1994-12-06,12.45,93.67,-2.16,-6.59,376.12,5.720590552355134
1994-12-07,8.15,92.11,-1.91,-5.82,397.04,5.107077942392409
1994-12-08,13.39,73.2,-0.7,-4.19,450.36,4.957845145374448
1994-12-09,25.05,124.05,0.91,-5.9,395.64,4.74228666079295
1994-12-10,12.15,58.11,0.25,-2.53,510.44,4.609635285665875
1994-12-11,12.06,144.49,-0.36,-10.65,280.15,4.808612348356489
1994-12-12,18.7,86.7,-0.33,-4.64,435.75,4.659379551338528
1994-12-13,0.0,116.64,-1.31,-5.69,399.18,4.244844004066417
1994-12-14,14.15,81.48,-0.4,-4.43,443.91,4.062448363266689
1994-12-15,23.61,54.91,0.08,-2.58,509.66,4.012704097594035
1994-12-16,35.34,43.8,1.95,-0.16,603.03,5.422124958319213
1994-12-17,62.01,67.6,4.83,1.38,677.79,52.56310739410368
1994-12-18,34.53,65.73,3.64,0.38,632.14,47.588680826838356
1994-12-19,62.85,78.58,4.67,0.8,649.04,86.5550222704168
1994-12-20,81.42,87.76,4.77,0.44,636.35,98.4936460318536
1994-12-21,12.85,101.48,4.14,-1.11,567.34,32.99702956286004
1994-12-22,0.0,148.54,4.53,-1.62,545.99,20.8925915825144
1994-12-23,0.0,132.32,6.42,1.25,667.51,15.802095062012876
1994-12-24,0.0,149.04,4.58,-1.48,550.68,13.513858841070821
1994-12-25,19.14,124.6,3.1,-4.35,445.05,12.170763667909181
1994-12-26,70.89,59.68,5.84,2.84,754.34,32.167958468315824
1994-12-27,80.56,76.49,4.7,0.86,653.07,82.24385257878684
1994-12-28,31.65,113.36,1.06,-5.11,422.27,43.2775111352084
1994-12-29,0.0,175.54,1.95,-5.93,393.31,23.213990647238223
1994-12-30,0.0,34.44,-4.95,-4.69,433.63,16.581421890884446
1994-12-31,0.0,122.83,-0.53,-5.26,417.28,13.24855609081667
1995-01-01,0.0,130.47,1.46,-3.99,454.46,11.209041198237884
1995-01-02,0.0,135.4,2.47,-3.23,478.25,9.865946025076244
1995-01-03,0.0,146.67,3.55,-2.84,493.73,8.788153602168755
1995-01-04,0.0,113.41,1.28,-3.42,479.4,7.959082507624532
1995-01-05,0.0,115.76,0.63,-4.0,440.3,7.3124070538800385
1995-01-06,0.0,120.15,0.56,-4.0,451.81,6.732057287699083
1995-01-07,28.41,95.47,2.1,-2.78,498.81,6.615987334462893
1995-01-08,36.19,30.39,1.96,0.81,646.65,15.238326717722805
1995-01-09,39.26,76.15,4.57,0.82,648.06,29.846559403591996
1995-01-10,22.25,45.09,3.94,1.81,698.0,35.981685503219246
1995-01-11,19.18,150.18,2.98,-6.64,382.79,27.35934611995933
1995-01-12,10.72,36.06,2.36,0.78,645.27,22.219105333785155
1995-01-13,26.1,48.21,3.53,1.31,674.47,20.56096314469671
1995-01-14,33.5,34.63,2.57,1.08,661.93,29.349116746865466
1995-01-15,19.67,89.08,3.13,-0.98,572.53,24.043061741782445
1995-01-16,10.2,116.82,2.44,-3.13,491.52,15.851839327685529
1995-01-17,8.18,131.25,2.11,-4.37,445.1,12.684787746526599
1995-01-18,41.86,111.9,2.52,-2.73,503.26,30.509816279227376
1995-01-19,12.8,170.99,10.09,-2.95,494.78,21.058405801423245
1995-01-20,0.0,228.84,11.08,-1.06,567.5,14.492162732633004
1995-01-21,0.0,175.07,4.71,-1.98,530.83,11.772809542527956
1995-01-22,0.0,150.44,3.29,-2.3,518.71,10.131248775330395
1995-01-23,0.0,167.66,5.7,-0.22,601.16,9.07003777431379
1995-01-24,0.0,181.28,5.39,-1.15,564.08,8.307292367333106
1995-01-25,0.87,210.65,7.28,-0.59,584.69,7.776686866824805
1995-01-26,19.36,200.91,4.35,-8.72,327.71,8.041989617078956
1995-01-27,13.7,219.69,3.25,-8.85,324.29,7.776686866824805
1995-01-28,38.2,117.1,5.53,0.88,651.98,16.913050328702134
1995-01-29,68.6,119.9,6.41,1.71,696.07,78.43012554388342
1995-01-30,43.3,97.45,6.64,2.87,755.7,60.19056146391053
1995-01-31,55.65,77.62,6.54,3.61,793.85,78.59593976279227
1995-02-01,26.44,72.01,4.22,1.56,687.16,58.03497661809555
1995-02-02,4.16,152.48,5.42,-0.51,591.04,31.00725893595391
1995-02-03,3.0,105.61,6.66,2.78,748.17,22.550733771602843
1995-02-04,0.0,32.73,0.92,3.72,797.32,19.566077831243643
1995-02-05,3.1,117.98,7.99,3.95,809.56,18.73700673669942
1995-02-06,6.8,182.19,8.94,1.44,684.73,18.23956407997289
1995-02-07,0.0,303.34,7.13,-7.78,352.8,15.918165015249064
1995-02-08,0.0,179.16,6.07,0.67,640.0,13.679673059979665
1995-02-09,0.0,209.36,7.21,0.72,640.45,12.137600824127412
1995-02-10,0.0,201.23,5.42,-0.1,606.19,11.04322697932904
1995-02-11,9.74,177.83,2.73,-2.79,504.71,10.180993041003047
1995-02-12,28.68,218.92,-1.75,-10.34,283.53,9.467991899695017
1995-02-13,18.42,169.52,-6.72,-12.29,239.33,8.539432273805488
1995-02-14,0.0,285.29,-4.6,-12.16,241.7,7.942501085733649
1995-02-15,26.51,185.46,0.79,-5.43,409.38,7.72694260115215
1995-02-16,18.46,179.32,1.69,-4.12,454.21,7.72694260115215
1995-02-17,54.02,136.05,3.18,-1.09,566.01,17.410492985428668
1995-02-18,35.22,202.7,6.37,-0.27,598.56,33.82610065740427
1995-02-19,59.95,122.93,6.83,3.31,778.06,53.72380692646559
1995-02-20,23.0,174.7,7.59,2.43,731.58,45.267281762114536
1995-02-21,5.38,177.36,4.61,-0.62,587.6,30.012373622500842
1995-02-22,0.0,324.39,6.41,-1.69,545.16,19.566077831243643
1995-02-23,0.0,349.68,11.38,1.52,681.94,15.603117999322262
1995-02-24,0.0,217.05,6.7,1.97,704.32,14.110790029142663
1995-02-25,8.07,190.71,5.26,0.0,615.77,12.668206324635715
1995-02-26,0.0,334.98,4.01,-3.58,470.85,11.325111151474076
1995-02-27,0.0,391.41,7.45,-3.88,457.93,10.114667353439511
1995-02-28,0.0,405.1,9.0,-4.22,447.75,9.186107727549981
1995-03-01,0.0,427.07,4.55,-13.79,217.89,8.439943742460182
1995-03-02,0.0,414.95,7.8,-6.18,386.32,7.776686866824805
1995-03-03,0.0,394.44,6.92,-4.67,437.45,7.246081366316502
1995-03-04,9.0,243.07,3.58,-4.15,452.67,6.914452928498813
1995-03-05,2.69,212.56,-0.72,-6.35,383.85,6.41701027177228
1995-03-06,4.29,238.58,0.82,-6.2,390.17,6.035637568281937
1995-03-07,0.0,408.66,5.15,-6.5,378.43,5.720590552355134
1995-03-08,21.96,166.24,4.29,-0.53,589.87,8.32387378922399
1995-03-09,54.88,309.22,14.95,1.74,696.96,37.30819925449
1995-03-10,26.43,91.27,3.76,1.24,672.86,35.981685503219246
1995-03-11,19.86,164.73,5.65,1.11,665.07,35.650057065401555
1995-03-12,12.15,208.11,4.29,-1.59,548.53,22.71654799051169
1995-03-13,28.22,318.94,12.74,-0.08,611.14,27.525160338868176
1995-03-14,36.58,329.16,14.26,-0.27,604.21,44.769839105388
1995-03-15,12.3,191.63,5.56,0.04,613.96,28.851674090138932
1995-03-16,0.0,442.16,9.02,-3.56,474.02,18.73700673669942
1995-03-17,0.0,411.02,11.43,0.69,640.59,14.906698279905113
1995-03-18,17.27,218.97,8.4,1.96,704.68,17.57630720433751
1995-03-19,20.32,133.91,3.13,-0.66,585.39,18.073749861064044
1995-03-20,42.51,113.81,1.98,-1.09,567.78,17.9079356421552
1995-03-21,37.47,342.25,10.32,-3.17,487.76,16.74723610979329
1995-03-22,16.9,333.09,7.34,-4.6,438.87,13.430951731616398
1995-03-23,13.3,256.01,4.37,-3.23,483.81,11.358273995255844
1995-03-24,6.56,242.12,1.58,-5.36,414.18,9.882527446967128
1995-03-25,0.0,401.64,3.31,-5.87,396.71,8.754990758386986
1995-03-26,0.0,494.59,10.45,-4.6,435.99,8.008826773297185
1995-03-27,0.0,483.51,11.82,-2.53,508.51,7.6108726479159605
1995-03-28,0.0,482.16,14.58,-0.18,601.3,7.594291226025074
1995-03-29,0.0,473.62,14.15,0.18,616.27,7.693779757370382
1995-03-30,0.0,493.51,16.3,0.63,635.14,7.942501085733649
1995-03-31,0.0,514.49,18.55,0.44,631.56,8.2078038359878
1995-04-01,23.12,245.74,5.02,-2.25,521.42,7.959082507624532
1995-04-02,0.0,308.44,6.13,-0.43,596.05,7.378732741443577
1995-04-03,0.0,340.12,9.53,1.71,691.18,7.345569897661809
1995-04-04,12.11,238.3,6.1,-0.94,573.45,8.638920805150795
1995-04-05,8.99,336.46,7.48,-3.34,481.68,8.174640992206031
1995-04-06,12.24,257.04,6.07,-1.18,562.85,8.041989617078956
1995-04-07,28.89,366.19,13.74,0.31,631.3,19.566077831243643
1995-04-08,21.21,224.08,4.77,-1.33,558.05,16.316119140630292
1995-04-09,7.85,255.75,4.03,-3.17,486.73,11.772809542527956
1995-04-10,16.38,389.54,12.2,-2.88,497.33,9.733294649949167
1995-04-11,13.16,308.63,5.94,-3.38,480.76,8.738409336496101
1995-04-12,17.61,386.95,11.93,-2.7,506.02,8.174640992206031
1995-04-13,14.23,301.01,5.51,-3.18,489.87,8.605757961369026
1995-04-14,6.41,279.18,3.81,-4.18,450.93,7.776686866824805
1995-04-15,8.35,345.65,8.25,-2.48,512.53,7.1963371006438495
1995-04-16,0.0,547.35,12.02,-3.72,468.06,6.665731600135546
1995-04-17,11.85,278.46,6.61,-1.45,554.01,6.350684584208742
1995-04-18,16.37,271.01,4.14,-3.56,474.24,5.952730458827515
1995-04-19,6.25,310.92,4.61,-4.63,437.87,5.5879391772280576
1995-04-20,14.26,329.32,6.84,-3.05,492.81,5.455287802100982
1995-04-21,0.0,425.69,7.86,-1.57,548.3,5.189985051846831
1995-04-22,0.0,570.86,17.19,-1.28,557.06,5.107077942392409
1995-04-23,0.0,533.91,17.36,1.92,703.58,5.438706380210097
1995-04-24,0.0,587.95,15.49,-5.76,408.35,6.201451787190782
1995-04-25,0.0,503.34,17.02,3.23,772.17,7.212918522534733
1995-04-26,0.0,507.75,16.87,2.9,754.64,7.6108726479159605
1995-04-27,5.07,303.0,12.63,3.04,764.96,8.47310658624195
1995-04-28,9.98,304.78,11.54,2.24,721.74,8.821316445950524
1995-04-29,0.0,491.02,14.53,2.23,718.88,7.892756820060995
1995-04-30,0.0,418.56,11.36,2.1,716.15,7.494802694679769
1995-05-01,11.92,164.18,7.58,3.05,765.6,7.3621513195526935
1995-05-02,14.03,62.48,2.84,2.16,719.89,7.776686866824805
1995-05-03,0.0,395.94,8.16,-0.14,611.21,7.511384116570653
1995-05-04,0.0,436.53,10.7,1.04,660.33,6.914452928498813
1995-05-05,3.74,286.29,10.29,2.25,721.07,6.897871506607928
1995-05-06,0.0,481.74,14.36,3.04,765.14,7.378732741443577
1995-05-07,0.0,459.13,13.68,3.33,780.16,8.05857103896984
1995-05-08,0.0,455.72,13.22,2.83,751.76,8.439943742460182
1995-05-09,0.0,465.92,13.66,2.89,756.82,8.705246492714334
1995-05-10,6.08,396.03,16.1,2.05,712.49,10.048341665875972
1995-05-11,11.09,245.74,7.66,0.96,659.11,10.147830197221278
1995-05-12,0.0,476.47,8.91,-1.78,540.73,8.357036633005759
1995-05-13,0.0,566.62,18.02,1.53,683.25,7.445058429007115
1995-05-14,0.0,537.66,21.42,5.97,928.89,8.539432273805488
1995-05-15,0.0,418.78,15.32,5.5,905.75,11.408018260928497
1995-05-16,0.0,371.19,13.91,5.86,929.98,12.91692765299898
1995-05-17,0.0,271.36,7.26,1.8,702.54,11.789390964418839
1995-05-18,0.0,356.72,7.89,0.36,631.13,9.600643274822092
1995-05-19,0.0,560.78,15.64,-0.4,594.87,8.47310658624195
1995-05-20,0.0,521.55,16.67,2.67,742.85,8.77157218027787
1995-05-21,0.0,601.98,18.15,-4.6,447.5,9.51773616536767
1995-05-22,0.0,487.04,18.58,5.77,922.12,9.650387540494744
1995-05-23,0.0,498.91,17.89,4.73,857.28,10.114667353439511
1995-05-24,0.0,504.64,20.33,6.93,994.42,10.363388681802778
1995-05-25,0.0,435.44,18.6,8.0,1080.3,11.126134088783461
1995-05-26,0.0,591.54,19.05,-1.84,548.95,11.75622812063707
1995-05-27,0.0,592.14,18.76,-2.55,522.39,11.391436839037612
1995-05-28,0.0,488.78,20.44,7.08,1006.21,11.872298073873262
1995-05-29,0.0,477.26,20.55,7.62,1049.98,12.668206324635715
1995-05-30,0.0,399.77,16.06,6.14,943.83,12.386322152490678
1995-05-31,0.0,573.43,15.37,-3.32,490.14,11.275366885801422
1995-06-01,0.0,435.3,17.48,5.9,928.43,10.794505650965773
1995-06-02,0.0,519.02,22.45,6.21,949.68,10.910575604201965
1995-06-03,0.0,375.21,15.41,5.74,920.61,10.313644416130122
1995-06-04,0.0,342.25,13.0,4.51,849.71,9.832783181294475
1995-06-05,10.78,144.64,5.23,0.7,646.68,8.83789786784141
1995-06-06,5.0,266.78,9.37,0.81,651.82,7.511384116570653
1995-06-07,0.0,414.34,17.1,6.26,947.8,6.897871506607928
1995-06-08,0.0,455.55,19.9,7.12,1009.32,7.345569897661809
1995-06-09,0.0,446.68,20.55,8.12,1089.69,8.290710945442223
1995-06-10,4.0,206.57,10.58,3.87,813.78,9.351921946458825
1995-06-11,7.31,291.93,11.12,1.43,684.32,8.887642133514062
1995-06-12,5.42,365.0,17.62,3.5,792.34,9.152944883768212
1995-06-13,11.79,359.72,16.66,3.09,769.33,10.41313294747543
1995-06-14,9.01,165.27,9.18,4.08,822.12,8.489688008132834
1995-06-15,7.2,214.5,11.53,4.79,864.17,7.859593976279226
1995-06-16,0.0,322.77,12.92,5.18,887.96,7.3124070538800385
1995-06-17,7.5,259.04,11.13,2.9,760.51,8.456525164351067
1995-06-18,6.28,212.37,9.19,2.64,743.87,8.158059570315146
1995-06-19,1.18,315.38,10.92,2.97,760.78,7.1134299911894265
1995-06-20,5.17,360.66,18.42,5.15,887.24,6.599405912572008
1995-06-21,1.89,272.82,10.47,4.02,819.73,6.400428849881394
1995-06-22,0.0,371.81,14.5,5.94,935.8,6.3672660060996265
1995-06-23,0.0,567.55,19.46,-0.75,596.39,6.897871506607928
1995-06-24,0.0,560.42,17.84,-1.13,578.84,7.3953141633344615
1995-06-25,0.0,400.65,17.15,7.22,1017.49,7.345569897661809
1995-06-26,0.0,579.28,19.47,-3.01,504.28,7.179755678752963
1995-06-27,0.0,457.28,21.93,9.34,1187.57,6.7818015533717375
1995-06-28,0.0,482.49,25.76,11.15,1331.79,6.649150178244661
1995-06-29,0.0,472.44,26.73,12.31,1424.54,6.831545819044391
1995-06-30,0.0,454.78,27.9,14.25,1620.29,6.931034350389697
1995-07-01,0.0,402.36,24.56,13.5,1560.0,6.8647086628261595
1995-07-02,4.26,164.68,13.72,8.74,1139.79,6.798382975262622
1995-07-03,0.01,215.61,12.55,7.89,1074.99,6.201451787190782
1995-07-04,0.31,183.65,12.88,8.86,1148.45,5.604520599118942
1995-07-05,0.0,426.39,16.88,6.47,972.25,5.239729317519484
1995-07-06,0.0,365.25,15.7,7.18,1018.37,4.957845145374448
1995-07-07,0.0,442.51,16.36,5.35,899.04,4.74228666079295
1995-07-08,0.0,408.01,17.48,7.6,1048.9,4.5598910199932225
1995-07-09,16.53,282.97,14.05,5.43,911.68,4.941263723483564
1995-07-10,7.76,249.79,12.88,5.49,906.34,4.891519457810911
1995-07-11,0.59,509.55,21.88,5.8,918.55,4.410658222975262
1995-07-12,0.0,408.0,14.95,5.09,877.85,4.062448363266689
1995-07-13,0.0,224.69,12.1,7.19,1018.39,3.896634144357844
1995-07-14,0.0,256.92,13.82,8.22,1099.22,3.797145613012537
1995-07-15,0.0,553.64,20.96,0.32,596.36,3.7308199254489995
1995-07-16,0.0,497.73,25.13,9.53,1119.68,3.797145613012537
1995-07-17,0.0,448.95,27.98,14.38,1541.22,3.9132155662487285
1995-07-18,0.0,425.32,27.37,14.74,1565.7,4.012704097594035
1995-07-19,0.0,407.97,26.34,14.5,1549.27,3.979541253812266
1995-07-20,0.0,413.18,24.07,12.59,1346.37,3.863471300576075
1995-07-21,0.0,212.43,14.45,9.4,1192.27,3.6147499722128087
1995-07-22,0.0,232.12,14.37,8.89,1152.03,3.332865800067773
1995-07-23,0.0,259.96,15.31,9.34,1186.83,3.167051581158929
1995-07-24,0.0,489.83,22.77,7.98,941.89,3.0178187841409687
1995-07-25,0.0,424.35,19.16,8.19,1026.6,2.918330252795662
1995-07-26,21.26,248.44,16.46,8.87,1150.04,4.278006847848186
1995-07-27,1.12,461.5,22.6,7.13,941.98,3.332865800067773
1995-07-28,0.0,399.07,16.12,6.58,961.41,2.885167409013893
1995-07-29,0.0,315.46,10.57,3.66,797.39,2.6364460806506265
1995-07-30,0.0,464.68,16.74,4.77,817.95,2.4540504398508975
1995-07-31,0.0,472.14,20.66,7.76,945.81,2.38772475228736
1995-08-01,0.0,366.22,18.63,9.83,1163.86,2.38772475228736
1995-08-02,0.0,518.02,16.89,0.33,556.78,2.4043061741782443
1995-08-03,0.0,524.08,18.86,0.48,549.54,2.288236220942053
1995-08-04,0.0,404.25,21.96,10.95,1187.53,2.2384919552694
1995-08-05,0.0,303.53,14.7,7.21,1003.99,2.2219105333785154
1995-08-06,24.22,171.76,10.59,5.35,902.08,4.891519457810911
1995-08-07,27.26,167.99,10.15,5.14,887.34,5.985893302609283
1995-08-08,4.98,236.79,10.7,4.81,867.06,4.045866941375804
1995-08-09,0.0,524.4,19.3,-1.07,552.71,3.1836330030498132
1995-08-10,2.39,196.46,13.4,8.35,1107.76,2.885167409013893
1995-08-11,3.22,207.02,11.75,6.3,963.37,2.769097455777702
1995-08-12,1.02,204.67,10.35,5.69,920.41,2.5203761274144356
1995-08-13,0.0,518.5,15.49,-3.99,458.73,2.38772475228736
1995-08-14,0.0,388.14,15.67,5.62,913.09,2.288236220942053
1995-08-15,8.48,169.34,10.24,5.12,883.96,2.2384919552694
1995-08-16,6.13,175.24,10.13,4.95,873.67,2.1721662677058617
1995-08-17,12.77,169.33,9.49,4.58,853.22,2.1721662677058617
1995-08-18,1.51,349.17,11.69,3.63,797.29,2.0726777363605557
1995-08-19,0.0,269.56,13.34,7.36,1031.66,2.255073377160284
1995-08-20,0.0,516.17,20.7,-2.57,516.85,2.1058405801423246
1995-08-21,0.0,379.91,16.8,6.78,986.45,1.989770626906133
1995-08-22,0.0,352.59,14.98,6.0,940.77,1.9234449393425954
1995-08-23,0.0,251.94,11.7,5.72,920.66,1.8405378298881734
1995-08-24,0.0,336.65,11.68,3.47,788.31,1.7742121423246355
1995-08-25,0.0,503.54,16.76,-4.6,447.43,1.7078864547610977
1995-08-26,0.0,469.32,11.49,-3.53,486.23,1.6581421890884442
1995-08-27,0.0,480.9,14.39,-3.09,502.01,1.608397923415791
1995-08-28,0.0,462.07,14.04,-1.81,551.91,1.5918165015249066
1995-08-29,14.54,160.53,12.27,6.81,992.94,1.5752350796340222
1995-08-30,0.0,489.68,23.5,-1.67,554.02,1.5420722358522532
1995-08-31,0.0,427.3,21.95,6.79,983.75,1.4923279701796
1995-09-01,0.0,486.4,24.33,-2.3,532.5,1.459165126397831
1995-09-02,0.0,480.92,24.65,-1.36,569.42,1.4425837045069465
1995-09-03,0.0,120.44,13.51,10.89,1311.07,1.4425837045069465
1995-09-04,4.47,100.56,12.08,8.46,1119.45,1.4923279701796
1995-09-05,7.33,154.92,12.93,7.1,1013.74,1.6913050328702133
1995-09-06,5.84,171.24,12.9,6.39,965.36,1.5586536577431376
1995-09-07,4.06,209.37,17.33,8.95,1155.83,1.4425837045069465
1995-09-08,0.0,302.67,9.17,0.54,655.41,1.392839438834293
1995-09-09,0.0,451.93,20.98,-1.22,575.04,1.3430951731616398
1995-09-10,0.0,445.5,20.34,-1.35,570.56,1.309932329379871
1995-09-11,0.0,430.27,19.01,-0.81,593.62,1.2933509074889866
1995-09-12,0.0,436.27,20.65,-1.24,574.34,1.2601880637072178
1995-09-13,0.0,330.61,22.58,9.79,1223.24,1.2270252199254488
1995-09-14,0.0,319.25,24.46,11.63,1370.72,1.2104437980345644
1995-09-15,0.0,396.99,23.0,4.07,825.31,1.1772809542527956
1995-09-16,0.0,406.75,21.04,0.22,639.3,1.1606995323619111
1995-09-17,0.0,127.42,13.88,9.27,1181.74,1.1606995323619111
1995-09-18,0.0,210.76,13.94,5.98,936.65,1.127536688580142
1995-09-19,0.0,379.79,16.43,-1.26,573.99,1.077792422907489
1995-09-20,0.0,253.79,18.75,8.57,1125.97,1.0612110010166043
1995-09-21,0.0,270.85,19.4,8.02,1081.22,1.011466735343951
1995-09-22,0.0,381.17,21.44,1.09,665.95,0.9783038915621821
1995-09-23,0.0,403.59,20.67,-4.7,444.91,0.9451410477804132
1995-09-24,0.0,389.46,19.4,-3.62,483.0,0.9285596258895288
1995-09-25,3.91,75.84,11.36,7.46,1039.24,1.011466735343951
1995-09-26,4.34,85.92,10.07,5.63,915.09,1.1441181104710265
1995-09-27,23.12,81.82,11.8,7.58,1050.34,7.295825631989155
1995-09-28,14.33,104.12,9.96,4.48,850.25,5.355799270755675
1995-09-29,10.3,95.11,10.21,5.38,899.64,2.7525160338868173
1995-09-30,14.22,122.64,9.9,3.67,801.4,3.929796988139613
1995-10-01,1.27,177.89,8.65,1.91,701.49,2.901748830904778
1995-10-02,11.56,155.6,14.21,6.53,968.29,3.9961226757031505
1995-10-03,7.01,99.73,8.19,3.48,789.42,3.7474013473398844
1995-10-04,0.0,200.41,8.87,1.36,674.68,2.7359346119959334
1995-10-05,0.0,234.87,10.99,1.75,692.77,2.2716547990511686
1995-10-06,2.99,114.95,8.4,3.06,763.47,2.0395148925787865
1995-10-07,0.0,121.03,8.7,4.21,830.16,1.8902820955608264
1995-10-08,7.04,86.77,8.16,3.86,809.33,1.94002636123348
1995-10-09,10.52,95.78,8.38,3.78,804.6,2.437469017960013
1995-10-10,56.25,102.56,8.32,3.56,795.45,24.043061741782445
1995-10-11,21.69,105.43,7.06,2.31,725.57,16.74723610979329
1995-10-12,5.54,141.85,6.87,0.48,636.55,10.628691432056929
1995-10-13,0.0,246.99,11.18,2.18,716.04,6.831545819044391
1995-10-14,0.0,327.44,15.21,-4.48,452.16,5.438706380210097
1995-10-15,0.0,323.9,15.14,-4.63,446.57,4.543309598102337
1995-10-16,12.71,97.73,9.14,4.7,857.22,8.622339383259911
1995-10-17,27.02,159.96,9.68,1.91,707.94,18.73700673669942
1995-10-18,17.29,153.69,6.75,-0.75,581.75,11.109552666892577
1995-10-19,0.0,308.19,11.89,-6.14,393.73,7.42847700711623
1995-10-20,7.76,152.95,9.28,1.63,691.79,6.334103162317858
1995-10-21,6.11,97.91,5.27,0.71,645.23,5.820079083700439
1995-10-22,0.0,291.57,6.41,-8.75,327.09,4.974426567265334
1995-10-23,0.0,188.21,8.26,1.74,692.56,4.4769839105388
1995-10-24,0.0,175.44,5.33,-0.48,592.35,4.079029785157573
1995-10-25,15.65,143.49,7.86,1.25,671.26,8.970549242968485
1995-10-26,27.93,122.11,6.58,1.07,665.63,10.71159854151135
1995-10-27,17.99,98.32,4.37,-0.1,607.75,6.798382975262622
1995-10-28,0.0,187.26,4.89,-1.88,535.37,5.67084628668248
1995-10-29,0.0,269.6,3.95,-10.77,278.59,4.974426567265334
1995-10-30,0.0,264.35,2.1,-12.25,246.11,4.460402488647915
1995-10-31,0.0,262.33,3.07,-12.11,247.73,4.095611207048457
1995-11-01,0.0,259.64,1.43,-14.15,211.13,3.7805641911216528
1995-11-02,0.0,257.12,2.99,-13.66,219.82,3.5318428627583867
1995-11-03,0.0,246.02,5.02,-10.16,286.19,3.332865800067773
1995-11-04,7.72,128.43,6.35,-1.45,552.03,3.3660286438495417
1995-11-05,14.73,80.72,2.39,-2.31,519.58,3.482098597085733
1995-11-06,12.46,162.74,9.35,-3.48,475.95,3.399191487631311
1995-11-07,53.9,130.6,9.27,0.21,621.73,27.690974557777018
1995-11-08,76.51,123.85,8.57,-0.06,616.12,85.0626943002372
1995-11-09,15.89,81.8,1.59,-3.64,473.75,22.219105333785155
1995-11-10,17.14,133.72,6.45,-3.34,480.49,16.166886343612333
1995-11-11,50.52,114.19,8.48,0.27,628.1,42.44844004066418
1995-11-12,6.12,50.61,3.36,0.09,619.99,17.244678766519822
1995-11-13,14.24,103.04,10.46,3.3,775.86,16.166886343612333
1995-11-14,11.77,18.94,3.54,7.09,1007.27,14.37609277939681
1995-11-15,9.96,96.01,9.07,2.64,743.98,14.293185669942389
1995-11-16,16.53,70.92,6.84,2.22,719.11,12.05469371467299
1995-11-17,30.76,44.06,7.89,5.07,879.77,30.509816279227376
1995-11-18,35.19,71.2,5.01,0.45,635.55,39.132155662487285
1995-11-19,0.0,109.54,4.17,-1.22,560.44,18.23956407997289
1995-11-20,0.0,110.98,6.18,0.5,630.04,13.24855609081667
1995-11-21,1.54,103.95,9.82,3.87,803.49,11.142715510674345
1995-11-22,10.93,144.31,7.28,-5.17,429.35,12.419484996272448
1995-11-23,35.53,48.66,8.09,5.05,877.77,48.58356614029142
1995-11-24,26.16,52.08,6.93,3.68,798.35,36.810756597763465
1995-11-25,19.51,50.03,4.12,0.96,660.37,34.820985970857336
1995-11-26,14.62,54.27,2.94,-0.6,588.64,21.390034239240933
1995-11-27,24.49,68.27,4.79,0.21,623.83,19.068635174517112
1995-11-28,42.78,88.78,10.52,4.22,830.79,41.45355472721111
1995-11-29,80.22,84.67,8.68,2.94,762.11,78.26431132497457
1995-11-30,23.5,57.14,4.75,1.17,667.14,38.8005272246696
1995-12-01,12.1,43.29,2.0,-0.56,590.46,24.374690179600133
1995-12-02,15.1,57.86,-0.25,-3.61,473.93,18.57119251779058
1995-12-03,15.56,72.09,1.31,-2.81,500.96,15.4538852023043
1995-12-04,28.6,104.95,-1.33,-7.22,359.86,13.613347372416127
1995-12-05,11.16,86.11,-3.32,-7.54,349.81,11.656739589291764
1995-12-06,0.0,137.8,-1.57,-7.19,355.48,10.26390015045747
1995-12-07,0.0,145.78,-1.96,-7.94,338.38,9.21927057133175
1995-12-08,0.0,138.09,-2.2,-7.68,346.04,8.357036633005759
1995-12-09,25.9,120.31,3.23,-4.23,447.22,12.319996464927142
1995-12-10,57.21,148.73,6.66,-10.51,282.45,65.99405912572009
1995-12-11,65.91,62.34,5.24,2.14,715.19,80.08826773297187
1995-12-12,59.41,79.56,6.56,2.41,729.46,78.26431132497457
1995-12-13,60.87,39.0,3.03,1.16,666.96,68.14964397153507
1995-12-14,44.51,28.07,1.56,0.39,631.42,44.60402488647915
1995-12-15,25.44,65.39,2.12,-1.14,566.2,33.82610065740427
1995-12-16,12.84,83.47,1.7,-2.58,509.14,23.8772475228736
1995-12-17,16.24,133.22,2.37,-7.22,365.7,22.550733771602843
1995-12-18,28.87,137.26,4.06,-6.63,383.64,28.354231433412398
1995-12-19,7.87,82.48,3.22,-0.66,585.98,20.8925915825144
1995-12-20,0.53,184.06,3.23,-7.61,357.86,16.28295629684852
1995-12-21,0.0,101.19,2.59,-1.49,549.32,13.745998747543203
1995-12-22,0.0,127.07,2.88,-2.42,512.0,11.9386237614368
1995-12-23,0.0,154.25,5.48,-1.6,548.81,10.595528588275158
1995-12-24,0.0,196.0,4.43,-12.97,233.05,9.534317587258556
1995-12-25,0.0,196.88,3.33,-15.06,197.81,8.672083648932563
1995-12-26,0.0,197.05,4.68,-14.09,211.81,8.02540819518807
1995-12-27,7.86,150.43,5.39,-11.53,261.89,7.627454069806844
1995-12-28,12.57,28.57,1.99,0.76,638.3,8.224385257878684
1995-12-29,45.89,141.49,4.54,-7.47,360.95,14.724302639105387
1995-12-30,16.44,64.85,5.64,1.78,695.6,17.57630720433751
1995-12-31,10.08,55.71,4.8,1.51,684.71,17.9079356421552
1996-01-01,0.76,82.41,-1.8,-5.1,432.3,12.784276277871905
1996-01-02,9.41,55.78,7.4,4.32,834.13,13.497277419179937
1996-01-03,12.24,151.37,4.98,-5.94,405.14,15.851839327685529
1996-01-04,6.07,126.13,-0.08,-7.6,352.0,11.34169257336496
1996-01-05,4.85,122.59,1.1,-6.01,395.27,9.666968962385631
1996-01-06,34.91,97.05,-3.65,-8.86,324.11,30.67563049813622
1996-01-07,54.44,154.33,6.27,-4.5,451.52,45.59891019993222
1996-01-08,6.65,160.48,4.84,-6.59,385.12,24.540504398508975
1996-01-09,5.2,170.69,4.64,-6.98,372.22,16.74723610979329
1996-01-10,6.75,161.89,3.29,-7.29,364.42,13.895231544561165
1996-01-11,0.0,144.67,-0.39,-6.38,395.47,12.452647840054217
1996-01-12,0.0,35.86,-1.09,0.45,629.57,10.728179963402233
1996-01-13,7.14,106.1,-3.16,-8.55,331.85,10.114667353439511
1996-01-14,33.92,160.18,5.21,-4.82,441.38,22.219105333785155
1996-01-15,42.94,151.76,4.01,-4.71,444.83,38.96634144357844
1996-01-16,11.13,148.54,0.3,-7.87,346.14,22.384919552694
1996-01-17,0.82,220.13,-1.51,-11.54,262.22,14.906698279905113
1996-01-18,3.42,50.41,-1.47,-3.6,469.59,12.104437980345644
1996-01-19,18.08,181.24,-0.2,-11.39,265.08,10.462877213148083
1996-01-20,21.57,147.21,0.15,-7.25,358.12,9.55089900914944
1996-01-21,21.44,174.46,-1.24,-10.85,275.48,8.804735024059639
1996-01-22,4.78,87.65,-1.86,-5.71,400.91,7.90933824195188
1996-01-23,16.26,99.22,-0.68,-5.06,422.48,7.527965538461538
1996-01-24,11.45,117.54,-1.7,-6.93,367.85,6.897871506607928
1996-01-25,7.11,26.24,-2.04,-1.23,561.76,6.383847427990511
1996-01-26,0.0,247.62,-3.2,-12.45,243.24,5.9693118807184
1996-01-27,0.46,263.84,-1.49,-12.5,243.31,5.687427708573364
1996-01-28,10.72,204.65,-3.39,-14.22,210.64,5.405543536428328
1996-01-29,0.21,287.35,-5.59,-17.8,156.33,5.073915098610639
1996-01-30,0.0,303.0,-6.58,-19.93,132.77,4.6759609732294125
1996-01-31,0.0,309.25,-4.2,-18.43,150.79,4.5930538637749905
1996-02-01,0.0,271.11,-3.61,-13.75,212.95,4.443821066757031
1996-02-02,0.0,323.42,-2.54,-18.91,145.2,4.211681160284649
1996-02-03,0.37,298.03,-4.93,-17.15,163.13,4.112192628939342
1996-02-04,18.17,243.69,3.56,-13.03,234.06,5.073915098610639
1996-02-05,30.5,175.01,5.07,-3.18,488.49,37.80564191121653
1996-02-06,43.93,37.81,6.32,5.79,920.25,40.62448363266689
1996-02-07,39.44,227.49,6.56,-5.2,428.63,44.769839105388
1996-02-08,69.17,229.85,7.07,-4.65,446.55,54.387063802100975
1996-02-09,8.88,245.18,3.04,-9.86,299.39,29.514930965774308
1996-02-10,0.0,360.36,5.96,-12.37,244.72,17.9079356421552
1996-02-11,0.0,348.48,9.57,-6.33,385.52,13.679673059979665
1996-02-12,0.0,337.55,10.87,-3.59,470.43,11.988368027109454
1996-02-13,0.0,257.45,10.61,1.53,682.65,11.540669636055572
1996-02-14,0.0,263.99,11.02,1.81,700.01,11.275366885801422
1996-02-15,0.0,298.65,13.0,2.0,710.86,11.192459776347
1996-02-16,0.0,287.1,12.26,2.31,720.77,10.960319869874617
1996-02-17,27.96,174.41,6.18,-1.12,573.32,29.017488309047774
1996-02-18,32.86,207.8,5.69,-3.18,498.02,47.257052389020664
1996-02-19,20.68,220.89,2.5,-6.89,374.36,28.851674090138932
1996-02-20,30.65,294.46,10.53,-8.16,341.35,26.032832368688577
1996-02-21,18.35,35.74,-0.33,1.1,653.24,19.4002636123348
1996-02-22,13.18,161.72,6.78,0.39,626.7,14.210278560487968
1996-02-23,25.03,73.86,-0.46,-2.96,491.43,11.955205183327683
1996-02-24,6.57,260.41,-0.99,-12.35,245.12,10.098085931548626
1996-02-25,0.56,200.38,-0.61,-6.31,385.97,8.92080497729583
1996-02-26,0.0,379.74,-1.79,-14.21,210.48,8.041989617078956
1996-02-27,0.0,313.59,-0.82,-9.82,293.9,7.3621513195526935
1996-02-28,0.0,122.64,0.78,-2.21,521.92,6.765220131480853
1996-02-29,0.0,450.15,6.7,-11.88,251.68,6.3672660060996265
1996-03-01,0.0,446.68,8.16,-9.21,306.26,6.068800412063706
1996-03-02,0.0,457.64,9.61,-9.4,304.69,5.836660505591324
1996-03-03,6.62,287.51,4.67,-7.17,367.8,6.052218990172822
1996-03-04,4.41,268.54,5.28,-5.02,430.14,6.334103162317858
1996-03-05,4.27,121.69,2.97,-0.93,574.2,6.317521740426972
1996-03-06,0.0,157.29,3.3,-0.41,594.48,5.836660505591324
1996-03-07,2.79,290.71,5.02,-4.85,433.68,5.952730458827515
1996-03-08,7.78,220.5,9.94,2.54,737.67,6.9476157722805825
1996-03-09,3.42,183.25,9.96,4.1,823.22,10.678435697729581
1996-03-10,14.2,289.49,7.27,-2.71,516.31,20.56096314469671
1996-03-11,7.85,299.99,5.67,-4.4,454.78,17.244678766519822
1996-03-12,0.64,295.38,3.12,-3.74,470.45,11.888879495764145
1996-03-13,0.0,522.08,9.99,-9.7,303.07,9.617224696712977
1996-03-14,0.0,508.65,15.19,-2.4,515.47,8.556013695696372
1996-03-15,0.0,465.21,5.81,-6.6,384.32,8.14147814842426
1996-03-16,0.0,498.61,5.11,-9.25,311.59,7.295825631989155
1996-03-17,0.0,487.86,5.5,-7.95,346.95,6.682313022026431
1996-03-18,0.0,525.52,15.53,-3.12,490.1,6.26777747475432
1996-03-19,8.92,385.37,9.1,-6.79,377.29,6.284358896645204
1996-03-20,21.03,404.0,7.36,-8.37,335.4,6.052218990172822
1996-03-21,14.24,346.56,6.42,-3.93,461.28,5.604520599118942
1996-03-22,13.14,346.35,4.16,-7.9,347.79,5.355799270755675
1996-03-23,1.39,373.46,3.68,-5.98,395.0,5.0075894110471015
1996-03-24,0.0,513.03,4.23,-10.43,284.62,4.709123817011182
1996-03-25,0.0,576.77,8.08,-13.69,219.84,4.410658222975262
1996-03-26,0.01,542.01,6.43,-10.71,279.07,4.278006847848186
1996-03-27,4.06,383.42,4.54,-10.47,283.33,4.128774050830226
1996-03-28,0.0,314.98,7.94,0.17,614.05,3.896634144357844
1996-03-29,5.73,352.7,3.07,-9.67,303.14,3.7805641911216528
1996-03-30,2.28,390.56,6.7,-4.27,449.03,3.631331394103693
1996-03-31,4.52,360.58,4.35,-8.27,338.53,4.045866941375804
1996-04-01,16.35,68.88,6.32,5.29,900.77,6.582824490681124
1996-04-02,3.98,370.81,1.95,-10.32,287.69,5.820079083700439
1996-04-03,2.75,500.98,7.09,-10.93,274.66,4.758868082683835
1996-04-04,0.0,365.53,12.68,3.95,806.83,4.377495379193493
1996-04-05,0.0,496.38,13.61,0.49,639.24,4.244844004066417
1996-04-06,27.89,393.44,12.17,-2.45,528.18,5.687427708573364
1996-04-07,17.24,481.76,18.81,-1.26,572.67,7.445058429007115
1996-04-08,0.0,548.66,16.7,0.07,629.88,7.527965538461538
1996-04-09,0.0,101.52,12.38,10.86,1309.04,7.328988475770925
1996-04-10,4.44,336.6,6.57,-2.9,508.3,6.5330802250084705
1996-04-11,8.25,287.66,3.87,-5.16,430.79,6.168288943409013
1996-04-12,24.52,281.09,4.26,-4.28,452.17,6.881290084717044
1996-04-13,12.73,329.5,7.13,-3.19,493.21,6.649150178244661
1996-04-14,0.0,630.12,15.63,-5.56,416.27,6.566243068790239
1996-04-15,23.62,374.17,8.73,-3.61,482.4,15.271489561504573
1996-04-16,26.46,446.58,13.85,-4.15,462.17,20.56096314469671
1996-04-17,20.42,358.1,4.3,-6.86,374.99,17.57630720433751
1996-04-18,19.44,394.66,6.75,-6.08,397.09,13.497277419179937
1996-04-19,17.57,365.89,3.51,-7.61,358.15,12.701369168417484
1996-04-20,19.23,430.46,6.16,-8.55,332.13,11.209041198237884
1996-04-21,4.63,592.01,10.57,-8.07,343.61,9.36850336834971
1996-04-22,21.68,470.96,15.03,-4.8,441.54,13.24855609081667
1996-04-23,75.05,173.61,6.89,2.02,711.78,65.33080225008472
1996-04-24,30.7,426.34,8.5,-5.69,411.94,42.28262582175533
1996-04-25,22.76,398.16,6.48,-5.84,407.82,25.203761274144355
1996-04-26,21.89,431.88,6.65,-7.39,361.94,21.058405801423245
1996-04-27,11.15,488.69,5.47,-8.79,325.63,16.23321203117587
1996-04-28,0.0,627.35,7.63,-9.08,318.43,13.480695997289052
1996-04-29,0.0,412.19,8.77,-0.14,609.05,11.772809542527956
1996-04-30,0.0,368.27,4.95,-2.6,511.31,10.86083133852931
1996-05-01,6.81,489.43,13.13,-6.89,374.78,9.899108868858011
1996-05-02,13.23,196.18,3.65,-1.65,544.75,8.937386399186714
1996-05-03,7.29,177.2,6.62,2.01,706.82,8.2078038359878
1996-05-04,2.86,588.56,14.49,-5.53,409.45,7.527965538461538
1996-05-05,0.0,660.69,8.54,-10.28,288.13,7.096848569298542
1996-05-06,0.0,203.56,4.18,0.54,633.13,6.831545819044391
1996-05-07,3.18,410.24,4.19,-6.04,397.48,6.549661646899355
1996-05-08,0.16,112.57,3.03,2.7,743.39,6.1185446777363595
1996-05-09,1.71,584.05,13.37,-4.65,437.74,5.770334818027786
1996-05-10,0.0,675.48,14.02,-5.96,398.67,5.471869223991867
1996-05-11,3.72,461.05,9.26,-5.65,413.0,5.239729317519484
1996-05-12,5.04,446.36,12.72,-2.39,529.6,6.168288943409013
1996-05-13,14.99,393.63,11.4,-0.85,592.54,10.794505650965773
1996-05-14,2.29,459.98,9.38,-1.56,561.36,9.086619196204675
1996-05-15,0.1,585.49,9.18,-4.84,439.1,8.158059570315146
1996-05-16,0.0,226.09,9.66,5.29,900.17,7.3124070538800385
1996-05-17,21.97,500.09,16.84,-3.04,502.24,11.971786605218567
1996-05-18,32.28,411.04,8.77,-3.61,482.66,26.861903463232796
1996-05-19,16.05,436.44,10.11,-3.71,477.23,21.058405801423245
1996-05-20,7.97,471.03,9.78,-6.2,399.32,13.497277419179937
1996-05-21,6.79,190.27,7.51,2.62,739.69,10.728179963402233
1996-05-22,9.7,390.75,8.03,-2.89,505.92,9.451410477804133
1996-05-23,4.87,232.58,8.12,2.12,715.85,8.572595117587257
1996-05-24,0.0,627.44,16.24,0.68,645.5,8.2078038359878
1996-05-25,0.0,685.89,16.67,-3.56,484.15,8.788153602168755
1996-05-26,0.0,611.91,10.48,-4.03,466.88,9.28559625889529
1996-05-27,0.0,535.07,7.23,-4.19,460.98,8.47310658624195
1996-05-28,7.32,421.59,8.1,-4.2,461.08,7.843012554388341
1996-05-29,10.43,445.45,9.34,-4.41,455.07,7.1963371006438495
1996-05-30,0.0,618.44,15.7,0.29,627.26,6.665731600135546
1996-05-31,0.0,488.93,12.56,2.12,713.93,6.251196052863435
1996-06-01,0.0,665.87,16.06,-2.43,528.78,6.433591693663164
1996-06-02,0.0,677.62,21.67,0.33,644.07,7.57770980413419
1996-06-03,0.0,405.91,19.25,10.14,1251.07,8.887642133514062
1996-06-04,0.0,505.26,9.84,-1.02,583.74,8.224385257878684
1996-06-05,0.0,600.03,15.71,0.75,652.01,7.047104303625888
1996-06-06,0.0,645.12,18.0,0.07,625.42,6.615987334462893
1996-06-07,0.0,697.12,21.56,-3.05,503.19,6.516498803117586
1996-06-08,0.0,699.68,20.07,-4.7,444.64,6.317521740426972
1996-06-09,0.0,230.4,12.48,7.52,1041.61,5.869823349373093
1996-06-10,0.0,258.01,13.13,7.53,1042.75,5.471869223991867
1996-06-11,0.0,693.1,18.62,-4.48,451.52,5.289473583192137
1996-06-12,0.0,437.24,15.5,5.29,895.88,5.073915098610639
1996-06-13,0.0,621.61,20.72,3.15,769.72,5.156822208065061
1996-06-14,0.0,471.07,13.29,2.24,721.71,5.239729317519484
1996-06-15,0.0,645.61,13.36,-5.12,431.55,5.090496520501524
1996-06-16,0.0,623.05,10.59,-6.18,397.78,4.974426567265334
1996-06-17,3.97,395.98,7.03,-5.71,411.85,4.659379551338528
1996-06-18,4.11,555.97,18.43,-3.99,467.7,4.377495379193493
1996-06-19,0.0,671.36,14.51,-6.46,388.9,4.128774050830226
1996-06-20,0.0,468.8,15.87,3.92,811.05,4.1453554727211115
1996-06-21,0.0,361.26,15.43,6.65,982.09,4.211681160284649
1996-06-22,0.0,639.98,18.06,-1.88,548.48,4.161936894611995
1996-06-23,18.76,367.48,10.64,-1.68,556.78,4.460402488647915
1996-06-24,9.33,473.18,18.88,-0.81,594.0,4.5598910199932225
1996-06-25,6.42,548.54,15.89,-2.39,529.6,4.195099738393764
1996-06-26,0.0,515.03,16.46,2.8,755.3,3.88005272246696
1996-06-27,0.0,492.24,11.7,-0.88,590.77,3.9132155662487285
1996-06-28,1.35,614.74,18.99,-1.21,574.89,3.88005272246696
1996-06-29,0.0,627.67,15.01,-4.08,464.62,3.6479128159945775
1996-06-30,0.0,643.38,18.23,-2.68,517.16,3.548424284649271
1996-07-01,0.0,496.52,18.26,4.56,853.79,3.714238503558115
1996-07-02,0.0,575.32,19.07,2.28,732.89,3.813727034903422
1996-07-03,6.89,114.82,12.57,9.26,1180.96,3.8303084567943064
1996-07-04,9.04,339.57,8.91,-2.53,523.9,3.565005706540155
1996-07-05,0.0,559.87,10.68,-4.69,445.37,3.2665401125042353
1996-07-06,0.0,677.21,19.6,-4.77,442.31,3.13388873737716
1996-07-07,0.0,692.32,25.25,-3.05,503.22,3.13388873737716
1996-07-08,0.0,660.8,23.1,-0.44,608.79,3.3162843781768885
1996-07-09,0.0,659.42,22.89,-1.31,571.36,3.3162843781768885
1996-07-10,0.0,623.08,17.78,-2.87,510.14,3.034400206031853
1996-07-11,0.0,599.81,23.5,3.46,793.49,2.918330252795662
1996-07-12,0.0,618.34,24.75,2.71,762.48,2.9514930965774306
1996-07-13,0.0,661.41,29.04,1.71,712.57,2.9514930965774306
1996-07-14,0.0,611.12,29.35,6.28,967.6,2.901748830904778
1996-07-15,0.0,337.32,23.24,12.82,1476.88,2.769097455777702
1996-07-16,0.0,630.43,23.62,0.11,632.26,2.702771768214164
1996-07-17,12.14,259.27,7.89,-1.61,559.77,2.6530275025415113
1996-07-18,11.96,323.93,10.41,-1.75,554.29,3.3162843781768885
1996-07-19,12.86,323.12,11.2,-0.83,592.9,3.813727034903422
1996-07-20,0.93,430.61,12.03,0.01,628.94,3.399191487631311
1996-07-21,0.0,554.33,17.47,-0.11,623.05,2.9680745184683155
1996-07-22,0.0,550.53,25.5,6.97,1005.73,2.6861903463232797
1996-07-23,0.0,558.36,28.55,8.77,1142.84,2.5535389711962044
1996-07-24,0.0,605.06,27.1,4.34,847.04,2.470631861741782
1996-07-25,0.0,631.85,26.18,1.28,678.02,2.354561908505591
1996-07-26,0.0,623.04,26.68,2.12,704.78,2.2384919552694
1996-07-27,0.0,623.84,27.06,1.96,690.8,2.155584845814978
1996-07-28,0.0,560.28,24.97,4.74,861.54,2.0726777363605557
1996-07-29,0.0,268.1,21.85,13.35,1532.44,1.9731892050152489
1996-07-30,0.0,583.48,18.55,-2.11,537.38,1.9234449393425954
1996-07-31,0.0,575.19,17.51,-2.78,512.81,1.8405378298881734
1996-08-01,0.0,307.56,17.06,7.7,1056.13,1.757630720433751
1996-08-02,13.09,251.23,10.5,0.48,649.96,2.022933470687902
1996-08-03,3.0,271.23,9.64,-1.15,579.11,1.7907935642155197
1996-08-04,1.45,227.35,7.06,0.41,647.31,1.7078864547610977
1996-08-05,0.0,580.22,20.64,-0.6,595.35,1.7078864547610977
1996-08-06,0.0,565.19,17.68,-2.0,543.46,1.608397923415791
1996-08-07,0.0,494.68,14.49,-1.28,572.41,1.5420722358522532
1996-08-08,0.0,620.01,25.13,-0.26,590.68,1.5089093920704844
1996-08-09,0.0,480.92,26.14,9.56,1197.71,1.4923279701796
1996-08-10,0.0,577.44,26.66,4.45,818.39,1.4425837045069465
1996-08-11,0.0,477.07,17.02,1.68,702.58,1.392839438834293
1996-08-12,0.0,575.16,19.79,-1.0,574.75,1.3430951731616398
1996-08-13,0.0,622.98,25.87,-0.93,541.54,1.309932329379871
1996-08-14,0.0,590.54,22.44,-0.76,571.75,1.2601880637072178
1996-08-15,0.0,560.7,18.86,-1.58,553.55,1.2436066418163334
1996-08-16,0.0,564.36,24.03,2.06,677.44,1.2104437980345644
1996-08-17,0.0,411.04,11.01,-1.93,547.25,1.19386237614368
1996-08-18,0.0,464.59,13.08,-2.27,520.13,1.2104437980345644
1996-08-19,0.0,144.92,14.11,9.81,1224.99,1.1441181104710265
1996-08-20,2.16,502.73,21.51,-0.21,533.44,1.127536688580142
1996-08-21,0.0,540.28,16.7,-3.24,420.01,1.0943738447983733
1996-08-22,0.0,472.32,23.09,6.28,787.9,1.077792422907489
1996-08-23,0.0,423.66,25.26,10.27,1067.07,1.0280481572348354
1996-08-24,0.0,603.51,28.13,-0.37,432.97,1.011466735343951
1996-08-25,0.0,558.8,28.87,5.27,666.89,0.9948853134530665
1996-08-26,0.0,416.42,20.02,5.91,850.86,0.9948853134530665
1996-08-27,0.0,438.0,16.75,2.04,655.4,0.9783038915621821
1996-08-28,0.0,480.54,18.96,1.82,584.58,0.9617224696712977
1996-08-29,0.0,561.64,26.35,2.08,504.5,0.9285596258895288
1996-08-30,5.22,318.67,18.09,3.1,750.27,1.077792422907489
1996-08-31,5.35,288.04,13.5,0.54,653.94,1.2270252199254488
1996-09-01,0.0,559.94,22.46,-2.78,400.07,0.9948853134530665
1996-09-02,0.0,282.23,14.57,4.89,864.54,0.9285596258895288
1996-09-03,11.35,267.05,10.72,-1.58,561.33,0.9617224696712977
1996-09-04,13.41,387.9,17.81,-4.42,445.61,0.9285596258895288
1996-09-05,9.74,317.25,13.36,-2.27,533.32,0.8953967821077599
1996-09-06,5.22,261.19,9.92,-2.19,536.92,0.9285596258895288
1996-09-07,4.09,325.66,15.94,-0.52,605.55,0.8953967821077599
1996-09-08,5.43,72.77,14.79,12.5,1439.8,1.0943738447983733
1996-09-09,0.0,321.22,21.09,9.6,1207.89,1.0446295791257199
1996-09-10,0.0,328.2,20.46,8.57,1124.91,0.9119782039986444
1996-09-11,0.0,362.83,23.97,10.37,1264.87,0.8456525164351066
1996-09-12,0.0,456.21,17.0,-0.5,601.36,0.8124896726533377
1996-09-13,8.51,216.12,12.23,2.7,754.0,0.9119782039986444
1996-09-14,20.42,226.97,12.66,2.76,757.05,3.863471300576075
1996-09-15,18.06,144.53,10.28,4.25,832.6,4.327751113520839
1996-09-16,10.51,54.02,9.05,8.74,1139.21,2.4043061741782443
1996-09-17,4.51,367.07,11.19,-4.61,447.41,1.6913050328702133
1996-09-18,2.36,106.58,10.69,7.46,1036.83,1.4094208607251777
1996-09-19,7.53,269.79,9.46,-2.24,535.17,1.459165126397831
1996-09-20,0.48,349.03,8.25,-3.05,502.89,1.2601880637072178
1996-09-21,3.87,276.67,6.75,-5.2,429.02,1.1606995323619111
1996-09-22,0.0,383.1,5.86,-6.77,377.67,1.127536688580142
1996-09-23,0.0,412.87,13.13,-1.5,550.6,1.0280481572348354
1996-09-24,0.0,483.51,14.01,-6.97,371.94,0.9617224696712977
1996-09-25,0.0,404.47,15.45,0.8,646.92,0.9119782039986444
1996-09-26,0.0,480.95,19.47,-4.54,449.27,0.8788153602168755
1996-09-27,0.0,465.68,19.71,-2.61,518.51,0.862233938325991
1996-09-28,0.0,467.09,18.61,-4.34,457.3,0.8290710945442221
1996-09-29,0.0,440.65,16.51,-2.97,506.37,0.8124896726533377
1996-09-30,0.0,387.44,12.01,-2.85,510.79,0.8124896726533377
1996-10-01,0.0,436.98,13.45,-6.07,401.36,0.7793268288715688
1996-10-02,0.0,423.93,16.43,-2.87,506.99,0.7461639850898
1996-10-03,15.92,40.43,5.69,6.78,999.77,0.862233938325991
1996-10-04,25.64,246.35,11.72,-0.29,615.23,8.191222414096915
1996-10-05,24.14,265.79,9.81,-3.69,479.83,4.642798129447645
1996-10-06,0.0,416.44,15.97,-4.08,465.9,2.5037947055235508
1996-10-07,0.0,194.2,16.38,9.27,1181.58,1.906863517451711
1996-10-08,0.0,405.39,19.97,-0.99,578.56,1.6249793453066754
1996-10-09,0.0,80.26,10.79,9.32,1185.46,1.4425837045069465
1996-10-10,1.34,340.12,16.9,-0.55,606.26,1.3762580169434087
1996-10-11,13.13,207.77,8.98,-1.76,553.52,2.4540504398508975
1996-10-12,9.09,196.67,9.09,-0.98,577.67,1.94002636123348
1996-10-13,22.1,192.1,6.39,-3.35,491.91,8.738409336496101
1996-10-14,20.7,226.59,8.52,-4.01,467.94,19.897706269061334
1996-10-15,31.0,207.39,4.42,-6.83,376.73,11.374855417146728
1996-10-16,13.58,78.82,2.63,-1.18,563.63,6.433591693663164
1996-10-17,24.54,225.44,1.98,-9.57,305.51,5.687427708573364
1996-10-18,41.87,192.38,3.25,-7.19,366.61,10.346807259911893
1996-10-19,8.47,219.41,3.0,-9.69,302.97,6.848127240935275
1996-10-20,0.01,231.01,2.54,-6.99,367.36,5.156822208065061
1996-10-21,13.18,189.29,4.56,-6.22,394.4,9.103200618095558
1996-10-22,32.96,76.97,4.87,0.87,654.36,15.221745295831921
1996-10-23,10.76,182.58,4.48,-5.83,406.05,9.053456352422906
1996-10-24,29.63,193.91,4.93,-6.19,398.09,11.42459968281938
1996-10-25,7.3,146.92,3.03,-4.94,430.63,8.008826773297185
1996-10-26,1.74,234.73,5.75,-4.25,448.32,6.300940318536089
1996-10-27,0.0,225.05,0.53,-8.43,334.26,5.438706380210097
1996-10-28,16.75,217.88,9.05,-4.4,455.66,8.174640992206031
1996-10-29,12.9,193.38,4.13,-6.61,383.92,6.814964397153506
1996-10-30,0.0,310.51,3.74,-11.62,260.98,5.471869223991867
1996-10-31,0.0,322.04,6.18,-11.97,252.07,4.825193770247372
1996-11-01,0.0,196.77,9.16,1.09,653.53,4.394076801084378
1996-11-02,0.0,315.36,8.91,-10.47,283.25,4.079029785157573
1996-11-03,7.09,39.91,5.18,3.93,805.83,4.095611207048457
1996-11-04,6.18,35.95,2.83,2.47,732.41,4.045866941375804
1996-11-05,7.16,34.55,2.58,2.2,719.2,3.6644942378854624
1996-11-06,16.15,102.7,3.95,-1.31,565.53,4.543309598102337
1996-11-07,15.12,46.92,4.39,2.48,729.06,4.2614254259573014
1996-11-08,17.37,207.92,9.42,-6.3,395.76,13.762580169434088
1996-11-09,3.37,207.33,9.98,-6.19,398.02,9.003712086750253
1996-11-10,0.0,281.6,12.58,-6.88,374.97,6.9476157722805825
1996-11-11,10.45,200.6,12.25,-5.06,432.73,6.383847427990511
1996-11-12,17.03,22.35,8.58,9.14,1170.97,11.673321011182647
1996-11-13,11.05,28.62,5.81,5.28,890.13,12.452647840054217
1996-11-14,4.33,98.01,3.62,-1.82,538.72,8.50626943002372
1996-11-15,3.96,66.35,1.5,-2.08,529.71,6.964197194171466
1996-11-16,6.31,141.61,-0.05,-8.29,338.08,6.251196052863435
1996-11-17,7.96,121.22,-1.48,-8.25,333.56,5.571357755337172
1996-11-18,9.64,22.1,-1.11,0.13,614.79,5.024170832937986
1996-11-19,14.41,141.17,-1.25,-9.32,307.34,4.709123817011182
1996-11-20,10.85,144.22,-0.96,-8.93,315.26,4.3443325354117235
1996-11-21,8.69,147.78,-1.57,-10.45,283.56,4.02928551948492
1996-11-22,0.0,217.1,-1.65,-12.34,245.11,3.797145613012537
1996-11-23,13.04,136.32,-6.58,-14.43,207.59,3.631331394103693
1996-11-24,15.22,32.55,-5.82,-6.97,368.64,4.526728176211453
1996-11-25,9.34,66.22,4.0,0.44,628.78,5.637683442900711
1996-11-26,6.4,26.01,4.14,3.71,797.4,5.073915098610639
1996-11-27,40.98,27.98,6.87,5.94,926.53,24.872132836326667
1996-11-28,25.79,29.93,3.41,2.6,739.73,24.208875960691287
1996-11-29,11.35,25.96,1.66,2.14,715.37,11.623576745509995
1996-11-30,24.85,69.37,3.79,0.5,637.31,14.906698279905113
1996-12-01,22.36,69.08,1.18,-2.03,528.45,16.74723610979329
1996-12-02,17.96,19.34,-0.32,1.46,677.1,11.209041198237884
1996-12-03,14.07,21.55,-1.98,-0.99,570.23,8.754990758386986
1996-12-04,26.53,57.51,2.98,0.37,626.11,9.7001318061674
1996-12-05,25.75,135.87,1.3,-6.14,392.33,10.41313294747543
1996-12-06,21.54,80.85,-0.32,-4.15,453.89,9.103200618095558
1996-12-07,30.98,87.58,1.24,-2.97,494.73,8.522850851914603
1996-12-08,21.96,32.7,1.15,0.76,648.09,8.937386399186714
1996-12-09,16.5,146.89,1.8,-7.05,364.89,8.290710945442223
1996-12-10,22.24,139.67,1.6,-6.07,400.08,13.082741871907826
1996-12-11,13.31,134.95,-0.16,-7.0,366.46,10.297062994239239
1996-12-12,17.26,147.69,1.09,-8.09,342.69,8.50626943002372
1996-12-13,26.28,53.64,0.9,-1.45,551.49,8.987130664859368
1996-12-14,1.31,153.61,0.05,-5.73,399.9,7.876175398170111
1996-12-15,21.17,162.75,2.51,-10.53,282.17,6.897871506607928
1996-12-16,17.23,165.71,0.89,-11.36,266.7,6.4501731155540485
1996-12-17,0.0,182.88,-6.29,-13.73,218.31,5.786916239918671
1996-12-18,0.0,32.71,-6.2,-5.48,407.09,5.388962114537445
1996-12-19,15.75,98.67,-6.62,-11.18,267.41,5.455287802100982
1996-12-20,21.71,96.61,0.91,-3.5,476.28,6.168288943409013
1996-12-21,26.56,145.72,-1.97,-10.56,281.84,5.985893302609283
1996-12-22,22.52,154.4,-0.02,-10.9,275.83,5.621102021009826
1996-12-23,17.98,46.85,-0.99,-2.77,499.53,5.289473583192137
1996-12-24,17.78,36.87,0.59,-0.71,581.24,5.057333676719756
1996-12-25,17.01,31.52,-0.32,-1.18,561.14,5.040752254828871
1996-12-26,17.55,161.97,0.51,-13.97,214.43,4.792030926465604
1996-12-27,25.53,29.83,-1.05,-2.03,528.05,4.6759609732294125
1996-12-28,25.78,32.42,-3.34,-4.15,443.58,4.2614254259573014
1996-12-29,59.68,163.77,5.76,-8.39,326.42,15.90158359335818
1996-12-30,50.59,117.63,-3.11,-8.8,324.61,43.11169691629956
1996-12-31,55.13,140.7,1.33,-8.59,325.52,71.96337100643849
1997-01-01,49.67,49.95,5.17,2.59,737.84,99.82015978312435
1997-01-02,22.97,62.39,4.0,0.76,647.08,64.83335959335818
1997-01-03,16.57,108.86,1.84,-4.32,447.99,34.3235433141308
1997-01-04,5.44,88.77,0.38,-4.19,451.73,21.887476895967467
1997-01-05,5.72,63.8,-1.37,-4.56,437.5,16.100560656048795
1997-01-06,14.91,95.71,2.86,-2.16,522.89,14.624814107760077
1997-01-07,21.25,101.48,5.59,0.78,644.33,16.913050328702134
1997-01-08,5.31,123.85,3.87,-3.47,480.39,14.127371451033547
1997-01-09,3.96,14.33,-3.72,0.19,621.42,12.635043480853945
1997-01-10,1.67,16.92,-3.46,0.75,646.69,11.557251057946456
1997-01-11,0.0,105.7,1.68,-2.15,525.49,10.678435697729581
1997-01-12,0.0,148.74,-1.37,-7.31,354.83,9.7001318061674
1997-01-13,0.0,163.82,0.31,-6.73,366.6,8.821316445950524
1997-01-14,0.0,125.03,0.18,-4.83,436.46,8.124896726533377
1997-01-15,0.0,177.73,-7.8,-15.1,195.25,7.494802694679769
1997-01-16,37.82,33.25,-7.32,-7.63,345.61,8.075152460860723
1997-01-17,35.56,52.14,-5.01,-7.11,364.97,22.71654799051169
1997-01-18,52.71,108.81,-2.4,-6.86,375.44,46.096352856658754
1997-01-19,45.22,174.04,5.81,-5.18,429.52,85.0626943002372
1997-01-20,27.2,100.32,3.66,-0.31,601.84,43.11169691629956
1997-01-21,16.16,123.63,2.26,-2.79,501.27,28.02260299559471
1997-01-22,9.82,121.48,1.52,-3.33,480.37,20.063520487970177
1997-01-23,6.93,140.6,0.29,-5.48,409.41,15.81867648390376
1997-01-24,4.0,134.67,-1.41,-6.57,376.58,13.09932329379871
1997-01-25,0.0,200.59,-4.21,-10.11,286.33,11.391436839037612
1997-01-26,0.0,251.65,-1.87,-10.95,267.74,10.031760243985088
1997-01-27,24.66,142.2,1.69,-3.89,451.25,9.36850336834971
1997-01-28,20.44,163.89,-4.92,-11.21,268.55,10.545784322602506
1997-01-29,27.19,152.13,-2.42,-7.88,349.71,12.303415043036257
1997-01-30,35.98,214.84,6.76,-6.45,390.86,47.7544950457472
1997-01-31,8.05,140.6,4.65,-0.37,595.23,22.882362209420535
1997-02-01,10.58,159.1,3.7,-2.0,531.9,18.73700673669942
1997-02-02,6.43,158.74,1.26,-4.36,445.45,15.072512498813959
1997-02-03,1.28,160.36,1.1,-3.2,482.32,12.717950590308368
1997-02-04,0.0,225.87,1.4,-4.84,429.35,11.04322697932904
1997-02-05,0.0,223.1,2.55,-3.66,466.57,9.832783181294475
1997-02-06,0.0,294.96,7.54,-2.15,522.53,8.9539678210776
1997-02-07,4.0,150.33,3.24,-1.61,545.67,8.340455211114875
1997-02-08,1.0,205.92,0.99,-3.88,462.76,7.710361179261265
1997-02-09,0.0,265.93,1.96,-5.14,420.34,7.179755678752963
1997-02-10,0.0,280.31,5.34,-2.49,511.94,6.765220131480853
1997-02-11,14.36,110.4,1.34,-2.16,522.28,6.566243068790239
1997-02-12,23.91,158.95,2.3,-2.7,504.08,7.660616913588613
1997-02-13,17.68,201.78,4.76,-2.07,528.63,7.080267147407658
1997-02-14,30.25,154.11,6.44,1.72,692.44,11.474343948492034
1997-02-15,23.59,135.59,6.2,2.06,710.02,14.160534294815315
1997-02-16,0.0,285.46,8.4,0.96,654.38,11.789390964418839
1997-02-17,18.54,182.52,4.49,-1.26,561.68,13.331463200271092
1997-02-18,28.37,110.29,1.24,-1.9,534.98,11.557251057946456
1997-02-19,35.12,143.15,2.33,-1.7,543.19,11.623576745509995
1997-02-20,17.78,219.33,3.38,-3.63,471.83,10.661854275838698
1997-02-21,0.0,269.32,1.76,-4.48,440.03,9.169526305659097
1997-02-22,0.0,346.56,4.9,-4.56,439.24,8.108315304642492
1997-02-23,0.0,324.69,6.94,-1.57,554.56,7.3953141633344615
1997-02-24,0.0,348.48,10.32,0.42,628.19,7.047104303625888
1997-02-25,0.0,305.58,7.66,0.27,623.67,7.080267147407658
1997-02-26,3.68,116.75,1.47,-1.78,540.36,6.997360037953235
1997-02-27,1.76,315.21,2.51,-5.24,419.17,6.649150178244661
1997-02-28,13.17,260.57,2.49,-5.89,395.29,6.23461463097255
1997-03-01,33.56,219.25,2.62,-3.47,475.78,6.23461463097255
1997-03-02,21.58,257.49,4.01,-3.68,471.95,6.499917381226702
1997-03-03,13.13,231.79,0.84,-5.55,406.29,6.085381833954591
1997-03-04,0.0,352.5,1.05,-6.51,377.98,5.621102021009826
1997-03-05,17.46,168.14,0.71,-3.48,477.04,5.372380692646559
1997-03-06,26.75,142.87,3.48,-0.13,604.45,6.201451787190782
1997-03-07,25.36,258.13,4.14,-2.96,494.94,8.871060711623178
1997-03-08,10.2,282.65,2.03,-5.99,393.81,7.246081366316502
1997-03-09,19.28,254.78,5.65,-1.13,564.91,8.307292367333106
1997-03-10,6.13,201.7,1.67,-3.32,482.59,8.124896726533377
1997-03-11,9.89,298.9,3.28,-5.18,420.33,7.13001141308031
1997-03-12,7.93,260.58,0.88,-5.6,405.86,6.334103162317858
1997-03-13,9.09,252.9,0.2,-6.05,392.47,5.770334818027786
1997-03-14,4.55,377.34,3.11,-5.92,394.5,5.322636426973906
1997-03-15,30.35,315.32,4.87,-4.11,454.8,6.665731600135546
1997-03-16,23.77,249.73,3.57,-2.53,510.46,9.186107727549981
1997-03-17,39.29,145.46,4.0,0.68,641.86,17.742121423246356
1997-03-18,115.01,147.65,6.67,3.31,776.25,103.46807259911893
1997-03-19,85.25,195.51,6.44,2.09,715.17,121.04437980345644
1997-03-20,19.7,303.57,6.31,-1.49,552.03,47.42286660792951
1997-03-21,1.91,451.78,8.5,-4.32,445.9,25.535389711962043
1997-03-22,0.0,477.7,9.81,-1.54,549.51,17.742121423246356
1997-03-23,0.0,290.81,3.92,-1.24,562.21,14.210278560487968
1997-03-24,0.0,483.9,8.85,-2.34,515.75,12.137600824127412
1997-03-25,0.0,533.54,12.69,-8.24,338.7,11.557251057946456
1997-03-26,8.76,269.6,4.71,-1.91,539.04,12.50239210572687
1997-03-27,13.35,237.88,3.23,-2.34,517.27,11.242204042019653
1997-03-28,11.34,302.39,4.33,-3.22,485.69,10.031760243985088
1997-03-29,10.46,365.42,8.84,-2.22,522.78,8.987130664859368
1997-03-30,1.86,458.32,9.3,-1.72,541.91,8.50626943002372
1997-03-31,12.73,306.49,2.84,-5.04,424.03,8.357036633005759
1997-04-01,3.9,422.87,4.23,-5.71,400.25,7.5611283822433055
1997-04-02,0.0,533.27,8.28,-5.16,418.93,7.063685725516773
1997-04-03,9.42,396.74,6.94,-2.99,494.33,6.798382975262622
1997-04-04,0.0,530.92,7.68,-5.36,412.6,6.383847427990511
1997-04-05,0.0,532.51,9.82,-3.86,458.84,6.101963255845475
1997-04-06,0.0,576.5,11.49,-8.86,317.41,5.902986193154861
1997-04-07,0.0,477.35,8.95,-1.98,530.18,5.786916239918671
1997-04-08,13.5,220.51,4.63,-1.07,567.41,5.737171974246017
1997-04-09,6.73,249.79,5.67,-0.28,597.81,5.737171974246017
1997-04-10,0.02,350.6,5.81,-0.95,572.24,5.770334818027786
1997-04-11,0.0,522.22,10.52,-2.09,526.31,5.621102021009826
1997-04-12,0.0,508.08,10.25,-1.76,540.3,5.505032067773635
1997-04-13,28.74,318.37,7.09,-1.61,548.6,5.936149036936631
1997-04-14,17.61,201.83,4.92,-0.12,606.54,5.985893302609283
1997-04-15,21.97,174.37,6.61,2.34,724.62,9.318759102677056
1997-04-16,21.03,315.15,9.04,0.57,644.71,35.8158712843104
1997-04-17,0.57,412.83,7.0,-1.57,549.36,20.063520487970177
1997-04-18,3.82,318.31,8.09,-0.73,582.31,13.066160450016941
1997-04-19,24.93,270.27,8.35,1.21,667.69,16.28295629684852
1997-04-20,30.47,354.54,9.99,-0.11,611.39,40.95611207048458
1997-04-21,0.0,446.46,8.6,-0.55,590.18,20.726777363605557
1997-04-22,15.61,320.93,9.07,0.13,616.6,15.951327859030833
1997-04-23,17.69,242.81,6.38,0.26,627.23,19.068635174517112
1997-04-24,2.52,390.51,8.23,-1.3,559.27,14.541906998305656
1997-04-25,0.33,391.32,9.51,2.21,719.34,12.50239210572687
1997-04-26,4.95,385.28,14.17,2.72,745.95,13.397788887834631
1997-04-27,7.7,244.77,6.33,0.18,622.73,14.392674201287699
1997-04-28,12.26,211.54,5.6,0.67,643.82,12.253670777363602
1997-04-29,13.88,271.37,6.07,-0.29,603.33,11.358273995255844
1997-04-30,16.31,272.11,6.12,-0.24,603.5,11.524088214164689
1997-05-01,14.97,266.65,3.67,-2.52,511.67,10.794505650965773
1997-05-02,8.59,438.36,11.5,-2.51,511.06,9.501154743476786
1997-05-03,14.34,446.27,16.89,0.41,633.55,10.346807259911893
1997-05-04,12.63,328.15,8.46,0.5,637.64,14.094208607251776
1997-05-05,12.96,433.34,16.34,1.82,702.7,28.685859871230086
1997-05-06,14.2,408.03,11.87,0.54,638.44,29.514930965774308
1997-05-07,0.0,576.51,13.63,0.64,641.41,18.405378298881732
1997-05-08,0.0,590.73,17.28,2.29,721.24,15.03934965503219
1997-05-09,0.0,634.02,17.43,-4.87,439.54,15.470466624195184
1997-05-10,0.0,598.77,19.79,2.69,744.3,16.74723610979329
1997-05-11,0.0,633.37,23.64,-2.17,529.55,18.23956407997289
1997-05-12,0.0,580.3,23.83,6.65,972.29,21.887476895967467
1997-05-13,0.0,531.55,20.1,6.74,980.67,22.550733771602843
1997-05-14,0.0,551.05,21.12,6.35,961.8,22.384919552694
1997-05-15,0.0,463.47,16.59,5.74,919.87,20.56096314469671
1997-05-16,0.0,503.78,17.05,4.6,851.98,17.57630720433751
1997-05-17,0.0,400.8,13.67,4.64,852.92,16.913050328702134
1997-05-18,0.0,522.32,17.84,4.32,829.57,14.873535436123344
1997-05-19,0.0,601.85,24.01,3.26,775.42,14.127371451033547
1997-05-20,2.52,258.22,8.5,2.18,717.74,13.182230403253133
1997-05-21,6.77,316.67,11.81,2.08,712.03,11.441181104710267
1997-05-22,0.0,453.57,10.81,0.26,627.41,10.346807259911893
1997-05-23,8.03,214.41,8.27,2.05,711.7,9.7001318061674
1997-05-24,3.24,309.67,10.42,1.02,660.48,9.40166621213148
1997-05-25,0.0,364.97,11.02,2.93,757.79,9.36850336834971
1997-05-26,0.0,430.42,13.96,3.94,814.48,9.982015978312434
1997-05-27,9.58,272.32,14.76,6.47,971.32,11.839135230091491
1997-05-28,16.06,219.95,13.35,6.76,990.51,19.4002636123348
1997-05-29,12.02,249.8,15.96,8.37,1112.27,18.57119251779058
1997-05-30,14.07,154.5,12.99,8.47,1118.87,20.229334706879023
1997-05-31,20.02,62.68,6.73,5.82,933.03,28.188417214503552
1997-06-01,8.36,254.5,11.27,3.87,810.21,19.566077831243643
1997-06-02,5.49,390.63,15.8,5.4,899.8,15.470466624195184
1997-06-03,18.01,408.53,20.87,5.07,884.77,21.72166267705862
1997-06-04,12.92,234.8,10.81,4.11,825.47,19.897706269061334
1997-06-05,5.51,204.72,8.56,2.8,751.77,15.022768233141306
1997-06-06,0.0,584.01,20.29,2.17,715.75,12.65162490274483
1997-06-07,2.77,165.57,8.07,3.87,810.37,11.706483854964416
1997-06-08,0.0,563.79,17.16,1.94,707.25,10.744761385293119
1997-06-09,0.0,554.25,17.81,3.17,768.68,10.429714369366314
1997-06-10,0.0,499.21,19.43,7.46,1037.07,11.242204042019653
1997-06-11,7.13,287.24,14.48,6.57,972.05,11.441181104710267
1997-06-12,6.31,419.69,19.98,4.82,866.34,10.114667353439511
1997-06-13,0.0,576.12,22.22,5.47,904.03,9.269014837004404
1997-06-14,0.0,608.8,18.03,-2.05,541.77,10.081504509657742
1997-06-15,0.0,592.81,17.6,-0.36,612.07,11.04322697932904
1997-06-16,0.0,298.19,14.96,8.9,1152.01,10.910575604201965
1997-06-17,14.18,279.91,14.61,7.01,1015.69,16.23321203117587
1997-06-18,10.15,410.21,19.55,5.03,882.64,12.867183387326328
1997-06-19,6.36,427.82,18.46,3.27,778.04,9.683550384276515
1997-06-20,4.55,412.73,18.51,3.54,790.84,8.32387378922399
1997-06-21,10.49,235.51,9.83,3.55,792.92,7.90933824195188
1997-06-22,8.86,211.48,9.37,3.75,802.08,7.90933824195188
1997-06-23,5.7,199.67,9.91,4.66,857.43,7.72694260115215
1997-06-24,1.6,471.11,18.38,4.22,830.32,7.229499944425617
1997-06-25,0.0,484.53,14.46,3.22,776.35,6.997360037953235
1997-06-26,3.62,418.06,19.57,3.14,772.7,6.98077861606235
1997-06-27,5.68,365.93,16.41,4.32,837.23,6.914452928498813
1997-06-28,6.33,278.23,12.72,4.46,845.23,6.649150178244661
1997-06-29,10.52,183.88,10.52,5.28,895.52,7.411895585225346
1997-06-30,6.16,229.16,11.87,5.1,880.77,6.682313022026431
1997-07-01,8.29,368.97,19.95,6.61,980.48,6.4501731155540485
1997-07-02,0.0,548.25,21.7,4.52,849.0,6.168288943409013
1997-07-03,0.0,520.16,21.46,6.24,953.25,6.168288943409013
1997-07-04,0.0,480.52,26.15,11.73,1378.04,6.615987334462893
1997-07-05,9.53,254.19,17.99,9.32,1185.68,7.328988475770925
1997-07-06,10.69,149.53,12.86,8.36,1111.09,7.3124070538800385
1997-07-07,0.0,334.85,14.26,6.35,963.1,6.317521740426972
1997-07-08,25.12,148.53,14.05,9.65,1211.83,18.405378298881732
1997-07-09,26.59,161.35,9.85,5.26,898.11,15.603117999322262
1997-07-10,7.62,202.11,10.81,5.03,881.77,9.186107727549981
1997-07-11,0.55,256.59,11.8,6.1,948.35,7.6108726479159605
1997-07-12,0.0,387.39,14.61,5.9,933.01,6.831545819044391
1997-07-13,0.0,560.93,18.13,-0.06,625.08,6.483335959335817
1997-07-14,0.0,314.04,18.14,11.23,1338.55,6.41701027177228
1997-07-15,2.25,261.27,14.13,8.59,1129.08,6.168288943409013
1997-07-16,0.0,462.24,17.51,6.47,970.86,5.803497661809556
1997-07-17,0.0,401.98,17.93,8.76,1141.07,5.52161348966452
1997-07-18,0.0,562.62,18.01,-1.01,584.01,5.272892161301253
1997-07-19,0.0,518.81,23.93,8.28,1102.59,5.040752254828871
1997-07-20,0.0,569.96,24.29,-0.3,615.66,5.024170832937986
1997-07-21,0.0,310.67,15.25,8.31,1104.76,4.874938035920026
1997-07-22,0.0,518.14,22.07,5.77,927.96,4.427239644866146
1997-07-23,0.0,323.13,14.23,6.65,979.93,4.095611207048457
1997-07-24,0.0,565.14,23.89,-1.37,569.23,3.979541253812266
1997-07-25,0.0,516.8,23.83,6.47,967.66,3.846889878685191
1997-07-26,0.0,437.11,18.04,6.29,956.5,3.714238503558115
1997-07-27,0.0,544.74,20.05,0.14,629.86,3.5981685503219247
1997-07-28,0.0,422.48,21.15,9.23,1178.52,3.5318428627583867
1997-07-29,0.0,373.02,18.09,8.09,1086.89,3.4655171751948486
1997-07-30,0.0,242.83,13.82,7.75,1061.08,3.299702956286004
1997-07-31,0.0,406.84,16.59,5.58,910.67,3.13388873737716
1997-08-01,0.0,452.46,19.79,6.67,980.92,3.0178187841409687
1997-08-02,0.0,530.37,17.83,-0.94,588.19,2.9349116746865467
1997-08-03,0.0,463.84,22.76,8.34,1107.5,2.8685859871230086
1997-08-04,0.0,396.9,22.0,10.61,1289.03,2.852004565232124
1997-08-05,0.0,407.91,24.1,11.86,1388.46,2.8188417214503554
1997-08-06,0.0,524.25,22.96,1.6,707.22,2.7525160338868173
1997-08-07,0.0,455.06,25.45,9.69,1215.02,2.6696089244323953
1997-08-08,0.0,500.23,19.1,0.45,645.41,2.5535389711962044
1997-08-09,0.0,509.47,22.8,1.77,705.71,2.4208875960691287
1997-08-10,0.0,513.0,24.76,1.91,715.13,2.3379804866147063
1997-08-11,0.0,369.3,25.43,12.21,1416.74,2.288236220942053
1997-08-12,0.0,335.18,25.15,13.62,1564.21,2.2384919552694
1997-08-13,0.0,488.84,22.87,2.13,732.45,2.2384919552694
1997-08-14,0.0,307.75,22.53,11.92,1393.31,2.1887476895967466
1997-08-15,0.0,466.79,19.34,0.47,651.59,2.1721662677058617
1997-08-16,0.0,468.98,23.17,3.03,769.11,2.0726777363605557
1997-08-17,0.0,349.06,23.65,10.69,1295.42,1.989770626906133
1997-08-18,0.0,444.84,18.52,0.82,667.37,1.8902820955608264
1997-08-19,0.0,334.69,21.29,9.42,1193.43,1.7907935642155197
1997-08-20,10.25,161.24,17.33,10.03,1242.1,1.7907935642155197
1997-08-21,0.03,253.71,17.04,8.63,1130.56,1.8239564079972888
1997-08-22,0.0,345.17,20.82,8.42,1113.29,1.724467876651982
1997-08-23,0.0,276.13,17.14,8.02,1083.95,1.6747236109793289
1997-08-24,10.17,125.28,13.25,8.03,1083.35,2.371143330396475
1997-08-25,12.62,169.11,15.85,8.76,1141.28,4.161936894611995
1997-08-26,13.15,98.81,12.18,8.34,1110.23,5.48845064588275
1997-08-27,16.16,148.01,13.71,7.82,1069.88,12.071275136563875
1997-08-28,10.12,128.29,12.84,7.8,1068.07,7.411895585225346
1997-08-29,5.28,136.39,14.49,9.04,1163.64,4.974426567265334
1997-08-30,0.0,300.55,16.71,7.26,1024.94,3.896634144357844
1997-08-31,0.0,316.48,18.56,8.34,1107.25,3.399191487631311
1997-09-01,1.52,284.06,18.62,9.47,1197.72,2.9846559403592
1997-09-02,0.0,348.15,17.59,6.3,960.74,2.7359346119959334
1997-09-03,0.0,259.02,16.26,8.31,1104.92,2.487213283632667
1997-09-04,0.0,268.08,15.73,7.55,1045.78,2.3213990647238223
1997-09-05,0.0,414.38,21.89,6.2,953.11,2.155584845814978
1997-09-06,0.0,273.77,13.15,4.92,869.7,2.0395148925787865
1997-09-07,0.0,391.5,19.25,5.66,913.73,1.906863517451711
1997-09-08,0.0,382.25,23.04,9.43,1194.36,1.7907935642155197
1997-09-09,0.0,376.98,24.99,11.44,1355.03,1.7410492985428665
1997-09-10,0.0,265.03,19.17,11.21,1336.47,1.7078864547610977
1997-09-11,0.0,191.7,13.13,7.85,1071.64,1.6747236109793289
1997-09-12,10.16,215.94,13.39,5.37,899.9,1.6415607671975598
1997-09-13,20.93,335.37,14.52,-3.53,485.3,1.608397923415791
1997-09-14,41.26,290.87,19.91,6.8,994.36,8.672083648932563
1997-09-15,26.84,122.99,8.92,4.84,869.07,15.089093920704842
1997-09-16,46.79,153.91,9.11,4.13,825.69,16.083979234157912
1997-09-17,52.46,142.21,9.6,5.17,888.72,47.588680826838356
1997-09-18,23.62,156.8,10.33,5.32,896.49,25.369575493053198
1997-09-19,0.0,355.86,15.04,4.65,854.85,12.635043480853945
1997-09-20,0.0,360.66,17.9,6.44,954.8,9.086619196204675
1997-09-21,0.0,417.55,21.71,0.81,652.3,7.411895585225346
1997-09-22,0.0,352.93,21.49,9.13,1170.56,6.400428849881394
1997-09-23,0.0,349.14,22.91,10.17,1253.85,5.720590552355134
1997-09-24,0.0,354.54,24.72,10.65,1292.1,5.2231478956286
1997-09-25,16.55,222.27,19.49,10.08,1246.01,4.974426567265334
1997-09-26,20.32,137.27,10.28,4.96,877.77,15.619699421213145
1997-09-27,19.96,119.26,9.92,5.28,893.21,19.897706269061334
1997-09-28,12.15,211.1,16.77,7.29,1027.79,13.032997606235172
1997-09-29,0.0,322.42,16.58,4.77,865.57,9.567480431040323
1997-09-30,11.28,122.11,12.66,7.75,1062.43,10.728179963402233
1997-10-01,22.64,147.81,11.28,5.28,897.72,22.384919552694
1997-10-02,21.45,169.01,11.07,4.06,821.7,28.02260299559471
1997-10-03,31.41,115.9,9.5,4.86,869.33,30.34400206031853
1997-10-04,33.88,125.31,9.79,4.76,863.8,49.578451453744485
1997-10-05,13.82,170.46,7.65,0.66,645.89,27.856788776685864
1997-10-06,0.0,207.33,6.68,0.31,629.19,16.74723610979329
1997-10-07,16.3,142.8,5.24,-0.54,590.13,12.867183387326328
1997-10-08,32.45,225.59,12.92,1.59,690.56,22.053291114876313
1997-10-09,47.05,213.98,11.97,1.54,688.3,48.08612348356489
1997-10-10,29.04,153.54,6.97,0.75,649.12,50.904965205015245
1997-10-11,0.61,193.69,5.53,-0.5,591.93,24.540504398508975
1997-10-12,4.6,170.68,6.83,-0.47,594.86,16.913050328702134
1997-10-13,6.06,138.86,8.05,2.41,730.0,13.9615572321247
1997-10-14,7.68,244.97,10.54,-3.98,468.96,12.518973527617755
1997-10-15,0.0,335.9,15.83,-2.8,512.99,11.723065276855301
1997-10-16,0.0,326.39,15.27,-1.8,550.29,10.910575604201965
1997-10-17,4.13,139.48,10.78,4.27,834.35,9.865946025076244
1997-10-18,0.0,215.34,8.04,0.39,631.03,8.672083648932563
1997-10-19,0.0,218.83,8.53,0.38,626.61,7.76010544493392
1997-10-20,0.0,312.38,8.63,-10.12,292.52,7.13001141308031
1997-10-21,0.0,293.81,10.2,-4.72,434.56,6.615987334462893
1997-10-22,17.46,133.45,8.17,1.54,682.72,6.251196052863435
1997-10-23,7.01,169.35,5.95,-1.11,565.98,5.853241927482208
1997-10-24,0.0,207.59,6.9,-1.11,565.34,5.505032067773635
1997-10-25,0.0,207.83,8.7,0.47,631.07,5.206566473737715
1997-10-26,0.22,184.24,8.65,1.51,683.36,5.107077942392409
1997-10-27,4.16,96.07,6.18,1.66,689.61,4.908100879701795
1997-10-28,32.76,178.83,13.33,1.58,687.96,6.184870365299897
1997-10-29,59.57,74.35,6.92,3.25,778.49,21.058405801423245
1997-10-30,47.65,105.79,8.6,3.11,771.51,63.34103162317857
1997-10-31,9.98,94.38,7.28,2.37,727.42,24.872132836326667
1997-11-01,4.48,100.62,7.18,1.9,703.11,14.923279701795998
1997-11-02,6.52,129.92,9.35,2.01,707.35,10.943738447983733
1997-11-03,6.63,101.59,9.42,3.79,802.56,11.275366885801422
1997-11-04,0.0,170.17,9.55,2.11,712.75,11.606995323619111
1997-11-05,4.17,105.72,11.38,5.95,928.72,9.51773616536767
1997-11-06,8.6,61.03,9.51,6.15,948.09,9.186107727549981
1997-11-07,5.7,59.15,7.07,3.9,810.81,8.47310658624195
1997-11-08,0.0,128.71,6.89,1.54,690.14,7.693779757370382
1997-11-09,0.0,116.31,5.88,0.83,648.2,7.047104303625888
1997-11-10,0.0,108.31,5.63,0.85,645.44,6.566243068790239
1997-11-11,0.0,227.6,5.24,-10.46,283.81,6.168288943409013
1997-11-12,0.0,201.39,4.88,-6.28,387.33,5.770334818027786
1997-11-13,0.0,113.32,5.36,-0.01,600.0,5.455287802100982
1997-11-14,0.0,218.92,7.29,-9.41,310.25,5.140240786174178
1997-11-15,0.0,128.27,6.23,0.09,607.53,4.874938035920026
1997-11-16,9.81,82.04,5.19,0.22,618.38,4.891519457810911
1997-11-17,18.01,62.69,4.83,1.14,665.06,7.262662788207386
1997-11-18,12.0,59.93,4.26,0.74,643.67,6.483335959335817
1997-11-19,33.17,44.57,3.11,0.7,645.82,11.408018260928497
1997-11-20,21.1,62.67,4.06,0.67,644.28,19.068635174517112
1997-11-21,12.53,83.48,2.67,-2.02,528.37,12.104437980345644
1997-11-22,19.66,103.95,4.63,-1.54,548.98,11.888879495764145
1997-11-23,35.84,72.51,5.47,1.39,678.24,45.76472441884107
1997-11-24,20.88,63.11,1.99,-1.58,548.35,28.188417214503552
1997-11-25,11.29,71.24,2.04,-1.91,534.39,16.74723610979329
1997-11-26,2.7,88.93,2.54,-1.77,541.86,12.585299215181292
1997-11-27,15.58,68.77,4.46,0.49,627.98,11.988368027109454
1997-11-28,29.88,82.37,4.62,-0.1,609.81,33.328658000677734
1997-11-29,37.16,81.42,4.56,-0.06,613.63,47.257052389020664
1997-11-30,18.64,35.64,2.2,0.32,627.64,29.18330252795662
1997-12-01,1.0,68.89,1.47,-1.55,547.6,18.73700673669942
1997-12-02,0.0,82.1,1.26,-2.44,510.92,14.110790029142663
1997-12-03,0.0,97.41,2.62,-1.79,537.59,11.557251057946456
1997-12-04,0.0,80.16,3.81,0.24,621.9,9.96543455642155
1997-12-05,0.0,171.89,6.53,-7.29,358.05,8.92080497729583
1997-12-06,0.0,114.12,3.94,-1.5,560.0,8.05857103896984
1997-12-07,6.9,69.55,3.78,-0.55,594.97,7.6108726479159605
1997-12-08,1.28,156.68,8.61,-4.32,446.59,7.1134299911894265
1997-12-09,5.25,95.12,1.48,-4.62,436.65,6.582824490681124
1997-12-10,10.27,67.16,3.46,-0.67,584.39,6.5330802250084705
1997-12-11,0.0,135.67,4.74,-2.07,527.29,6.068800412063706
1997-12-12,3.87,98.99,6.88,0.18,616.88,5.637683442900711
1997-12-13,0.0,132.1,7.53,0.56,637.48,5.339217848864791
1997-12-14,5.14,110.3,6.3,-2.22,522.51,6.101963255845475
1997-12-15,32.93,60.16,1.5,-2.08,526.85,6.499917381226702
1997-12-16,59.61,65.82,4.9,0.87,651.07,44.106582229752625
1997-12-17,26.09,91.23,2.25,-3.49,477.5,29.68074518468315
1997-12-18,8.69,87.26,0.51,-4.78,433.05,16.33270056252118
1997-12-19,8.56,55.95,0.98,-2.22,520.74,12.021530870891223
1997-12-20,10.75,64.43,1.41,-2.3,519.5,11.30852972958319
1997-12-21,8.04,81.53,-1.49,-6.22,388.94,9.63380611860386
1997-12-22,7.71,99.25,0.29,-5.66,401.08,8.556013695696372
1997-12-23,6.01,101.81,1.99,-3.43,475.67,7.826431132497457
1997-12-24,2.81,83.98,-0.74,-5.17,419.78,7.1134299911894265
1997-12-25,0.0,173.07,0.44,-11.37,266.1,6.566243068790239
1997-12-26,9.91,109.62,3.53,-3.83,464.05,6.383847427990511
1997-12-27,11.87,81.34,1.49,-3.29,482.94,6.184870365299897
1997-12-28,13.8,96.15,7.32,1.2,666.0,7.859593976279226
1997-12-29,1.65,101.16,6.47,1.84,702.87,9.932271712639782
1997-12-30,0.2,173.52,4.96,-8.54,331.56,8.257548101660452
1997-12-31,22.36,145.89,5.32,-10.24,290.76,7.3953141633344615
1998-01-01,13.0,128.41,3.33,-4.73,434.3,8.804735024059639
1998-01-02,8.29,109.2,-1.89,-7.43,354.6,7.892756820060995
1998-01-03,7.45,75.78,-1.66,-5.08,423.61,7.080267147407658
1998-01-04,19.61,91.12,0.55,-3.58,471.5,6.632568756353777
1998-01-05,28.87,69.15,0.53,-2.51,510.89,6.582824490681124
1998-01-06,25.16,72.15,1.92,-1.26,557.64,7.527965538461538
1998-01-07,0.0,162.99,0.41,-5.71,404.24,7.179755678752963
1998-01-08,0.0,132.27,-4.54,-8.98,314.89,6.334103162317858
1998-01-09,0.0,152.38,-3.8,-9.13,308.41,5.753753396136902
1998-01-10,0.0,171.28,-5.82,-11.97,246.41,5.289473583192137
1998-01-11,0.0,175.96,-6.0,-12.33,239.64,4.874938035920026
1998-01-12,22.6,20.63,-10.4,-9.26,306.48,4.74228666079295
1998-01-13,53.55,58.7,1.95,-0.44,593.49,6.566243068790239
1998-01-14,45.44,85.0,2.8,-0.63,586.69,20.395148925787865
1998-01-15,23.0,98.98,1.96,-2.1,527.62,18.73700673669942
1998-01-16,32.43,93.14,2.89,-0.88,575.54,12.65162490274483
1998-01-17,26.48,82.38,3.59,0.39,632.29,22.053291114876313
1998-01-18,28.73,70.15,4.39,1.65,691.73,31.338887373771595
1998-01-19,16.83,108.94,3.35,-0.99,572.66,28.188417214503552
1998-01-20,13.89,130.47,2.36,-3.13,488.34,17.078864547610976
1998-01-21,18.99,80.56,0.2,-2.81,500.17,13.314881778380208
1998-01-22,34.64,112.35,2.08,-2.33,516.42,11.374855417146728
1998-01-23,56.06,69.63,4.16,1.53,683.74,55.547763334462886
1998-01-24,47.82,35.36,2.2,1.04,660.5,51.73403629955946
1998-01-25,37.65,89.06,3.44,0.06,616.22,39.79541253812267
1998-01-26,17.66,111.26,4.3,0.06,617.18,45.267281762114536
1998-01-27,7.94,125.74,3.51,-1.31,557.95,24.70631861741782
1998-01-28,9.66,101.49,5.41,1.69,693.75,22.550733771602843
1998-01-29,8.41,94.81,4.59,1.18,670.67,25.535389711962043
1998-01-30,8.32,122.57,4.29,-0.35,597.48,23.379804866147065
1998-01-31,0.0,233.35,7.01,-1.51,550.77,17.244678766519822
1998-02-01,12.76,131.48,4.35,-0.76,581.81,14.707721217214502
1998-02-02,13.55,121.52,2.74,-1.66,543.74,14.59165126397831
1998-02-03,8.41,133.0,3.51,-1.24,560.52,12.91692765299898
1998-02-04,10.56,141.51,6.71,1.62,689.13,12.751113434090136
1998-02-05,11.68,191.76,12.67,1.05,660.32,17.244678766519822
1998-02-06,6.57,81.72,4.57,1.71,692.55,15.089093920704842
1998-02-07,7.17,198.58,14.49,1.18,667.02,14.110790029142663
1998-02-08,16.92,100.9,2.85,-0.66,584.65,16.581421890884446
1998-02-09,10.85,178.09,2.6,-4.31,446.65,15.569955155540493
1998-02-10,17.61,208.06,10.86,-1.69,543.86,13.198811825144016
1998-02-11,30.2,112.93,2.66,-1.1,566.98,12.867183387326328
1998-02-12,42.7,127.54,4.26,-0.03,613.36,29.017488309047774
1998-02-13,25.11,93.14,2.89,-0.14,607.75,30.012373622500842
1998-02-14,16.07,115.87,3.64,-0.06,610.33,20.395148925787865
1998-02-15,10.12,181.99,4.41,-2.19,523.87,15.370978092849878
1998-02-16,6.1,175.0,4.13,-2.08,528.26,12.767694855981022
1998-02-17,12.26,145.17,3.59,-1.23,561.74,11.04322697932904
1998-02-18,32.6,212.76,8.89,-0.36,597.65,15.686025108776683
1998-02-19,19.15,96.29,3.59,0.61,641.97,25.03794705523551
1998-02-20,32.83,105.71,2.13,-1.11,566.62,17.9079356421552
1998-02-21,41.93,116.15,1.71,-1.77,539.74,16.150304921721446
1998-02-22,14.6,199.72,2.38,-4.39,446.47,13.447533153507283
1998-02-23,1.23,279.09,2.17,-5.84,395.36,11.026645557438156
1998-02-24,6.71,140.63,-2.34,-6.75,369.16,9.434829055913248
1998-02-25,9.04,214.55,1.58,-5.36,412.84,8.489688008132834
1998-02-26,3.58,240.4,2.33,-6.0,393.82,7.57770980413419
1998-02-27,5.23,251.67,2.35,-6.76,371.09,6.9476157722805825
1998-02-28,20.38,211.33,4.86,-1.74,541.1,7.030522881735004
1998-03-01,16.96,122.97,4.74,1.29,673.63,9.733294649949167
1998-03-02,4.95,247.29,3.33,-4.93,429.52,8.738409336496101
1998-03-03,5.8,231.0,2.1,-5.06,422.74,7.677198335479497
1998-03-04,4.48,235.41,1.16,-6.21,388.84,6.9476157722805825
1998-03-05,0.0,348.86,2.34,-6.39,383.24,6.3672660060996265
1998-03-06,0.0,331.41,2.3,-5.66,400.56,5.919567615045746
1998-03-07,10.04,299.13,5.13,-6.52,377.66,5.52161348966452
1998-03-08,15.13,220.33,4.73,-1.74,541.47,5.405543536428328
1998-03-09,21.66,180.49,4.49,-0.28,600.48,6.566243068790239
1998-03-10,12.75,130.82,4.03,0.67,643.21,7.080267147407658
1998-03-11,6.52,174.58,6.43,1.79,698.05,8.439943742460182
1998-03-12,3.95,197.84,8.8,3.55,790.16,13.497277419179937
1998-03-13,0.0,309.81,8.68,2.35,726.7,18.073749861064044
1998-03-14,0.49,352.62,9.53,1.25,673.29,14.309767091833274
1998-03-15,2.86,243.51,7.6,1.32,676.57,11.839135230091491
1998-03-16,0.0,359.4,5.93,-2.03,531.13,10.529202900711622
1998-03-17,0.0,419.57,7.26,-4.25,448.13,9.152944883768212
1998-03-18,0.0,414.75,11.29,-0.18,601.79,8.257548101660452
1998-03-19,0.0,423.38,13.27,0.58,634.48,7.710361179261265
1998-03-20,0.0,427.44,13.98,0.92,650.45,7.594291226025074
1998-03-21,21.31,148.96,7.06,2.86,752.84,9.501154743476786
1998-03-22,24.8,254.04,9.06,1.5,687.92,30.178187841409684
1998-03-23,25.3,204.42,7.17,1.47,684.01,26.19864658759742
1998-03-24,18.42,206.23,6.94,1.26,673.51,32.49958690613351
1998-03-25,8.47,229.79,5.83,-0.53,592.16,20.395148925787865
1998-03-26,7.69,315.04,5.91,-4.77,434.44,14.85695401423246
1998-03-27,5.44,252.42,1.49,-5.47,410.03,11.872298073873262
1998-03-28,0.85,452.2,7.04,-6.81,369.04,9.932271712639782
1998-03-29,0.0,470.23,9.05,-4.77,432.34,8.638920805150795
1998-03-30,7.33,231.04,4.9,-1.41,554.15,7.8098497106065725
1998-03-31,6.15,179.24,3.63,-1.02,571.22,7.179755678752963
1998-04-01,0.0,390.69,5.92,-2.66,506.48,6.615987334462893
1998-04-02,0.0,426.29,6.21,-3.75,468.41,6.135126099627244
1998-04-03,5.32,308.08,7.24,-1.95,533.32,5.786916239918671
1998-04-04,0.0,343.68,6.96,-0.11,607.01,5.52161348966452
1998-04-05,6.65,278.4,5.59,-2.24,522.5,5.289473583192137
1998-04-06,8.71,335.03,7.4,-3.38,480.67,5.040752254828871
1998-04-07,12.2,322.04,6.78,-3.1,490.3,4.8417751921382575
1998-04-08,0.02,430.97,4.67,-5.1,421.46,4.5930538637749905
1998-04-09,9.81,339.42,6.22,-4.81,432.31,4.410658222975262
1998-04-10,17.79,221.55,5.31,-0.62,587.32,4.62621670755676
1998-04-11,13.49,322.85,7.21,-2.78,501.89,4.9246823015926795
1998-04-12,9.72,317.31,6.18,-3.49,477.08,4.4769839105388
1998-04-13,3.65,332.74,8.01,-2.61,508.14,4.377495379193493
1998-04-14,1.82,452.45,7.9,-3.35,480.23,4.244844004066417
1998-04-15,0.0,472.57,9.46,-2.72,503.52,4.045866941375804
1998-04-16,1.53,460.68,11.81,-1.52,550.54,3.979541253812266
1998-04-17,0.01,448.15,9.44,-1.31,558.53,3.9132155662487285
1998-04-18,2.43,308.73,9.18,1.09,664.34,4.128774050830226
1998-04-19,0.0,423.42,7.3,-2.15,524.12,4.2282625821755335
1998-04-20,0.0,528.23,15.7,-1.6,547.58,4.128774050830226
1998-04-21,0.0,420.49,12.77,2.9,756.48,4.874938035920026
1998-04-22,0.0,503.39,18.01,2.71,744.88,6.334103162317858
1998-04-23,4.3,377.45,17.44,1.33,676.57,8.2078038359878
1998-04-24,3.82,221.05,4.88,-1.57,549.8,7.3621513195526935
1998-04-25,1.38,469.0,10.35,-1.85,536.71,6.068800412063706
1998-04-26,0.0,475.87,12.61,-0.28,599.12,5.471869223991867
1998-04-27,0.0,518.75,18.84,1.72,690.98,5.919567615045746
1998-04-28,0.0,494.06,18.77,3.85,805.68,7.925919663842764
1998-04-29,0.0,510.95,21.53,4.27,830.57,10.280481572348355
1998-04-30,0.0,476.81,22.46,7.29,1023.0,13.712835903761434
1998-05-01,0.0,450.44,21.39,7.85,1067.94,18.405378298881732
1998-05-02,0.0,360.21,14.71,5.57,914.55,19.234449393425955
1998-05-03,0.0,370.49,14.14,4.81,866.97,15.52021088986784
1998-05-04,0.0,476.69,18.98,4.29,835.96,14.65797695154185
1998-05-05,0.0,470.9,19.57,5.0,874.73,15.370978092849878
1998-05-06,0.0,385.13,14.28,4.14,828.12,15.752350796340222
1998-05-07,0.0,310.87,11.6,3.94,814.72,14.558488420196541
1998-05-08,0.0,211.21,7.55,2.61,742.63,12.402903574381565
1998-05-09,0.0,282.72,8.77,2.11,715.58,10.41313294747543
1998-05-10,0.0,216.37,8.95,3.96,815.4,9.40166621213148
1998-05-11,0.0,146.22,5.6,2.42,730.86,9.036874930532022
1998-05-12,4.28,387.0,15.38,1.36,676.87,8.754990758386986
1998-05-13,5.72,184.67,7.68,2.11,717.26,9.351921946458825
1998-05-14,11.09,260.54,9.38,1.27,674.31,9.451410477804133
1998-05-15,10.83,263.59,8.26,0.16,623.44,8.9539678210776
1998-05-16,0.0,497.36,12.73,-1.14,564.68,7.594291226025074
1998-05-17,0.0,305.94,9.09,2.24,719.7,6.897871506607928
1998-05-18,0.0,506.76,16.7,1.55,690.51,6.682313022026431
1998-05-19,0.0,520.28,16.28,0.18,622.07,6.665731600135546
1998-05-20,0.0,403.23,14.6,4.57,848.23,7.246081366316502
1998-05-21,0.0,139.96,7.13,4.31,836.77,8.589176539478142
1998-05-22,0.0,247.71,8.7,3.43,785.66,8.522850851914603
1998-05-23,9.92,239.38,10.55,3.9,813.33,8.124896726533377
1998-05-24,14.08,379.49,17.39,2.52,739.37,11.839135230091491
1998-05-25,11.4,192.71,5.84,0.48,635.51,11.225622620128767
1998-05-26,9.02,260.04,6.88,-0.45,594.41,8.290710945442223
1998-05-27,16.96,194.71,6.79,1.71,697.78,7.494802694679769
1998-05-28,0.0,543.7,16.95,0.52,637.51,7.047104303625888
1998-05-29,0.0,402.42,16.03,7.04,1003.1,7.461639850897999
1998-05-30,0.0,106.4,6.66,5.43,903.85,8.688665070823447
1998-05-31,0.0,561.25,15.63,-2.54,522.82,8.821316445950524
1998-06-01,0.0,336.62,11.89,5.19,887.69,10.197574462893932
1998-06-02,0.0,513.18,18.31,4.79,861.23,9.948853134530667
1998-06-03,0.0,561.83,18.25,-1.45,566.42,10.56236574449339
1998-06-04,0.0,394.28,15.13,6.9,999.88,10.429714369366314
1998-06-05,0.0,425.99,14.85,5.7,920.88,9.932271712639782
1998-06-06,0.0,522.49,18.57,4.19,828.23,9.749876071840053
1998-06-07,0.0,555.1,18.33,-0.3,614.82,10.877412760420194
1998-06-08,0.0,551.71,18.64,-0.2,618.01,11.109552666892577
1998-06-09,5.28,419.09,16.28,-0.55,605.5,11.026645557438156
1998-06-10,8.25,97.55,9.4,6.81,995.74,10.77792422907489
1998-06-11,2.99,214.11,13.46,7.28,1027.15,9.716713228058284
1998-06-12,0.0,386.11,16.46,7.43,1036.6,8.9539678210776
1998-06-13,0.0,224.11,12.64,7.83,1066.24,9.186107727549981
1998-06-14,0.0,348.51,14.04,6.34,963.8,8.539432273805488
1998-06-15,0.0,252.34,8.69,3.53,793.53,8.02540819518807
1998-06-16,0.0,451.23,12.89,2.14,715.54,7.096848569298542
1998-06-17,0.0,353.14,12.93,5.39,900.13,6.897871506607928
1998-06-18,1.25,176.14,7.82,4.3,835.9,6.765220131480853
1998-06-19,5.55,270.19,11.31,4.06,821.1,6.383847427990511
1998-06-20,0.0,488.04,18.75,6.21,952.83,6.23461463097255
1998-06-21,0.0,517.5,19.31,4.45,845.06,6.964197194171466
1998-06-22,0.0,555.05,18.07,-1.18,573.7,7.345569897661809
1998-06-23,0.0,93.06,8.66,7.52,1045.74,7.262662788207386
1998-06-24,7.53,257.26,12.96,5.56,911.38,6.914452928498813
1998-06-25,6.25,163.95,8.26,3.84,807.7,6.682313022026431
1998-06-26,7.27,220.2,9.13,2.99,763.24,5.803497661809556
1998-06-27,0.0,521.23,19.73,4.35,828.71,5.2231478956286
1998-06-28,0.0,419.29,19.56,9.22,1174.7,5.090496520501524
1998-06-29,0.0,464.58,22.37,9.72,1197.94,5.5879391772280576
1998-06-30,0.0,372.37,19.89,11.18,1333.93,6.019056146391053
1998-07-01,0.0,382.11,20.03,11.0,1318.77,6.300940318536089
1998-07-02,0.0,428.6,20.77,10.13,1243.25,6.068800412063706
1998-07-03,24.44,144.06,12.97,9.14,1171.28,5.952730458827515
1998-07-04,24.6,98.35,11.51,9.09,1167.45,5.438706380210097
1998-07-05,0.0,501.6,14.21,0.95,674.24,5.024170832937986
1998-07-06,0.0,438.67,19.21,8.88,1150.79,4.8417751921382575
1998-07-07,0.0,126.18,15.33,13.72,1575.64,4.808612348356489
1998-07-08,0.0,252.73,17.59,12.65,1452.64,4.642798129447645
1998-07-09,0.0,483.06,20.24,8.8,1128.86,4.526728176211453
1998-07-10,0.0,162.73,11.55,9.12,1169.1,4.311169691629956
1998-07-11,2.47,298.43,14.22,7.87,1070.93,4.211681160284649
1998-07-12,1.53,250.13,11.64,6.94,1004.92,4.012704097594035
1998-07-13,6.86,286.85,13.13,6.37,966.64,3.797145613012537
1998-07-14,18.04,142.66,12.11,8.71,1137.51,5.9693118807184
1998-07-15,24.89,47.62,14.06,14.73,1677.74,10.214155884784818
1998-07-16,0.0,504.92,24.07,10.19,1217.26,6.615987334462893
1998-07-17,0.0,399.93,19.21,10.91,1309.8,5.272892161301253
1998-07-18,0.0,371.86,18.05,10.64,1291.22,4.725705238902067
1998-07-19,0.0,377.01,16.33,8.91,1152.71,4.3443325354117235
1998-07-20,0.0,523.07,21.0,5.61,896.76,3.9961226757031505
1998-07-21,0.0,495.66,26.26,11.96,1360.66,3.863471300576075
1998-07-22,0.0,476.35,25.48,13.0,1460.69,3.88005272246696
1998-07-23,0.0,116.01,13.25,12.51,1440.61,3.88005272246696
1998-07-24,0.0,257.76,19.18,14.17,1614.86,3.6976570816672307
1998-07-25,0.0,535.41,25.57,3.94,782.58,3.548424284649271
1998-07-26,0.0,505.4,30.65,12.18,1343.1,3.448935753303964
1998-07-27,0.0,531.05,30.3,5.98,886.68,3.3162843781768885
1998-07-28,0.0,456.16,28.99,15.31,1695.29,3.2665401125042353
1998-07-29,0.0,420.45,26.39,15.13,1705.48,3.1504701592680444
1998-07-30,0.0,309.02,19.59,12.83,1473.43,3.0178187841409687
1998-07-31,0.0,238.27,16.69,11.78,1383.68,2.901748830904778
1998-08-01,0.0,357.83,16.97,9.23,1178.24,2.7359346119959334
1998-08-02,0.0,496.67,23.98,7.89,1045.14,2.5867018149779732
1998-08-03,0.0,461.15,24.83,11.07,1306.91,2.487213283632667
1998-08-04,0.0,471.06,24.93,10.33,1244.55,2.4043061741782443
1998-08-05,0.0,491.92,19.82,4.27,833.55,2.3213990647238223
1998-08-06,0.0,367.94,17.6,8.49,1119.31,2.3048176428329374
1998-08-07,0.0,504.57,16.54,-0.92,587.69,2.205329111487631
1998-08-08,0.0,443.15,20.29,7.24,1016.92,2.139003423924093
1998-08-09,0.0,403.59,19.46,8.09,1085.71,2.0892591582514397
1998-08-10,0.0,463.2,19.5,4.46,851.65,2.0063520487970177
1998-08-11,0.0,350.65,20.66,10.81,1305.03,1.9731892050152489
1998-08-12,0.0,408.26,23.88,11.01,1317.07,1.9566077831243642
1998-08-13,0.0,389.11,25.99,13.38,1527.05,1.94002636123348
1998-08-14,0.0,348.94,22.7,11.93,1390.91,1.906863517451711
1998-08-15,0.0,170.61,12.0,7.49,1044.68,1.8571192517790576
1998-08-16,0.0,135.97,8.73,5.36,902.27,1.7742121423246355
1998-08-17,21.35,169.2,10.5,4.55,850.05,1.7078864547610977
1998-08-18,0.0,221.8,11.36,5.55,911.94,1.6747236109793289
1998-08-19,0.0,442.73,20.36,5.31,891.88,1.608397923415791
1998-08-20,0.0,386.83,22.36,10.17,1250.82,1.5918165015249066
1998-08-21,0.0,365.89,19.18,8.31,1104.17,1.5918165015249066
1998-08-22,0.0,305.96,15.39,6.75,989.18,1.5752350796340222
1998-08-23,0.0,100.63,9.31,7.29,1027.52,1.5586536577431376
1998-08-24,0.0,477.8,17.46,-1.7,540.64,1.5089093920704844
1998-08-25,0.0,349.07,17.31,7.13,1003.51,1.459165126397831
1998-08-26,0.0,103.51,11.09,9.32,1185.35,1.426002282616062
1998-08-27,0.0,435.49,21.33,6.65,929.7,1.4094208607251777
1998-08-28,0.0,430.3,26.03,10.46,1182.03,1.3762580169434087
1998-08-29,0.0,348.07,22.48,11.82,1351.79,1.3762580169434087
1998-08-30,0.0,384.52,23.52,10.8,1261.76,1.3762580169434087
1998-08-31,0.0,410.22,27.84,12.24,1343.42,1.3265137512707557
1998-09-01,0.0,379.27,24.61,11.53,1313.35,1.309932329379871
1998-09-02,0.0,311.2,22.44,12.75,1444.79,1.2601880637072178
1998-09-03,0.0,364.75,23.26,11.17,1301.71,1.2601880637072178
1998-09-04,0.0,372.92,21.04,8.77,1113.15,1.2601880637072178
1998-09-05,0.0,373.27,20.34,7.95,1055.29,1.2270252199254488
1998-09-06,0.0,395.84,22.81,8.62,1093.44,1.19386237614368
1998-09-07,0.0,298.13,20.49,11.29,1334.7,1.19386237614368
1998-09-08,0.0,143.27,10.5,6.68,980.19,1.392839438834293
1998-09-09,0.0,270.81,11.15,3.64,793.74,1.2104437980345644
1998-09-10,0.0,359.75,15.73,4.54,833.22,1.1772809542527956
1998-09-11,0.0,284.3,18.93,10.48,1262.86,1.1606995323619111
1998-09-12,0.0,281.28,19.16,10.84,1296.01,1.127536688580142
1998-09-13,0.0,292.64,16.46,7.95,1068.12,1.1109552666892577
1998-09-14,0.0,281.91,18.67,10.2,1247.1,1.0943738447983733
1998-09-15,0.0,391.21,23.12,7.56,1004.47,1.0612110010166043
1998-09-16,0.0,344.45,20.01,8.03,1064.19,1.0280481572348354
1998-09-17,6.02,224.19,14.46,5.87,929.91,1.0280481572348354
1998-09-18,8.29,274.77,21.2,6.39,967.67,1.3762580169434087
1998-09-19,2.0,221.82,11.71,5.16,887.89,1.2436066418163334
1998-09-20,0.0,315.78,15.25,4.82,863.64,1.1109552666892577
1998-09-21,0.0,298.87,18.35,8.18,1093.67,1.0446295791257199
1998-09-22,0.0,326.72,19.87,7.7,1053.56,0.9948853134530665
1998-09-23,0.0,295.84,19.1,8.7,1133.72,0.9783038915621821
1998-09-24,0.0,125.57,12.44,8.57,1125.5,0.9451410477804132
1998-09-25,4.33,124.39,10.69,5.62,914.86,0.9451410477804132
1998-09-26,3.59,251.11,16.6,4.46,840.11,0.9451410477804132
1998-09-27,0.0,330.42,19.87,6.98,995.17,0.8953967821077599
1998-09-28,0.0,287.94,17.54,7.22,1015.79,0.8788153602168755
1998-09-29,0.0,285.77,17.19,7.01,1000.16,0.862233938325991
1998-09-30,0.0,309.0,19.6,7.76,1058.61,0.862233938325991
1998-10-01,6.0,181.32,12.6,4.67,856.72,0.862233938325991
1998-10-02,13.41,162.65,9.6,2.73,747.68,1.309932329379871
1998-10-03,5.69,233.05,15.08,2.66,744.9,2.4540504398508975
1998-10-04,6.84,139.88,7.7,1.84,702.55,2.0063520487970177
1998-10-05,0.0,301.2,17.91,6.07,938.16,1.309932329379871
1998-10-06,0.0,330.43,21.69,5.85,919.52,1.1606995323619111
1998-10-07,5.32,193.0,16.01,6.49,960.93,0.9948853134530665
1998-10-08,11.59,132.52,8.77,2.95,764.5,2.7525160338868173
1998-10-09,9.0,138.29,7.74,1.62,692.95,4.278006847848186
1998-10-10,15.63,151.13,7.6,0.81,650.13,2.2716547990511686
1998-10-11,20.28,172.33,9.35,1.22,669.47,1.6747236109793289
1998-10-12,37.54,41.96,7.14,5.78,922.27,22.71654799051169
1998-10-13,18.39,118.31,9.55,4.31,837.72,16.74723610979329
1998-10-14,12.58,104.79,6.02,1.45,685.41,10.147830197221278
1998-10-15,0.0,170.81,4.91,-0.66,585.82,6.151707521518128
1998-10-16,5.48,175.48,8.86,0.53,636.4,4.410658222975262
1998-10-17,8.28,166.88,8.31,0.46,638.12,4.128774050830226
1998-10-18,0.0,85.23,7.0,4.63,850.71,3.548424284649271
1998-10-19,0.0,263.84,10.39,-0.11,605.92,3.0012373622500843
1998-10-20,0.0,244.56,13.94,4.07,813.37,2.6696089244323953
1998-10-21,0.0,242.33,14.4,4.37,831.05,2.4540504398508975
1998-10-22,0.0,244.26,14.43,4.18,818.15,2.255073377160284
1998-10-23,0.0,180.53,11.9,5.18,894.0,2.1058405801423246
1998-10-24,2.35,109.63,10.95,6.69,975.44,2.0063520487970177
1998-10-25,3.35,136.46,10.11,3.53,788.98,1.906863517451711
1998-10-26,4.37,88.17,11.85,7.65,1051.81,1.8239564079972888
1998-10-27,1.12,195.82,10.7,2.62,741.28,1.7907935642155197
1998-10-28,1.44,126.03,3.87,-0.75,581.85,1.757630720433751
1998-10-29,0.0,205.91,5.5,-2.29,516.29,1.6747236109793289
1998-10-30,0.0,182.5,6.68,-0.02,608.3,1.608397923415791
1998-10-31,4.41,31.87,6.64,5.91,926.01,1.7907935642155197
1998-11-01,8.36,96.95,5.93,1.53,687.63,1.8239564079972888
1998-11-02,8.72,91.79,6.38,2.23,718.55,2.0726777363605557
1998-11-03,9.19,21.92,4.82,6.63,970.65,2.255073377160284
1998-11-04,14.1,88.12,7.44,3.54,790.09,4.360913957302609
1998-11-05,28.69,110.02,4.25,-0.57,594.47,4.2614254259573014
1998-11-06,22.2,56.91,2.12,-0.26,600.57,3.763982769230769
1998-11-07,0.0,135.2,2.22,-2.36,515.21,3.216795846831582
1998-11-08,0.0,168.01,3.39,-2.56,509.11,2.702771768214164
1998-11-09,4.64,100.1,2.57,-2.0,529.52,2.4540504398508975
1998-11-10,3.82,106.52,3.79,-1.08,566.12,2.4208875960691287
1998-11-11,4.05,67.06,3.82,0.86,649.71,2.371143330396475
1998-11-12,46.97,54.19,5.36,2.97,759.66,10.943738447983733
1998-11-13,67.8,72.55,8.06,4.78,860.67,61.185446777363595
1998-11-14,53.93,67.2,6.92,3.92,813.19,34.98680018976618
1998-11-15,47.77,117.36,6.56,0.68,648.45,81.91222414096916
1998-11-16,22.17,152.33,13.27,-0.11,610.46,38.137270349034225
1998-11-17,0.0,153.01,4.22,-1.88,535.19,19.566077831243643
1998-11-18,2.09,122.41,3.1,-1.94,532.73,12.701369168417484
1998-11-19,33.16,76.46,2.09,-1.61,546.1,11.822553808200608
1998-11-20,55.0,98.58,6.5,1.47,681.47,58.53241927482208
1998-11-21,41.91,67.66,3.12,-0.06,613.17,41.12192628939342
1998-11-22,37.01,61.65,0.92,-1.9,536.98,24.374690179600133
1998-11-23,36.43,139.69,10.99,-0.97,571.06,22.550733771602843
1998-11-24,64.53,135.62,10.95,-0.08,609.96,40.2928551948492
1998-11-25,70.2,127.38,9.41,0.26,627.48,48.417751921382575
1998-11-26,21.85,54.39,3.07,0.35,630.35,41.12192628939342
1998-11-27,7.62,89.24,2.51,-2.26,521.25,24.540504398508975
1998-11-28,11.81,81.77,1.28,-3.04,491.4,17.57630720433751
1998-11-29,20.27,61.0,1.46,-1.61,546.41,14.226859982378853
1998-11-30,18.34,59.24,0.26,-2.74,502.73,11.90546091765503
1998-12-01,54.42,66.96,1.3,-2.17,523.09,12.05469371467299
1998-12-02,37.78,96.61,2.13,-3.29,483.69,12.933509074889866
1998-12-03,5.08,85.84,-1.48,-5.36,413.23,10.77792422907489
1998-12-04,4.21,91.33,-1.0,-5.9,394.73,8.92080497729583
1998-12-05,12.58,44.17,-2.4,-4.58,438.54,8.02540819518807
1998-12-06,18.02,95.11,-0.31,-5.47,410.61,7.096848569298542
1998-12-07,29.25,45.79,-0.38,-2.7,506.1,6.914452928498813
1998-12-08,15.42,92.82,0.17,-4.42,442.85,6.300940318536089
1998-12-09,4.28,86.3,2.15,-2.5,512.94,5.9693118807184
1998-12-10,6.87,76.47,3.93,-0.23,601.25,9.119782039986445
1998-12-11,26.22,75.62,2.63,-1.45,554.82,11.225622620128767
1998-12-12,73.22,72.5,6.51,2.38,727.42,62.67777474754319
1998-12-13,42.9,119.19,5.95,-2.72,507.28,102.30737306675701
1998-12-14,11.8,97.97,1.67,-4.29,448.46,33.66028643849542
1998-12-15,12.15,90.3,4.13,-1.15,564.55,21.72166267705862
1998-12-16,5.86,15.93,5.79,6.22,940.33,17.57630720433751
1998-12-17,0.02,148.72,3.59,-3.63,474.06,15.503629467976955
1998-12-18,0.0,131.89,-2.27,-8.21,330.3,13.215393247034902
1998-12-19,4.14,109.86,-7.56,-13.68,217.4,11.242204042019653
1998-12-20,1.33,109.16,-11.14,-15.52,188.02,9.716713228058284
1998-12-21,0.0,176.03,-2.2,-12.16,243.16,8.887642133514062
1998-12-22,0.0,151.46,-5.95,-12.77,229.57,8.14147814842426
1998-12-23,0.0,175.19,0.13,-9.68,291.08,7.494802694679769
1998-12-24,17.07,132.37,3.58,-6.63,373.33,7.445058429007115
1998-12-25,24.89,68.69,2.0,-1.62,543.61,7.710361179261265
1998-12-26,28.84,61.57,0.86,-2.48,511.99,8.83789786784141
1998-12-27,54.07,105.59,4.83,-1.46,550.85,14.110790029142663
1998-12-28,44.22,45.09,5.05,2.66,742.84,26.364460806506266
1998-12-29,41.38,104.27,7.43,1.22,672.06,46.59379551338529
1998-12-30,18.25,86.68,4.89,0.1,619.22,31.00725893595391
1998-12-31,7.19,105.99,4.76,-1.52,552.66,22.219105333785155
1999-01-01,0.32,114.5,1.92,-3.32,480.86,16.365863406302946
1999-01-02,0.0,154.74,4.19,-4.23,448.18,12.83402054354456
1999-01-03,0.0,137.79,6.12,-0.8,577.11,10.811087072856656
1999-01-04,0.0,134.66,8.06,1.4,672.29,9.716713228058284
1999-01-05,0.0,133.17,8.01,1.51,680.86,9.351921946458825
1999-01-06,7.41,109.27,6.42,-0.2,600.42,8.854479289732293
1999-01-07,0.0,114.74,3.89,-1.09,567.64,8.340455211114875
1999-01-08,1.02,114.21,4.25,-0.64,586.11,7.743524023043036
1999-01-09,7.24,87.83,4.76,-0.27,600.02,7.445058429007115
1999-01-10,9.01,98.0,7.2,1.35,674.93,9.716713228058284
1999-01-11,2.2,128.0,5.83,-0.82,578.53,10.379970103693662
1999-01-12,0.62,127.3,3.79,-1.69,546.7,8.970549242968485
1999-01-13,31.11,113.92,5.29,-1.63,545.97,8.489688008132834
1999-01-14,43.23,123.71,6.89,-1.12,566.43,33.49447221958658
1999-01-15,21.35,104.18,2.69,-3.15,487.07,21.058405801423245
1999-01-16,24.17,70.82,1.32,-2.27,521.0,14.26002282616062
1999-01-17,36.23,83.32,1.85,-2.39,516.16,12.65162490274483
1999-01-18,46.29,52.52,2.0,-0.55,589.85,21.390034239240933
1999-01-19,17.79,43.52,2.31,0.28,628.41,20.56096314469671
1999-01-20,15.33,71.75,3.66,0.2,622.77,16.74723610979329
1999-01-21,15.72,99.78,2.99,-1.98,533.6,15.81867648390376
1999-01-22,10.86,88.27,1.43,-2.76,502.72,12.717950590308368
1999-01-23,9.06,122.84,-0.16,-6.02,395.87,10.214155884784818
1999-01-24,0.0,204.85,1.97,-6.53,377.66,8.589176539478142
1999-01-25,0.0,188.8,2.52,-4.51,439.91,7.594291226025074
1999-01-26,9.16,121.7,0.48,-5.01,425.02,6.8647086628261595
1999-01-27,31.71,135.39,1.55,-4.68,435.3,6.9476157722805825
1999-01-28,76.0,112.75,2.15,-2.7,504.68,10.927157026092848
1999-01-29,73.02,146.31,4.28,-2.56,510.9,50.24170832937986
1999-01-30,25.63,117.2,-0.75,-5.67,404.12,23.379804866147065
1999-01-31,0.37,146.05,-0.68,-5.12,421.9,13.563603106743475
1999-02-01,24.51,143.32,1.96,-4.0,459.62,11.175878354456115
1999-02-02,56.75,157.02,3.84,-2.89,499.84,18.57119251779058
1999-02-03,19.44,126.83,1.48,-3.42,479.87,14.492162732633004
1999-02-04,36.16,167.89,3.4,-3.79,468.64,11.441181104710267
1999-02-05,35.16,101.69,-0.11,-3.83,466.3,9.865946025076244
1999-02-06,52.51,111.7,1.79,-2.18,522.47,10.147830197221278
1999-02-07,35.45,155.88,1.25,-4.55,440.59,10.827668494747542
1999-02-08,42.43,201.78,-0.57,-8.65,324.09,8.904223555404945
1999-02-09,9.39,216.89,-0.68,-9.77,294.96,7.478221272788884
1999-02-10,13.5,205.38,-0.18,-7.84,342.62,6.649150178244661
1999-02-11,6.55,162.65,1.61,-3.7,469.06,6.035637568281937
1999-02-12,0.0,199.1,4.3,-0.37,594.56,5.571357755337172
1999-02-13,11.89,232.13,4.45,-5.15,425.42,5.786916239918671
1999-02-14,4.02,229.74,2.46,-6.53,376.92,5.538194911555404
1999-02-15,4.88,249.73,1.99,-6.18,389.7,5.355799270755675
1999-02-16,26.4,166.65,2.92,-2.28,521.06,7.6440354916977284
1999-02-17,22.48,221.55,3.64,-4.34,448.18,8.008826773297185
1999-02-18,14.78,174.89,1.05,-4.49,442.32,7.013941459844119
1999-02-19,12.06,206.94,3.42,-3.5,474.79,6.035637568281937
1999-02-20,9.82,188.1,3.83,-2.47,510.24,5.505032067773635
1999-02-21,26.04,126.05,2.07,-1.81,537.8,5.9693118807184
1999-02-22,52.17,165.85,2.01,-2.9,499.58,7.57770980413419
1999-02-23,38.66,185.37,2.61,-2.93,495.34,8.274129523551336
1999-02-24,86.98,104.45,3.3,0.38,631.63,43.940768010843776
1999-02-25,22.35,177.99,3.73,-1.31,559.14,30.012373622500842
1999-02-26,15.97,187.76,2.13,-3.29,479.81,16.001072124703487
1999-02-27,31.35,123.65,3.6,0.18,617.76,14.458999888851235
1999-02-28,27.83,134.89,2.78,-0.77,580.89,21.22422002033209
1999-03-01,15.68,191.38,3.27,-1.91,534.66,15.78551364012199
1999-03-02,39.22,153.39,1.04,-3.03,489.31,12.137600824127412
1999-03-03,46.51,108.79,1.03,-1.68,544.27,13.563603106743475
1999-03-04,23.73,171.37,1.41,-2.93,495.16,10.678435697729581
1999-03-05,19.9,214.95,2.4,-3.19,482.24,8.605757961369026
1999-03-06,0.0,356.09,4.01,-3.68,463.78,7.3953141633344615
1999-03-07,6.94,266.37,3.03,-3.46,471.35,6.615987334462893
1999-03-08,11.32,114.02,1.41,-1.37,555.2,6.201451787190782
1999-03-09,10.36,254.76,1.83,-4.82,430.17,5.786916239918671
1999-03-10,16.06,174.02,2.24,-1.9,534.25,5.505032067773635
1999-03-11,6.74,346.1,8.12,-5.12,421.78,5.123659364283293
1999-03-12,22.01,286.38,6.82,-1.09,565.57,5.189985051846831
1999-03-13,33.39,112.48,3.22,0.69,642.97,16.49851478143002
1999-03-14,13.85,195.11,3.57,-0.91,574.47,18.57119251779058
1999-03-15,8.09,183.49,1.34,-2.84,498.1,12.021530870891223
1999-03-16,5.1,214.92,2.36,-2.49,510.56,9.28559625889529
1999-03-17,5.47,232.75,3.87,-1.41,553.27,7.90933824195188
1999-03-18,0.0,384.76,5.36,-1.63,545.56,6.914452928498813
1999-03-19,0.0,473.48,16.31,-0.3,598.08,6.466754537444933
1999-03-20,16.79,362.44,17.86,0.98,650.14,7.544546960352421
1999-03-21,18.06,267.81,8.51,1.88,704.51,10.031760243985088
1999-03-22,16.58,233.61,7.28,1.89,703.18,11.689902433073533
1999-03-23,14.04,294.4,6.44,-1.17,562.45,12.933509074889866
1999-03-24,17.83,263.62,5.28,-1.0,572.1,16.365863406302946
1999-03-25,9.98,330.25,5.58,-3.73,470.5,16.316119140630292
1999-03-26,12.28,322.79,3.54,-5.1,423.85,12.53555494950864
1999-03-27,12.43,352.31,3.78,-6.61,376.27,10.131248775330395
1999-03-28,14.04,312.33,1.27,-6.47,379.32,8.754990758386986
1999-03-29,34.25,312.33,2.05,-5.61,406.64,8.108315304642492
1999-03-30,11.39,371.16,3.69,-7.49,353.89,7.179755678752963
1999-03-31,0.0,532.99,5.85,-8.58,323.97,6.566243068790239
1999-04-01,0.0,546.59,12.77,-6.63,373.87,6.035637568281937
1999-04-02,0.0,523.78,7.83,-5.92,395.0,5.737171974246017
1999-04-03,3.56,360.34,4.56,-6.36,383.58,5.388962114537445
1999-04-04,0.0,459.14,3.33,-6.42,381.94,5.090496520501524
1999-04-05,0.0,512.81,5.9,-6.57,378.16,4.825193770247372
1999-04-06,0.0,546.12,8.98,-6.76,369.64,4.609635285665875
1999-04-07,3.01,290.94,6.4,-0.84,577.45,4.642798129447645
1999-04-08,7.58,341.27,2.5,-7.36,357.47,4.874938035920026
1999-04-09,16.51,394.1,5.63,-7.67,349.76,4.692542395120298
1999-04-10,13.09,277.15,4.82,-2.55,508.12,4.692542395120298
1999-04-11,0.0,573.53,15.2,-3.37,479.15,4.543309598102337
1999-04-12,14.05,326.37,8.91,-0.84,577.89,4.825193770247372
1999-04-13,0.0,514.06,7.52,-5.1,423.15,5.1734036299559465
1999-04-14,0.0,585.13,15.52,-4.96,425.86,5.1734036299559465
1999-04-15,0.0,561.1,17.95,-0.1,605.88,5.455287802100982
1999-04-16,0.0,552.61,21.86,3.34,785.22,6.7818015533717375
1999-04-17,0.0,510.16,18.05,2.94,756.23,10.048341665875972
1999-04-18,0.36,349.28,8.82,0.52,638.59,13.049579028126056
1999-04-19,6.03,287.0,7.7,-1.09,567.6,13.298300356489323
1999-04-20,10.98,234.46,4.72,-2.1,529.23,11.90546091765503
1999-04-21,5.55,223.03,3.39,-3.04,495.86,10.4462957912572
1999-04-22,1.43,514.84,14.0,-3.69,470.07,9.302177680786173
1999-04-23,0.0,546.66,18.06,1.24,664.56,9.534317587258556
1999-04-24,2.09,494.5,18.94,3.25,779.78,12.767694855981022
1999-04-25,3.89,321.79,8.29,-0.56,592.96,18.23956407997289
1999-04-26,8.59,273.67,4.18,-4.45,443.95,16.74723610979329
1999-04-27,7.62,274.65,4.56,-4.0,459.67,13.049579028126056
1999-04-28,0.0,534.26,10.32,-4.71,435.07,10.645272853947812
1999-04-29,0.0,533.7,14.1,-1.41,554.13,9.501154743476786
1999-04-30,1.75,392.79,12.35,0.32,622.85,9.600643274822092
1999-05-01,6.68,287.27,8.27,-0.75,582.71,10.247318728566587
1999-05-02,6.17,185.25,4.91,-0.48,594.86,10.462877213148083
1999-05-03,4.03,336.63,6.24,-2.2,524.88,9.932271712639782
1999-05-04,5.26,266.95,4.97,-2.92,497.26,9.119782039986445
1999-05-05,0.16,528.35,11.01,-3.09,491.68,8.373618054896644
1999-05-06,6.44,352.87,9.64,-1.62,549.01,8.439943742460182
1999-05-07,8.94,287.41,4.61,-3.95,460.99,9.600643274822092
1999-05-08,9.75,259.08,3.02,-4.45,443.17,9.020293508641137
1999-05-09,4.11,360.8,5.91,-5.32,415.4,8.32387378922399
1999-05-10,0.0,567.99,10.98,-4.71,433.99,7.793268288715688
1999-05-11,3.12,425.16,10.27,-0.35,596.03,7.6108726479159605
1999-05-12,11.77,196.56,4.96,-0.51,592.88,7.876175398170111
1999-05-13,10.26,269.1,5.47,-2.1,526.4,7.892756820060995
1999-05-14,5.93,288.05,7.28,-0.62,587.03,7.710361179261265
1999-05-15,0.0,472.6,9.22,-0.93,573.96,7.627454069806844
1999-05-16,6.81,189.75,5.52,0.69,644.76,7.776686866824805
1999-05-17,10.66,345.01,10.78,1.42,682.07,9.235851993222635
1999-05-18,12.12,269.38,7.9,1.19,674.12,14.939861123686885
1999-05-19,0.0,370.17,6.55,-0.49,592.88,14.77404690477804
1999-05-20,0.0,427.0,9.05,0.61,640.67,12.585299215181292
1999-05-21,0.0,442.0,9.79,0.88,653.3,11.922042339545914
1999-05-22,0.0,595.76,18.71,1.81,696.74,12.850601965435443
1999-05-23,0.0,581.83,23.89,6.85,988.11,19.566077831243643
1999-05-24,0.0,593.14,23.7,5.43,902.62,31.83633003049813
1999-05-25,0.0,423.22,10.02,1.28,677.59,33.16284378176889
1999-05-26,0.0,603.03,17.19,-0.54,590.81,25.03794705523551
1999-05-27,0.0,512.18,14.91,3.0,759.34,22.219105333785155
1999-05-28,0.0,496.24,12.41,1.49,685.39,21.72166267705862
1999-05-29,0.0,520.47,13.23,1.31,671.31,20.56096314469671
1999-05-30,0.0,504.82,14.76,3.39,780.18,20.56096314469671
1999-05-31,0.0,513.38,14.9,3.23,776.27,22.71654799051169
1999-06-01,5.06,225.08,5.9,0.09,622.31,24.70631861741782
1999-06-02,0.0,575.32,12.65,-2.11,526.07,18.902820955608266
1999-06-03,0.0,487.66,15.09,4.03,815.22,16.581421890884446
1999-06-04,0.0,367.17,13.04,5.67,916.05,18.57119251779058
1999-06-05,8.75,335.25,9.13,0.66,650.37,21.55584845814978
1999-06-06,4.34,256.85,5.19,-0.29,602.71,19.4002636123348
1999-06-07,9.69,262.4,6.74,0.05,620.28,15.984490702812602
1999-06-08,6.88,218.92,5.93,0.45,635.7,14.061045763470007
1999-06-09,4.67,245.76,7.44,2.03,711.19,13.115904715689595
1999-06-10,0.0,485.17,10.49,0.59,641.8,12.999834762453403
1999-06-11,0.0,576.69,19.27,3.82,805.76,14.541906998305656
1999-06-12,0.0,515.96,21.44,8.78,1142.64,19.4002636123348
1999-06-13,0.0,485.03,19.63,8.42,1114.63,25.535389711962043
1999-06-14,0.0,542.07,23.26,8.67,1133.87,30.012373622500842
1999-06-15,0.0,414.32,17.43,8.28,1102.19,34.98680018976618
1999-06-16,0.0,304.06,11.09,4.91,870.62,30.509816279227376
1999-06-17,0.0,472.76,16.0,5.29,894.83,26.696089244323954
1999-06-18,0.0,409.16,13.33,4.67,860.43,25.369575493053198
1999-06-19,0.76,237.31,7.87,3.06,767.08,22.384919552694
1999-06-20,3.34,309.31,12.77,4.07,822.02,19.234449393425955
1999-06-21,3.99,162.96,10.32,6.21,956.4,19.068635174517112
1999-06-22,2.29,238.13,9.98,5.19,890.31,19.234449393425955
1999-06-23,9.48,321.97,14.51,6.03,943.88,19.73189205015249
1999-06-24,18.5,257.6,11.42,5.1,888.03,26.032832368688577
1999-06-25,5.82,283.99,9.8,2.93,760.03,22.550733771602843
1999-06-26,4.63,247.89,8.54,2.74,751.32,17.9079356421552
1999-06-27,0.83,345.05,9.02,2.57,739.13,16.034234968485258
1999-06-28,4.0,316.22,11.38,3.77,803.5,15.4538852023043
1999-06-29,0.05,470.15,14.7,5.76,924.81,16.166886343612333
1999-06-30,0.0,371.96,12.59,6.28,964.02,17.078864547610976
1999-07-01,0.09,322.96,8.13,2.74,752.07,17.9079356421552
1999-07-02,5.47,281.1,7.49,1.27,676.48,15.619699421213145
1999-07-03,7.0,248.16,8.85,3.56,794.15,13.978138654015586
1999-07-04,3.34,410.45,12.07,3.45,789.38,13.513858841070821
1999-07-05,0.0,582.09,19.26,3.7,795.26,13.69625448187055
1999-07-06,0.0,568.8,22.23,6.85,987.67,16.913050328702134
1999-07-07,0.0,434.54,12.38,4.34,840.6,19.068635174517112
1999-07-08,0.0,578.57,19.71,3.38,777.0,15.951327859030833
1999-07-09,0.0,557.82,24.66,8.54,1100.63,17.244678766519822
1999-07-10,0.0,529.35,23.32,9.54,1182.78,21.55584845814978
1999-07-11,0.0,537.17,22.97,8.72,1115.48,23.048176428329377
1999-07-12,0.0,528.08,21.33,8.02,1061.47,23.379804866147065
1999-07-13,0.0,516.2,18.22,5.98,930.57,23.213990647238223
1999-07-14,0.0,486.57,14.72,4.27,834.1,19.897706269061334
1999-07-15,0.0,442.33,15.3,6.28,958.04,16.266374874957638
1999-07-16,28.25,219.02,11.43,6.0,938.37,17.410492985428668
1999-07-17,2.78,444.16,15.59,6.13,949.9,18.73700673669942
1999-07-18,0.0,511.6,19.59,7.24,1018.65,16.913050328702134
1999-07-19,0.0,527.93,22.82,8.44,1104.45,18.23956407997289
1999-07-20,0.0,506.41,21.12,8.17,1087.56,19.897706269061334
1999-07-21,0.0,387.42,16.49,8.24,1099.24,19.068635174517112
1999-07-22,0.0,458.02,18.27,7.52,1043.51,17.57630720433751
1999-07-23,0.0,452.67,18.39,7.71,1056.67,17.244678766519822
1999-07-24,0.0,329.14,13.24,6.4,971.35,16.266374874957638
1999-07-25,0.0,486.81,16.59,4.42,841.66,14.210278560487968
1999-07-26,0.0,516.75,21.98,6.93,980.34,13.464114575398167
1999-07-27,0.0,487.93,23.16,9.26,1156.43,14.558488420196541
1999-07-28,0.0,442.95,22.3,10.43,1266.0,15.387559514740763
1999-07-29,0.0,395.51,17.98,8.3,1103.87,15.089093920704842
1999-07-30,0.0,301.88,15.43,8.46,1117.63,14.37609277939681
1999-07-31,0.0,401.47,16.96,6.85,991.45,13.231974668925787
1999-08-01,0.0,401.73,18.68,8.35,1106.98,12.701369168417484
1999-08-02,0.0,472.32,24.28,9.81,1194.61,12.35315930870891
1999-08-03,0.0,423.53,23.18,10.97,1304.1,13.28171893459844
1999-08-04,2.15,375.11,22.43,10.95,1314.93,13.911812966452048
1999-08-05,5.88,317.54,23.63,11.4,1352.24,14.65797695154185
1999-08-06,5.21,270.33,21.85,12.18,1414.69,14.160534294815315
1999-08-07,0.34,290.57,17.59,10.33,1266.72,13.24855609081667
1999-08-08,1.85,275.25,16.97,9.35,1187.87,11.242204042019653
1999-08-09,0.0,406.77,19.37,8.71,1135.39,10.379970103693662
1999-08-10,0.0,399.08,20.6,10.14,1247.22,10.462877213148083
1999-08-11,0.0,337.26,17.48,9.33,1186.43,10.462877213148083
1999-08-12,6.36,136.68,13.14,9.14,1171.47,9.799620337512707
1999-08-13,10.78,138.82,11.97,7.98,1080.8,9.7001318061674
1999-08-14,2.37,237.55,12.02,6.56,980.86,9.053456352422906
1999-08-15,7.04,202.25,12.39,6.45,972.38,8.02540819518807
1999-08-16,0.0,299.87,15.52,8.83,1146.19,8.191222414096915
1999-08-17,0.0,476.84,22.7,8.38,1024.44,7.992245351406301
1999-08-18,0.0,431.47,22.57,10.85,1246.18,8.124896726533377
1999-08-19,0.0,370.11,17.55,8.73,1135.08,8.02540819518807
1999-08-20,0.0,359.77,18.39,9.67,1206.9,7.345569897661809
1999-08-21,0.0,259.62,14.54,8.74,1139.32,7.1134299911894265
1999-08-22,0.0,488.06,22.83,6.69,911.5,6.831545819044391
1999-08-23,0.0,441.3,24.57,11.28,1272.1,6.715475865808199
1999-08-24,0.0,341.66,21.14,12.33,1418.11,6.931034350389697
1999-08-25,0.0,285.91,16.54,9.81,1222.74,7.3621513195526935
1999-08-26,0.0,453.31,21.44,7.93,1028.03,6.516498803117586
1999-08-27,0.0,458.25,25.94,10.75,1211.38,6.201451787190782
1999-08-28,0.0,360.86,19.56,10.27,1258.22,6.201451787190782
1999-08-29,8.38,237.24,12.45,5.92,939.18,6.019056146391053
1999-08-30,0.0,366.99,11.74,2.81,756.27,5.422124958319213
1999-08-31,2.63,329.92,10.58,1.93,707.7,4.659379551338528
1999-09-01,0.0,395.85,12.91,2.7,745.02,4.195099738393764
1999-09-02,0.0,451.68,17.24,3.16,759.89,3.979541253812266
1999-09-03,0.0,437.22,19.29,5.64,909.58,3.88005272246696
1999-09-04,0.0,340.33,16.78,7.86,1064.71,3.846889878685191
1999-09-05,2.65,300.76,16.79,6.85,999.05,4.079029785157573
1999-09-06,0.0,303.75,11.22,3.87,811.17,4.244844004066417
1999-09-07,0.0,436.15,16.11,2.17,701.27,3.813727034903422
1999-09-08,0.0,432.87,22.66,7.37,967.92,3.515261440867502
1999-09-09,0.0,378.53,16.73,5.6,899.15,3.4323543314130798
1999-09-10,0.0,369.37,14.26,3.63,788.68,3.4157729095221954
1999-09-11,0.0,409.03,18.35,4.6,828.02,3.2665401125042353
1999-09-12,0.0,413.44,24.28,8.39,1052.66,3.1504701592680444
1999-09-13,0.0,400.56,26.28,10.38,1206.07,3.1504701592680444
1999-09-14,0.0,351.8,23.21,10.8,1284.91,3.2333772687224664
1999-09-15,0.0,299.59,19.46,9.84,1226.58,3.2665401125042353
1999-09-16,0.0,262.91,15.4,7.53,1042.79,3.167051581158929
1999-09-17,0.0,344.4,19.93,8.1,1085.39,2.9680745184683155
1999-09-18,0.0,359.19,23.35,9.81,1208.47,2.8188417214503554
1999-09-19,0.0,348.92,24.58,11.12,1311.73,2.885167409013893
1999-09-20,0.0,326.07,23.48,11.19,1324.09,3.0178187841409687
1999-09-21,0.0,324.21,23.15,10.96,1306.01,3.034400206031853
1999-09-22,0.0,317.7,21.72,9.91,1213.68,2.9349116746865467
1999-09-23,0.0,336.73,14.89,2.64,725.43,2.702771768214164
1999-09-24,17.61,182.4,10.33,2.75,747.26,2.5369575493053196
1999-09-25,0.0,276.4,11.56,2.35,727.48,2.83542314334124
1999-09-26,0.0,235.54,7.63,0.05,616.67,2.437469017960013
1999-09-27,0.0,304.9,9.87,-0.76,577.61,2.2219105333785154
1999-09-28,0.0,350.17,16.1,1.65,669.58,2.0726777363605557
1999-09-29,0.0,299.99,14.13,2.83,742.12,1.989770626906133
1999-09-30,0.0,267.29,12.41,2.79,748.08,1.9234449393425954
1999-10-01,0.0,288.03,14.47,3.46,787.49,1.8571192517790576
1999-10-02,0.0,315.61,15.04,2.18,699.29,1.7907935642155197
1999-10-03,0.0,312.0,17.65,4.57,813.32,1.7410492985428665
1999-10-04,0.0,303.16,17.61,4.78,834.19,1.7078864547610977
1999-10-05,2.94,108.76,9.34,4.6,849.94,1.8239564079972888
1999-10-06,7.33,116.9,10.81,5.27,893.51,2.0726777363605557
1999-10-07,23.58,69.82,9.52,6.37,965.83,3.167051581158929
1999-10-08,29.97,125.23,8.46,2.79,756.4,10.064923087766857
1999-10-09,0.0,197.44,6.91,0.04,615.96,4.2614254259573014
1999-10-10,0.0,225.19,7.63,-0.44,593.61,3.0012373622500843
1999-10-11,0.0,176.44,8.01,1.99,707.06,2.5535389711962044
1999-10-12,7.71,159.26,9.94,2.47,732.62,2.38772475228736
1999-10-13,0.0,225.74,10.76,2.81,754.77,2.852004565232124
1999-10-14,0.0,215.58,6.41,-1.02,573.37,2.5867018149779732
1999-10-15,0.0,231.15,5.68,-2.67,505.31,2.2384919552694
1999-10-16,0.0,283.8,10.95,-1.03,568.83,2.056096314469671
1999-10-17,0.0,253.44,13.47,3.19,771.6,1.9731892050152489
1999-10-18,0.0,256.55,14.16,3.5,800.0,1.8902820955608264
1999-10-19,0.0,275.0,18.01,5.1,885.75,1.8239564079972888
1999-10-20,0.0,257.25,16.47,5.03,879.9,1.7742121423246355
1999-10-21,0.0,252.24,16.82,5.51,909.52,1.724467876651982
1999-10-22,0.0,251.92,17.34,5.73,922.71,1.6913050328702133
1999-10-23,4.18,180.64,13.03,2.42,729.51,1.7742121423246355
1999-10-24,4.75,171.68,8.15,-0.22,603.16,2.2384919552694
1999-10-25,23.3,149.61,7.92,0.54,637.62,2.255073377160284
1999-10-26,0.0,180.86,5.39,-1.65,546.02,2.3213990647238223
1999-10-27,41.16,81.45,4.43,0.26,620.3,2.8685859871230086
1999-10-28,34.13,106.43,6.44,1.15,669.76,25.86701814977973
1999-10-29,16.74,92.99,5.25,0.69,644.45,11.872298073873262
1999-10-30,29.24,91.74,8.36,3.86,808.39,17.078864547610976
1999-10-31,3.5,174.2,5.46,-1.5,552.2,23.8772475228736
1999-11-01,0.0,204.93,5.34,-3.13,486.25,9.467991899695017
1999-11-02,0.0,219.31,8.88,-0.8,576.54,6.732057287699083
1999-11-03,9.24,159.8,8.68,-0.79,578.21,6.085381833954591
1999-11-04,0.0,190.91,3.15,-4.78,432.73,5.919567615045746
1999-11-05,34.37,165.42,6.54,-4.12,453.45,5.024170832937986
1999-11-06,33.9,98.31,10.44,4.96,877.06,51.23659364283293
1999-11-07,14.93,77.25,9.75,5.52,906.58,22.882362209420535
1999-11-08,21.11,99.75,7.08,1.59,692.96,16.28295629684852
1999-11-09,45.41,39.82,3.47,1.51,687.86,48.58356614029142
1999-11-10,23.94,43.75,4.41,2.19,716.85,45.59891019993222
1999-11-11,66.41,95.0,9.06,3.76,802.75,84.06780898678413
1999-11-12,40.18,92.6,7.08,1.99,709.87,55.87939177228058
1999-11-13,12.17,103.4,8.57,2.65,743.23,31.670515811589286
1999-11-14,3.7,109.91,13.14,6.42,957.05,23.54561908505591
1999-11-15,4.66,105.99,11.96,5.61,910.17,21.390034239240933
1999-11-16,11.56,117.97,9.13,1.82,703.04,21.058405801423245
1999-11-17,11.0,90.8,4.54,-0.6,589.15,17.244678766519822
1999-11-18,5.52,99.61,4.24,-1.44,552.09,14.276604248051505
1999-11-19,24.48,51.53,3.95,1.21,669.3,23.048176428329377
1999-11-20,27.86,64.41,2.72,-0.67,586.12,29.017488309047774
1999-11-21,16.61,107.63,2.69,-3.31,482.86,19.73189205015249
1999-11-22,10.7,83.22,2.45,-1.9,534.04,15.868420749576412
1999-11-23,12.63,95.12,4.41,-0.72,583.32,13.729417325652319
1999-11-24,25.71,96.6,6.13,0.81,649.92,20.395148925787865
1999-11-25,27.77,61.23,3.48,0.32,629.66,25.03794705523551
1999-11-26,14.62,101.35,1.93,-3.73,470.43,21.058405801423245
1999-11-27,9.97,109.96,1.56,-4.67,436.79,15.918165015249064
1999-11-28,12.11,79.89,5.26,0.88,650.85,15.072512498813959
1999-11-29,17.97,99.77,6.97,1.07,659.03,16.29953771873941
1999-11-30,10.59,48.04,3.13,0.58,640.72,23.379804866147065
1999-12-01,33.1,82.01,4.15,-0.28,601.86,20.726777363605557
1999-12-02,42.91,120.12,4.59,-3.34,486.69,33.328658000677734
1999-12-03,1.26,128.77,1.58,-4.07,455.57,19.897706269061334
1999-12-04,8.67,107.31,5.84,-0.95,571.55,15.03934965503219
1999-12-05,24.66,56.34,2.56,-0.49,591.28,13.9615572321247
1999-12-06,23.57,94.72,3.38,-2.06,530.45,18.73700673669942
1999-12-07,5.19,96.16,0.89,-4.6,438.64,15.122256764486611
1999-12-08,24.77,88.9,0.83,-4.09,455.28,12.684787746526599
1999-12-09,19.17,78.28,1.91,-2.31,519.07,12.253670777363602
1999-12-10,8.41,89.65,3.36,-1.78,540.9,11.092971245001692
1999-12-11,26.5,71.08,5.68,1.66,690.03,13.314881778380208
1999-12-12,24.74,111.29,3.69,-3.73,473.75,30.67563049813622
1999-12-13,20.94,84.79,-0.21,-4.99,425.95,19.897706269061334
1999-12-14,40.97,101.64,4.11,-2.09,526.81,16.74723610979329
1999-12-15,65.09,92.44,8.83,3.21,770.97,55.71357755337173
1999-12-16,38.64,89.98,6.37,1.06,663.72,34.98680018976618
1999-12-17,33.63,88.56,5.74,0.4,631.18,33.99191487631311
1999-12-18,21.91,95.47,5.14,-0.59,591.46,37.80564191121653
1999-12-19,2.54,75.03,1.94,-1.48,552.46,21.390034239240933
1999-12-20,0.39,125.0,5.61,-0.28,600.57,15.603117999322262
1999-12-21,0.0,147.44,8.95,1.1,662.55,12.850601965435443
1999-12-22,0.0,114.68,9.12,3.73,800.3,11.772809542527956
1999-12-23,0.0,116.17,8.53,3.06,762.76,11.408018260928497
1999-12-24,0.0,122.38,7.78,1.94,705.86,11.01006413554727
1999-12-25,0.0,129.82,8.59,2.12,717.13,10.71159854151135
1999-12-26,0.0,131.77,8.96,2.32,726.89,10.811087072856656
1999-12-27,0.0,128.87,8.64,2.26,725.17,10.943738447983733
1999-12-28,0.0,138.0,7.6,0.49,628.96,10.927157026092848
1999-12-29,0.0,154.2,5.35,-3.29,481.39,9.749876071840053
1999-12-30,0.0,83.06,0.61,-2.91,499.31,8.655502227041678
1999-12-31,7.49,88.74,3.97,-1.51,551.93,8.041989617078956
2000-01-01,12.59,84.07,1.44,-3.74,470.2,7.743524023043036
2000-01-02,9.84,61.42,-1.69,-5.18,419.35,6.997360037953235
2000-01-03,27.11,101.33,1.69,-4.59,438.42,7.229499944425617
2000-01-04,25.77,87.36,2.81,-2.37,517.1,10.910575604201965
2000-01-05,0.0,113.69,0.52,-4.42,444.38,8.589176539478142
2000-01-06,4.64,92.11,1.54,-3.81,465.16,7.461639850897999
2000-01-07,13.06,78.12,2.48,-1.84,537.68,6.881290084717044
2000-01-08,23.16,88.87,2.51,-2.5,512.95,7.6440354916977284
2000-01-09,24.06,108.79,0.9,-5.43,412.58,7.096848569298542
2000-01-10,10.07,78.08,-1.78,-5.78,400.25,6.466754537444933
2000-01-11,13.81,66.23,-2.72,-5.95,394.9,5.985893302609283
2000-01-12,20.76,69.08,-2.73,-6.02,393.43,5.654264864791595
2000-01-13,20.15,63.48,-1.54,-4.54,438.15,5.322636426973906
2000-01-14,26.61,101.18,0.5,-4.52,441.48,5.2231478956286
2000-01-15,17.55,102.18,-0.75,-5.7,403.17,4.874938035920026
2000-01-16,34.23,98.92,0.96,-3.81,465.88,5.422124958319213
2000-01-17,13.01,126.6,0.67,-5.85,396.53,6.068800412063706
2000-01-18,0.0,161.36,-0.06,-6.03,392.31,5.156822208065061
2000-01-19,9.17,149.55,1.75,-6.34,383.77,4.659379551338528
2000-01-20,16.08,96.96,2.09,-2.24,520.07,4.792030926465604
2000-01-21,20.69,111.79,2.57,-2.41,515.46,6.499917381226702
2000-01-22,7.15,123.94,2.5,-2.88,498.18,6.3672660060996265
2000-01-23,0.0,187.65,1.81,-4.8,431.45,5.687427708573364
2000-01-24,6.95,139.47,2.23,-4.33,445.68,5.073915098610639
2000-01-25,6.31,163.97,3.7,-3.82,466.53,5.48845064588275
2000-01-26,0.0,214.84,2.41,-5.36,412.2,5.140240786174178
2000-01-27,0.0,220.62,2.7,-5.29,415.05,4.6759609732294125
2000-01-28,0.2,228.07,4.55,-4.49,440.87,4.3443325354117235
2000-01-29,0.0,233.68,5.65,-3.4,474.61,4.095611207048457
2000-01-30,15.41,150.13,3.64,-3.14,480.44,3.979541253812266
2000-01-31,38.92,79.36,2.03,-1.14,563.79,4.195099738393764
2000-02-01,30.32,92.45,2.65,-0.98,571.31,15.603117999322262
2000-02-02,0.03,164.63,1.9,-2.79,502.31,12.518973527617755
2000-02-03,0.0,238.36,7.23,-1.02,569.4,8.108315304642492
2000-02-04,0.0,225.14,6.77,-0.6,584.91,6.715475865808199
2000-02-05,3.16,177.98,7.28,-0.92,573.72,6.035637568281937
2000-02-06,2.31,150.44,5.95,1.2,665.4,7.793268288715688
2000-02-07,9.74,127.57,6.04,1.25,669.48,9.600643274822092
2000-02-08,13.98,147.99,4.0,-1.48,553.04,14.906698279905113
2000-02-09,7.95,179.04,4.49,-2.78,501.78,14.011301497797355
2000-02-10,0.52,240.25,3.37,-4.42,441.54,9.733294649949167
2000-02-11,0.0,243.58,2.41,-4.78,433.11,7.876175398170111
2000-02-12,0.0,255.94,1.46,-6.19,390.44,6.7818015533717375
2000-02-13,4.25,205.19,2.36,-6.31,385.89,6.019056146391053
2000-02-14,5.06,123.97,1.24,-3.08,489.68,5.505032067773635
2000-02-15,4.07,182.84,2.39,-4.35,445.59,4.991007989156217
2000-02-16,0.0,290.26,4.12,-4.85,429.99,4.62621670755676
2000-02-17,0.0,310.25,5.05,-5.38,412.27,4.3443325354117235
2000-02-18,0.0,313.57,4.97,-5.47,409.18,4.112192628939342
2000-02-19,0.0,322.98,8.96,-3.08,486.17,3.9463784100304977
2000-02-20,4.7,235.91,9.76,-1.68,545.59,3.8303084567943064
2000-02-21,9.17,133.7,5.86,1.06,659.25,3.929796988139613
2000-02-22,19.53,151.21,3.41,-1.82,540.86,9.28559625889529
2000-02-23,7.55,219.84,4.18,-4.43,443.67,8.290710945442223
2000-02-24,3.87,220.82,3.45,-4.85,429.68,6.582824490681124
2000-02-25,8.25,174.42,1.78,-4.21,450.03,5.770334818027786
2000-02-26,11.79,188.09,4.09,-2.26,520.59,5.339217848864791
2000-02-27,7.39,225.76,7.36,-0.98,572.8,6.383847427990511
2000-02-28,14.6,178.34,3.79,-1.92,536.38,6.019056146391053
2000-02-29,15.8,162.31,3.89,-1.1,566.72,6.41701027177228
2000-03-01,12.39,152.71,2.22,-2.42,514.78,6.466754537444933
2000-03-02,8.93,207.5,5.99,-0.79,580.06,6.566243068790239
2000-03-03,10.12,142.43,4.42,0.12,619.06,6.4501731155540485
2000-03-04,10.3,236.12,3.75,-4.1,456.84,6.582824490681124
2000-03-05,0.0,381.35,4.64,-6.81,371.3,6.002474724500169
2000-03-06,0.0,351.83,2.32,-6.87,367.57,5.388962114537445
2000-03-07,2.21,324.85,4.8,-5.78,399.25,4.858356614029142
2000-03-08,4.8,152.29,3.16,-1.34,556.76,4.526728176211453
2000-03-09,0.0,337.83,5.59,-2.76,502.8,4.244844004066417
2000-03-10,13.05,269.25,6.03,-3.43,476.91,4.244844004066417
2000-03-11,8.49,260.32,5.17,-3.51,477.74,4.874938035920026
2000-03-12,6.1,261.09,4.46,-4.11,455.07,4.543309598102337
2000-03-13,13.91,216.22,6.6,0.06,614.43,4.758868082683835
2000-03-14,9.72,274.63,5.07,-3.99,461.65,7.047104303625888
2000-03-15,8.04,300.34,5.85,-5.06,423.39,5.803497661809556
2000-03-16,9.2,257.33,5.1,-2.97,495.08,5.869823349373093
2000-03-17,17.24,234.51,4.64,-2.32,518.88,5.704009130464248
2000-03-18,20.13,268.92,5.74,-2.58,510.02,7.1963371006438495
2000-03-19,10.32,264.11,3.37,-4.49,442.44,7.627454069806844
2000-03-20,6.46,320.39,6.32,-4.9,428.3,6.284358896645204
2000-03-21,6.04,279.82,8.0,-0.45,593.78,5.554776333446289
2000-03-22,5.69,340.14,7.61,-2.01,534.42,6.350684584208742
2000-03-23,5.09,292.4,5.53,-3.46,478.35,6.5330802250084705
2000-03-24,2.31,362.44,7.48,-4.0,459.68,5.704009130464248
2000-03-25,0.0,326.56,5.1,-1.69,543.09,5.140240786174178
2000-03-26,6.35,341.8,10.48,-2.24,521.02,4.825193770247372
2000-03-27,5.46,279.15,6.48,-1.11,567.05,5.306055005083023
2000-03-28,6.85,241.09,3.55,-2.59,509.36,5.189985051846831
2000-03-29,0.0,417.7,4.63,-4.88,429.44,4.709123817011182
2000-03-30,0.0,462.42,9.43,-2.69,505.06,4.427239644866146
2000-03-31,0.0,470.65,12.81,-0.46,592.37,4.460402488647915
2000-04-01,0.0,431.14,13.8,2.8,750.09,5.720590552355134
2000-04-02,0.0,463.88,15.86,2.62,739.41,7.6440354916977284
2000-04-03,0.0,452.15,15.84,3.3,773.34,9.882527446967128
2000-04-04,0.0,386.81,6.95,-2.05,532.37,11.30852972958319
2000-04-05,0.53,375.47,5.61,-2.9,497.41,8.754990758386986
2000-04-06,5.06,322.46,5.21,-2.62,507.68,7.229499944425617
2000-04-07,0.0,507.4,11.99,-3.57,473.41,6.26777747475432
2000-04-08,0.0,478.7,15.59,1.89,703.45,6.251196052863435
2000-04-09,0.0,412.81,12.39,2.35,725.43,7.478221272788884
2000-04-10,0.0,460.12,14.1,1.9,704.3,8.191222414096915
2000-04-11,0.0,489.7,17.39,2.76,748.32,9.053456352422906
2000-04-12,0.0,433.72,15.71,4.33,836.56,10.628691432056929
2000-04-13,4.0,218.22,10.05,3.51,792.38,11.955205183327683
2000-04-14,9.21,164.46,5.79,1.24,677.47,14.425837045069466
2000-04-15,6.25,265.63,8.16,0.63,643.16,12.568717793290409
2000-04-16,0.0,367.93,7.55,-0.63,586.81,9.434829055913248
2000-04-17,0.0,505.03,13.02,-1.45,552.1,8.257548101660452
2000-04-18,0.0,483.36,13.07,-0.13,605.55,8.32387378922399
2000-04-19,0.0,392.24,8.47,-0.54,592.56,8.390199476787528
2000-04-20,0.0,452.91,12.55,1.08,662.0,7.843012554388341
2000-04-21,6.55,328.4,11.98,0.92,653.52,8.14147814842426
2000-04-22,7.19,256.98,7.09,-0.52,592.23,9.865946025076244
2000-04-23,8.0,305.43,5.66,-3.63,474.5,8.423362320569298
2000-04-24,9.91,373.02,7.08,-5.74,400.91,7.163174256862079
2000-04-25,8.36,312.7,7.46,-1.96,534.6,7.080267147407658
2000-04-26,0.0,499.64,10.7,-2.17,524.97,6.682313022026431
2000-04-27,8.49,281.56,7.9,-0.46,595.15,6.964197194171466
2000-04-28,11.14,272.6,6.49,-1.41,555.41,7.942501085733649
2000-04-29,0.0,446.07,8.21,-2.04,531.29,7.262662788207386
2000-04-30,7.06,310.34,11.9,2.36,726.72,6.6988944439173155
2000-05-01,3.88,269.51,9.42,2.54,737.16,7.793268288715688
2000-05-02,3.54,341.28,10.7,1.73,697.49,8.357036633005759
2000-05-03,4.39,298.67,8.66,0.09,620.69,9.351921946458825
2000-05-04,5.72,296.83,7.57,-0.84,579.07,8.655502227041678
2000-05-05,5.65,323.81,7.31,-1.78,543.01,7.743524023043036
2000-05-06,0.64,412.18,7.33,-1.82,538.93,6.9476157722805825
2000-05-07,2.76,436.3,9.43,-2.66,506.51,6.4501731155540485
2000-05-08,7.78,247.54,7.96,1.34,676.03,6.615987334462893
2000-05-09,19.34,138.75,3.86,0.47,635.88,6.881290084717044
2000-05-10,11.77,224.1,5.32,-0.2,608.05,8.390199476787528
2000-05-11,5.16,298.77,7.08,-0.61,588.03,7.876175398170111
2000-05-12,0.04,436.96,7.86,-0.82,579.87,7.163174256862079
2000-05-13,0.0,506.88,13.02,1.41,680.72,6.715475865808199
2000-05-14,0.0,509.48,16.09,3.76,803.79,7.3124070538800385
2000-05-15,0.0,473.88,15.08,4.24,830.78,9.020293508641137
2000-05-16,0.0,496.6,14.98,3.2,772.72,10.927157026092848
2000-05-17,0.0,326.02,8.85,2.55,737.81,10.89399418231108
2000-05-18,8.77,315.98,10.86,2.39,730.02,9.467991899695017
2000-05-19,6.73,273.6,12.06,5.05,881.22,11.192459776347
2000-05-20,0.0,392.21,11.56,4.06,822.42,11.30852972958319
2000-05-21,3.31,328.7,12.79,3.97,815.78,13.314881778380208
2000-05-22,0.0,438.43,11.26,2.57,740.27,12.568717793290409
2000-05-23,0.0,512.82,12.05,0.5,637.31,10.545784322602506
2000-05-24,0.0,521.68,12.91,0.78,646.88,9.733294649949167
2000-05-25,0.0,482.84,11.25,0.96,656.78,9.418247634022364
2000-05-26,13.38,270.56,9.75,3.13,770.88,10.678435697729581
2000-05-27,20.75,256.13,9.33,3.17,774.9,21.058405801423245
2000-05-28,12.55,254.86,8.45,2.38,729.57,19.566077831243643
2000-05-29,9.99,208.96,6.81,1.96,708.57,13.762580169434088
2000-05-30,7.59,255.76,7.37,1.53,689.22,11.805972386309723
2000-05-31,0.0,364.39,8.56,2.22,721.14,10.595528588275158
2000-06-01,0.0,552.57,14.33,0.75,648.45,9.948853134530667
2000-06-02,0.0,537.89,13.81,1.14,666.08,9.948853134530667
2000-06-03,0.0,564.02,20.61,3.95,813.78,10.379970103693662
2000-06-04,0.0,530.33,22.6,8.37,1109.54,12.071275136563875
2000-06-05,0.0,385.43,12.32,4.8,870.21,13.381207465943746
2000-06-06,9.97,157.05,8.95,5.29,895.67,13.944975810233817
2000-06-07,6.56,190.5,8.97,4.5,847.78,12.850601965435443
2000-06-08,6.08,247.85,9.09,3.07,768.85,10.9769012917655
2000-06-09,6.65,286.84,8.37,1.25,677.64,10.612110010166045
2000-06-10,20.06,259.89,7.37,1.11,669.01,10.247318728566587
2000-06-11,37.7,188.09,5.8,1.49,687.29,12.187345089800067
2000-06-12,36.53,302.38,12.0,4.45,845.02,39.46378410030498
2000-06-13,0.0,418.51,12.15,4.36,841.15,20.063520487970177
2000-06-14,0.0,439.78,12.64,4.29,836.28,16.913050328702134
2000-06-15,0.0,487.73,12.92,3.0,761.36,15.089093920704842
2000-06-16,0.0,551.08,18.1,3.58,792.91,12.800857699762789
2000-06-17,0.0,529.83,20.94,7.23,1019.11,13.032997606235172
2000-06-18,0.0,480.79,15.16,4.72,863.66,13.795743013215857
2000-06-19,0.0,439.64,12.55,3.72,801.94,12.121019402236529
2000-06-20,0.0,502.59,16.93,5.21,888.12,10.728179963402233
2000-06-21,0.0,443.9,14.88,5.6,914.32,11.408018260928497
2000-06-22,0.0,463.47,13.84,3.97,814.42,10.960319869874617
2000-06-23,0.0,471.19,14.31,4.17,826.91,10.015178822094203
2000-06-24,0.0,417.66,14.46,6.1,944.86,9.81620175940359
2000-06-25,0.0,534.89,21.09,6.2,949.45,9.600643274822092
2000-06-26,0.0,534.04,23.81,7.79,1062.96,9.899108868858011
2000-06-27,0.0,514.08,25.42,10.24,1257.87,10.330225838021008
2000-06-28,0.0,488.43,23.15,9.9,1232.25,10.496040056929854
2000-06-29,0.0,430.27,18.32,8.13,1090.48,9.948853134530667
2000-06-30,0.0,322.45,12.71,5.88,932.51,9.053456352422906
2000-07-01,0.0,333.58,10.04,3.2,776.33,7.843012554388341
2000-07-02,0.47,369.27,9.41,1.65,695.19,7.030522881735004
2000-07-03,4.97,284.3,10.56,2.92,759.4,6.566243068790239
2000-07-04,6.13,211.87,9.92,4.51,849.16,6.201451787190782
2000-07-05,0.0,389.31,12.47,4.55,851.34,5.985893302609283
2000-07-06,0.0,385.98,13.74,5.68,919.21,5.786916239918671
2000-07-07,0.0,476.47,16.89,5.38,899.12,5.753753396136902
2000-07-08,0.0,397.73,15.92,7.22,1023.43,6.052218990172822
2000-07-09,0.0,331.97,12.88,6.05,946.29,6.068800412063706
2000-07-10,0.0,420.73,15.22,5.77,924.89,5.67084628668248
2000-07-11,0.0,343.44,13.51,6.17,952.11,5.554776333446289
2000-07-12,0.0,482.19,17.84,5.34,897.81,5.538194911555404
2000-07-13,0.0,406.42,14.88,5.6,913.56,5.48845064588275
2000-07-14,0.0,393.06,12.15,3.37,783.85,5.2231478956286
2000-07-15,0.0,518.39,18.31,3.04,765.45,4.808612348356489
2000-07-16,0.0,510.34,22.34,6.8,989.25,4.792030926465604
2000-07-17,0.0,463.89,20.57,8.2,1096.22,4.991007989156217
2000-07-18,0.0,379.73,17.4,8.6,1128.26,5.024170832937986
2000-07-19,0.0,385.29,18.16,9.13,1170.7,4.8417751921382575
2000-07-20,0.0,455.11,21.14,9.1,1168.24,4.908100879701795
2000-07-21,0.0,455.6,22.32,9.95,1236.01,5.0075894110471015
2000-07-22,0.0,367.72,16.44,7.91,1075.52,4.9246823015926795
2000-07-23,0.0,276.97,13.53,7.56,1050.86,4.5598910199932225
2000-07-24,0.0,456.04,19.07,7.06,1012.22,4.244844004066417
2000-07-25,0.0,336.78,15.22,7.74,1063.3,4.195099738393764
2000-07-26,5.98,224.65,13.07,6.8,1000.5,4.062448363266689
2000-07-27,5.25,256.5,14.83,8.71,1137.44,3.9961226757031505
2000-07-28,0.0,222.93,13.83,9.44,1195.22,4.211681160284649
2000-07-29,0.0,456.33,20.34,8.91,1152.94,3.929796988139613
2000-07-30,0.0,479.56,24.1,10.34,1264.49,3.9132155662487285
2000-07-31,0.0,435.89,21.42,10.26,1260.42,4.02928551948492
2000-08-01,0.0,436.43,18.68,7.71,1058.13,3.863471300576075
2000-08-02,0.0,455.36,19.69,7.54,1043.24,3.5318428627583867
2000-08-03,0.0,437.24,19.6,8.1,1087.71,3.3826100657404266
2000-08-04,0.0,414.3,21.03,10.23,1258.1,3.332865800067773
2000-08-05,0.0,400.61,21.66,11.23,1337.6,3.332865800067773
2000-08-06,0.0,383.6,19.9,10.3,1264.29,3.3162843781768885
2000-08-07,0.0,372.98,19.24,10.02,1241.14,3.1836330030498132
2000-08-08,0.0,432.27,22.2,10.03,1238.72,3.067563049813622
2000-08-09,0.0,380.97,18.99,9.28,1181.71,2.9846559403592
2000-08-10,0.0,359.46,15.74,6.93,1001.75,2.852004565232124
2000-08-11,0.0,299.28,11.25,4.32,836.65,2.6530275025415113
2000-08-12,0.0,414.76,14.28,3.54,789.99,2.470631861741782
2000-08-13,0.0,384.2,14.53,4.88,868.79,2.354561908505591
2000-08-14,0.0,411.95,15.53,4.81,862.5,2.2716547990511686
2000-08-15,0.0,344.68,12.17,4.01,818.46,2.205329111487631
2000-08-16,0.0,460.81,17.41,3.92,810.24,2.1721662677058617
2000-08-17,2.86,342.44,14.91,3.76,804.51,2.1058405801423246
2000-08-18,5.63,217.22,12.14,5.43,906.55,2.2219105333785154
2000-08-19,0.0,328.67,13.19,5.5,910.74,2.3048176428329374
2000-08-20,0.0,320.86,12.76,5.34,898.12,2.205329111487631
2000-08-21,0.0,446.52,18.12,4.93,870.75,2.0726777363605557
2000-08-22,0.0,435.86,21.14,7.81,1063.6,2.0063520487970177
2000-08-23,0.0,429.87,22.58,9.18,1171.4,2.0063520487970177
2000-08-24,0.0,366.22,18.61,8.73,1138.41,2.0395148925787865
2000-08-25,1.47,251.58,14.14,7.54,1050.0,2.022933470687902
2000-08-26,0.0,331.2,12.87,4.47,848.31,1.8902820955608264
2000-08-27,0.0,333.25,11.12,2.53,737.84,1.8073749861064043
2000-08-28,0.0,454.83,18.28,2.45,702.02,1.7078864547610977
2000-08-29,0.0,283.64,14.63,7.3,1025.0,1.6581421890884442
2000-08-30,0.0,363.71,16.85,6.68,979.0,1.7078864547610977
2000-08-31,3.05,260.68,12.37,3.8,806.96,1.6581421890884442
2000-09-01,0.04,299.11,10.3,2.8,753.63,1.608397923415791
2000-09-02,3.15,202.0,9.74,3.55,792.76,1.5752350796340222
2000-09-03,6.41,235.74,11.59,3.54,791.51,1.5254908139613688
2000-09-04,0.0,352.29,12.93,3.49,788.42,1.4757465482887153
2000-09-05,0.88,301.77,12.02,3.63,795.59,1.426002282616062
2000-09-06,0.0,288.08,12.52,5.26,892.81,1.392839438834293
2000-09-07,2.86,261.53,12.47,4.83,866.83,1.3762580169434087
2000-09-08,6.02,229.2,11.54,3.73,803.14,1.7742121423246355
2000-09-09,6.55,205.79,11.28,4.44,845.75,1.724467876651982
2000-09-10,4.54,284.02,13.95,5.0,819.15,1.7078864547610977
2000-09-11,0.0,417.98,17.22,3.42,479.94,1.5918165015249066
2000-09-12,0.0,450.15,18.07,-2.53,304.63,1.4425837045069465
2000-09-13,0.0,407.03,21.89,7.49,612.77,1.392839438834293
2000-09-14,0.0,400.69,26.6,11.54,783.15,1.4094208607251777
2000-09-15,0.0,220.3,15.75,9.66,1058.76,1.4425837045069465
2000-09-16,0.0,269.33,16.27,8.77,926.4,1.3762580169434087
2000-09-17,0.0,316.74,19.29,9.76,882.72,1.3265137512707557
2000-09-18,0.0,155.11,15.98,11.7,1315.95,1.3265137512707557
2000-09-19,0.0,318.63,18.1,8.34,815.14,1.3430951731616398
2000-09-20,0.0,246.88,13.57,6.68,861.21,1.2933509074889866
2000-09-21,0.0,267.89,11.42,3.95,707.21,1.2270252199254488
2000-09-22,0.0,370.94,13.39,0.77,469.65,1.0943738447983733
2000-09-23,0.0,391.32,16.72,1.16,449.01,1.011466735343951
2000-09-24,0.0,386.79,19.69,3.46,513.83,0.9783038915621821
2000-09-25,0.0,310.35,16.99,6.38,741.24,0.9285596258895288
2000-09-26,0.0,304.66,17.65,7.0,783.78,0.9119782039986444
2000-09-27,0.0,353.47,21.52,7.49,712.45,0.8953967821077599
2000-09-28,0.0,225.4,13.45,6.38,867.55,0.8788153602168755
2000-09-29,17.19,116.65,15.08,10.31,1255.16,1.2933509074889866
2000-09-30,11.81,110.69,13.77,9.56,1203.87,3.332865800067773
2000-10-01,0.0,202.64,10.77,4.55,842.43,1.94002636123348
2000-10-02,0.0,233.7,11.33,3.84,787.31,1.4425837045069465
2000-10-03,0.0,217.6,10.64,3.63,778.81,1.2104437980345644
2000-10-04,0.0,274.4,13.08,3.5,734.47,1.0612110010166043
2000-10-05,0.0,285.76,15.58,4.93,792.05,0.9783038915621821
2000-10-06,0.0,284.97,16.95,5.88,839.18,0.9119782039986444
2000-10-07,0.0,278.69,17.1,6.24,856.26,0.8953967821077599
2000-10-08,8.66,143.54,14.39,7.6,1042.36,0.8788153602168755
2000-10-09,14.59,47.94,9.93,8.04,1083.44,1.9234449393425954
2000-10-10,0.0,128.42,10.61,6.4,956.79,1.9731892050152489
2000-10-11,0.0,178.31,12.39,6.39,951.29,1.392839438834293
2000-10-12,0.0,173.42,11.69,6.01,922.08,1.19386237614368
2000-10-13,4.19,126.67,11.11,5.67,916.19,1.077792422907489
2000-10-14,0.0,203.34,9.64,3.15,766.14,1.0280481572348354
2000-10-15,0.0,226.97,10.38,2.74,742.6,0.9617224696712977
2000-10-16,16.03,98.9,9.77,5.61,913.16,2.205329111487631
2000-10-17,20.32,97.89,9.01,4.96,873.91,10.910575604201965
2000-10-18,12.56,141.96,9.89,3.62,793.63,11.9386237614368
2000-10-19,22.87,152.85,9.77,2.87,753.35,5.554776333446289
2000-10-20,24.85,182.17,10.77,1.38,681.31,28.52004565232124
2000-10-21,0.0,175.54,7.96,1.98,705.25,9.119782039986445
2000-10-22,0.0,224.34,10.22,1.96,706.0,5.554776333446289
2000-10-23,0.0,186.0,11.04,4.53,842.74,4.2614254259573014
2000-10-24,0.0,180.33,12.1,5.95,926.9,3.565005706540155
2000-10-25,0.0,201.45,14.28,7.1,1008.4,3.117307315486275
2000-10-26,0.0,146.88,10.73,5.97,920.3,2.785678877668586
2000-10-27,21.57,101.64,8.52,4.29,830.74,2.918330252795662
2000-10-28,21.63,77.18,6.84,3.69,798.51,11.026645557438156
2000-10-29,11.2,109.92,8.0,3.24,775.78,18.23956407997289
2000-10-30,0.0,157.32,7.62,2.4,726.22,8.788153602168755
2000-10-31,0.0,197.08,9.03,1.89,701.21,6.218033209081667
2000-11-01,0.0,179.18,7.94,1.69,692.66,5.0075894110471015
2000-11-02,0.0,150.8,8.91,3.79,802.13,4.3443325354117235
2000-11-03,8.67,144.81,11.24,4.09,807.46,3.962959831921382
2000-11-04,10.39,141.82,9.64,2.47,732.86,5.902986193154861
2000-11-05,6.15,62.64,5.6,2.88,753.02,4.5930538637749905
2000-11-06,5.39,92.69,6.75,2.7,745.86,4.195099738393764
2000-11-07,6.17,81.34,6.5,2.97,757.73,3.763982769230769
2000-11-08,10.89,103.94,6.06,1.39,674.76,3.631331394103693
2000-11-09,2.11,173.17,4.07,-3.7,469.18,3.3162843781768885
2000-11-10,0.0,219.3,4.04,-6.85,368.38,3.0841444717045063
2000-11-11,0.0,219.32,4.36,-7.43,351.93,2.852004565232124
2000-11-12,0.0,183.18,3.83,-3.86,462.44,2.7193531901050485
2000-11-13,0.0,113.02,3.91,-0.25,600.44,2.6364460806506265
2000-11-14,0.0,207.8,7.49,-4.24,447.74,2.5037947055235508
2000-11-15,0.0,209.34,8.28,-5.11,420.79,2.371143330396475
2000-11-16,0.0,202.95,8.19,-4.41,443.16,2.2716547990511686
2000-11-17,0.0,163.29,6.54,-1.26,560.17,2.1887476895967466
2000-11-18,0.0,160.63,7.07,-0.77,577.77,2.139003423924093
2000-11-19,0.0,147.42,6.52,-0.44,593.36,2.0726777363605557
2000-11-20,0.0,155.72,9.83,1.85,702.49,2.022933470687902
2000-11-21,0.0,75.18,3.92,0.63,635.18,1.9731892050152489
2000-11-22,0.0,151.77,8.33,0.55,632.17,1.8737006736699422
2000-11-23,10.32,116.36,8.35,0.08,612.93,2.6861903463232797
2000-11-24,2.64,65.99,5.81,2.25,717.88,2.4540504398508975
2000-11-25,13.98,87.81,8.37,2.74,746.31,2.487213283632667
2000-11-26,31.33,49.73,5.24,2.24,715.89,5.737171974246017
2000-11-27,36.51,117.47,5.29,-3.53,474.52,5.753753396136902
2000-11-28,6.83,118.44,4.76,-4.24,449.24,4.079029785157573
2000-11-29,17.78,47.3,5.37,2.42,720.69,4.427239644866146
2000-11-30,14.09,43.8,5.97,3.23,776.13,12.35315930870891
2000-12-01,15.83,45.07,6.18,3.33,784.74,10.877412760420194
2000-12-02,14.03,80.79,6.84,1.37,673.88,18.23956407997289
2000-12-03,0.0,98.52,5.87,0.87,639.69,9.302177680786173
2000-12-04,0.0,126.16,8.95,2.03,711.72,6.715475865808199
2000-12-05,0.0,94.39,7.25,2.33,724.09,5.836660505591324
2000-12-06,0.0,105.93,7.39,1.71,693.88,5.853241927482208
2000-12-07,0.0,101.21,7.74,2.35,725.01,5.538194911555404
2000-12-08,0.0,140.46,5.79,-2.89,496.54,4.941263723483564
2000-12-09,0.0,135.84,3.52,-4.55,438.26,4.443821066757031
2000-12-10,0.0,104.48,-2.21,-7.61,348.17,4.02928551948492
2000-12-11,0.0,109.11,-2.19,-7.85,341.44,3.6810756597763468
2000-12-12,0.0,154.25,2.66,-7.97,335.43,3.399191487631311
2000-12-13,0.0,149.22,2.41,-7.52,348.17,3.2333772687224664
2000-12-14,14.09,122.61,3.7,-6.79,367.58,3.1504701592680444
2000-12-15,11.02,119.73,2.49,-7.08,362.58,3.0841444717045063
2000-12-16,40.58,86.84,6.6,0.72,640.45,12.319996464927142
2000-12-17,9.13,144.78,4.82,-4.77,433.07,10.396551525584545
2000-12-18,2.37,149.35,6.3,-3.88,463.06,6.400428849881394
2000-12-19,2.83,121.71,3.97,-4.72,435.32,5.272892161301253
2000-12-20,4.79,105.9,4.81,-2.93,494.6,4.62621670755676
2000-12-21,19.26,45.82,5.75,2.88,750.62,5.2231478956286
2000-12-22,25.44,37.89,5.26,2.95,757.56,8.854479289732293
2000-12-23,17.97,37.05,5.08,2.85,751.19,12.220507933581834
2000-12-24,9.91,98.08,5.08,-1.62,546.1,10.180993041003047
2000-12-25,1.75,67.48,7.71,4.08,806.61,8.240966679769569
2000-12-26,5.35,63.03,8.27,4.14,813.3,8.224385257878684
2000-12-27,0.0,105.04,6.98,1.68,689.74,7.776686866824805
2000-12-28,2.4,103.28,8.49,2.4,720.86,6.632568756353777
2000-12-29,0.0,78.33,7.59,3.77,802.16,6.035637568281937
2000-12-30,9.94,81.77,9.68,4.0,805.62,6.615987334462893
2000-12-31,4.97,80.05,8.63,3.89,803.89,7.76010544493392
2001-01-01,0.64,165.06,9.8,-1.0,569.5,6.848127240935275
2001-01-02,0.0,20.03,-1.39,3.97,807.94,6.035637568281937
2001-01-03,11.92,127.09,12.01,1.52,680.55,6.1185446777363595
2001-01-04,27.3,117.27,10.51,1.83,698.91,14.26002282616062
2001-01-05,25.21,119.6,9.11,0.38,631.24,33.328658000677734
2001-01-06,0.0,192.29,10.08,-3.73,467.76,14.392674201287699
2001-01-07,0.0,23.64,-3.12,0.67,636.89,10.081504509657742
2001-01-08,3.77,20.89,-1.99,-0.8,577.29,8.77157218027787
2001-01-09,9.69,109.16,5.95,-1.14,563.79,7.859593976279226
2001-01-10,6.18,108.78,5.82,-1.15,563.39,7.876175398170111
2001-01-11,0.0,135.8,5.24,-1.0,569.2,7.1134299911894265
2001-01-12,4.34,102.8,5.02,-1.25,558.3,6.466754537444933
2001-01-13,4.06,79.18,1.48,-3.0,492.49,5.902986193154861
2001-01-14,0.0,150.5,1.59,-5.12,421.35,5.388962114537445
2001-01-15,0.0,198.73,5.56,-5.45,408.02,4.974426567265334
2001-01-16,0.0,194.25,5.33,-4.75,433.18,4.659379551338528
2001-01-17,3.26,124.44,4.4,-2.05,527.41,4.460402488647915
2001-01-18,8.58,100.06,7.17,1.5,680.0,5.156822208065061
2001-01-19,6.59,152.99,9.71,-1.49,551.73,6.151707521518128
2001-01-20,17.47,140.04,8.47,-0.44,592.05,5.455287802100982
2001-01-21,20.96,109.61,5.89,-0.15,603.99,8.340455211114875
2001-01-22,2.79,31.28,-1.63,-1.23,559.64,7.660616913588613
2001-01-23,3.29,150.97,10.89,1.12,655.38,6.566243068790239
2001-01-24,3.73,102.91,4.47,-0.88,575.83,6.019056146391053
2001-01-25,0.0,226.1,6.9,-4.57,438.09,5.422124958319213
2001-01-26,0.0,237.19,10.41,-3.08,487.79,4.908100879701795
2001-01-27,0.0,228.76,8.63,-2.68,505.68,4.543309598102337
2001-01-28,15.74,153.11,7.89,-0.91,572.63,4.3443325354117235
2001-01-29,14.85,103.92,2.99,-2.07,525.9,4.4769839105388
2001-01-30,11.29,133.17,4.47,-2.2,522.88,4.4769839105388
2001-01-31,0.0,199.48,7.14,-0.58,586.92,4.659379551338528
2001-02-01,11.63,176.93,11.06,-0.21,601.57,4.427239644866146
2001-02-02,13.54,134.13,4.87,-1.8,539.65,5.571357755337172
2001-02-03,13.53,155.63,3.72,-4.12,453.74,5.372380692646559
2001-02-04,10.0,186.42,10.85,-0.68,583.61,6.732057287699083
2001-02-05,4.48,167.12,4.12,-4.22,450.35,6.6988944439173155
2001-02-06,3.82,38.59,0.03,-0.42,594.38,5.621102021009826
2001-02-07,4.09,208.03,3.1,-8.98,312.31,4.8417751921382575
2001-02-08,6.69,176.39,2.99,-4.98,425.31,4.4769839105388
2001-02-09,0.0,266.21,5.69,-4.55,438.95,4.128774050830226
2001-02-10,0.0,216.78,2.98,-4.3,444.07,3.863471300576075
2001-02-11,0.0,294.05,7.82,-5.15,420.02,3.6147499722128087
2001-02-12,0.0,305.04,8.49,-6.31,382.61,3.399191487631311
2001-02-13,0.0,300.93,9.82,-4.63,437.06,3.249958690613351
2001-02-14,0.0,284.78,8.54,-3.55,467.19,3.1504701592680444
2001-02-15,12.12,219.12,7.17,-5.53,407.72,3.0012373622500843
2001-02-16,14.53,204.18,5.39,-5.12,421.55,3.034400206031853
2001-02-17,8.06,184.45,8.51,-0.46,591.9,2.9680745184683155
2001-02-18,3.95,214.8,9.44,-2.03,529.29,3.3162843781768885
2001-02-19,0.0,319.99,12.01,-2.82,497.08,3.1836330030498132
2001-02-20,0.0,318.69,13.73,-0.99,560.59,3.117307315486275
2001-02-21,2.11,247.07,10.74,-0.28,597.75,3.249958690613351
2001-02-22,0.0,317.87,11.6,-2.32,517.04,3.399191487631311
2001-02-23,0.0,287.74,8.2,-2.93,494.1,3.299702956286004
2001-02-24,0.0,282.21,5.78,-4.66,434.09,3.1836330030498132
2001-02-25,0.0,346.48,9.4,-6.53,377.29,3.034400206031853
2001-02-26,0.0,348.19,10.78,-5.19,419.3,2.918330252795662
2001-02-27,0.0,328.8,11.9,-1.97,524.31,2.83542314334124
2001-02-28,0.0,337.38,12.7,-1.97,522.67,2.802260299559471
2001-03-01,20.16,213.19,7.53,-3.05,488.33,3.0841444717045063
2001-03-02,12.59,243.29,7.5,-5.44,410.39,3.1836330030498132
2001-03-03,5.18,247.92,4.62,-7.07,360.45,3.0178187841409687
2001-03-04,0.0,320.9,5.86,-5.9,394.75,2.8685859871230086
2001-03-05,0.0,331.45,14.37,1.42,673.44,2.9349116746865467
2001-03-06,0.0,362.86,18.26,1.81,699.53,3.3162843781768885
2001-03-07,0.0,358.04,18.91,2.85,749.9,3.9132155662487285
2001-03-08,2.68,213.04,10.07,0.72,644.02,4.576472441884106
2001-03-09,1.03,336.83,11.65,-1.51,550.14,4.311169691629956
2001-03-10,0.0,332.04,9.88,-2.82,499.17,4.045866941375804
2001-03-11,0.0,329.14,10.3,-2.14,522.66,3.763982769230769
2001-03-12,0.0,302.0,12.21,1.15,664.95,3.6810756597763468
2001-03-13,10.6,185.77,8.46,0.05,616.5,4.2614254259573014
2001-03-14,8.83,265.26,8.77,-4.59,437.58,4.012704097594035
2001-03-15,7.37,208.62,6.53,-2.68,506.88,3.9463784100304977
2001-03-16,4.63,224.47,5.17,-4.13,453.19,3.6810756597763468
2001-03-17,10.56,235.55,9.41,-0.82,578.3,3.482098597085733
2001-03-18,19.87,245.47,12.47,1.23,669.25,7.527965538461538
2001-03-19,12.19,272.74,9.85,-3.1,488.81,10.496040056929854
2001-03-20,0.0,352.75,9.74,-2.33,517.61,6.499917381226702
2001-03-21,0.0,401.09,12.22,-2.81,498.79,5.422124958319213
2001-03-22,0.0,394.78,14.12,-0.57,587.92,4.8417751921382575
2001-03-23,0.0,412.41,17.17,0.76,642.04,4.543309598102337
2001-03-24,9.0,282.96,17.5,3.49,789.87,5.156822208065061
2001-03-25,10.86,253.4,11.85,0.64,645.35,11.822553808200608
2001-03-26,9.85,219.8,6.93,-2.14,525.4,9.07003777431379
2001-03-27,15.34,226.89,6.88,-2.28,519.45,7.013941459844119
2001-03-28,8.37,205.99,7.31,-0.65,586.29,6.765220131480853
2001-03-29,3.82,218.24,4.94,-3.35,481.35,6.151707521518128
2001-03-30,8.23,222.36,7.4,-0.93,573.95,5.5879391772280576
2001-03-31,8.2,296.88,12.83,0.07,618.86,6.1185446777363595
2001-04-01,11.64,327.0,11.21,-3.82,467.49,5.902986193154861
2001-04-02,6.04,304.86,7.37,-5.24,416.26,5.306055005083023
2001-04-03,6.46,275.66,6.25,-4.46,440.92,4.825193770247372
2001-04-04,0.7,440.76,14.23,-2.16,520.99,4.4769839105388
2001-04-05,9.18,274.31,8.53,-1.01,568.89,4.3443325354117235
2001-04-06,11.27,193.9,2.12,-4.39,444.41,4.1453554727211115
2001-04-07,7.06,293.83,4.99,-5.73,400.34,3.88005272246696
2001-04-08,0.52,443.76,8.09,-5.44,411.24,3.6644942378854624
2001-04-09,3.33,382.34,9.54,-3.54,473.56,3.4986800189766174
2001-04-10,8.37,180.42,3.63,-2.12,526.77,3.448935753303964
2001-04-11,4.58,383.55,13.3,-3.95,461.3,3.332865800067773
2001-04-12,5.83,287.52,6.59,-3.56,472.95,3.249958690613351
2001-04-13,6.08,302.15,5.49,-5.09,422.0,3.13388873737716
2001-04-14,2.0,453.48,9.85,-5.37,412.06,2.9514930965774306
2001-04-15,0.0,502.84,14.18,-2.55,509.33,2.852004565232124
2001-04-16,6.62,347.29,16.04,1.51,678.77,2.885167409013893
2001-04-17,15.85,336.23,14.45,0.97,656.88,6.300940318536089
2001-04-18,6.67,296.48,10.79,-0.01,611.54,6.433591693663164
2001-04-19,0.0,442.12,11.15,-1.42,552.96,5.322636426973906
2001-04-20,0.0,509.37,15.89,-1.32,557.21,4.642798129447645
2001-04-21,0.0,447.15,14.06,1.08,656.84,4.311169691629956
2001-04-22,14.67,274.93,9.05,-0.31,601.86,4.278006847848186
2001-04-23,13.0,315.47,14.17,4.07,820.61,5.5879391772280576
2001-04-24,0.0,475.2,19.18,4.66,854.31,6.068800412063706
2001-04-25,0.0,499.67,23.25,6.02,935.26,7.246081366316502
2001-04-26,0.0,454.09,20.45,6.59,967.74,8.655502227041678
2001-04-27,1.44,423.92,15.08,2.75,748.03,8.075152460860723
2001-04-28,12.23,229.66,7.69,-0.01,614.86,7.1963371006438495
2001-04-29,16.22,312.78,11.49,-0.08,610.58,7.013941459844119
2001-04-30,20.99,284.35,10.43,0.43,634.63,9.318759102677056
2001-05-01,9.92,281.62,8.41,-1.24,560.67,8.854479289732293
2001-05-02,0.0,475.49,12.41,-1.38,554.11,7.163174256862079
2001-05-03,0.0,467.96,14.08,0.46,629.94,6.483335959335817
2001-05-04,0.0,505.57,16.11,0.13,619.45,6.300940318536089
2001-05-05,6.41,299.0,8.67,-1.12,565.55,6.831545819044391
2001-05-06,0.0,522.9,15.49,-2.03,528.59,5.869823349373093
2001-05-07,0.0,519.66,19.79,1.65,688.3,5.604520599118942
2001-05-08,0.0,437.22,14.0,1.43,678.71,5.936149036936631
2001-05-09,0.0,461.49,13.75,0.07,613.05,6.251196052863435
2001-05-10,0.0,491.74,15.3,-0.37,596.65,6.035637568281937
2001-05-11,0.0,501.71,21.2,4.1,821.02,6.168288943409013
2001-05-12,0.0,478.71,21.35,5.48,912.19,7.478221272788884
2001-05-13,8.11,212.02,11.78,4.41,841.5,8.108315304642492
2001-05-14,21.17,271.92,13.04,3.12,768.41,10.595528588275158
2001-05-15,18.84,300.79,13.15,2.01,709.12,11.573832479837343
2001-05-16,13.09,237.74,9.14,1.02,658.63,13.845487278888509
2001-05-17,0.0,322.31,8.18,0.09,616.35,9.25243341511352
2001-05-18,0.0,429.18,12.44,0.71,645.84,7.5611283822433055
2001-05-19,0.0,459.15,15.16,1.96,705.93,6.964197194171466
2001-05-20,0.0,532.51,18.36,0.08,615.57,6.7818015533717375
2001-05-21,0.0,534.56,24.87,4.59,847.59,7.13001141308031
2001-05-22,0.0,506.66,30.21,10.61,1288.96,10.346807259911893
2001-05-23,0.0,501.56,29.32,10.11,1249.19,12.436066418163334
2001-05-24,0.0,448.12,24.06,9.46,1196.55,11.34169257336496
2001-05-25,0.0,486.14,24.85,7.87,1069.7,10.131248775330395
2001-05-26,0.0,459.2,24.26,8.98,1158.21,9.832783181294475
2001-05-27,0.0,440.17,19.56,5.89,928.91,9.053456352422906
2001-05-28,10.72,288.6,12.17,1.15,667.01,8.357036633005759
2001-05-29,0.1,394.24,10.43,-0.85,576.93,6.831545819044391
2001-05-30,0.0,483.14,19.92,3.61,794.2,6.1185446777363595
2001-05-31,0.0,499.3,27.33,8.16,1092.55,6.499917381226702
2001-06-01,0.0,489.68,20.14,2.93,758.66,7.527965538461538
2001-06-02,7.66,201.93,9.37,1.96,707.02,6.897871506607928
2001-06-03,7.0,289.67,11.82,0.58,639.76,6.035637568281937
2001-06-04,3.36,309.09,13.38,1.14,664.1,5.438706380210097
2001-06-05,6.43,194.6,10.63,3.65,797.11,5.306055005083023
2001-06-06,0.0,361.7,15.59,5.46,903.16,5.322636426973906
2001-06-07,0.0,471.53,20.19,4.9,868.34,5.355799270755675
2001-06-08,4.78,279.5,19.37,8.41,1112.97,5.455287802100982
2001-06-09,4.66,243.8,12.41,3.64,797.42,5.985893302609283
2001-06-10,10.74,255.43,12.45,3.39,784.32,5.571357755337172
2001-06-11,13.22,220.73,9.35,1.92,705.19,6.300940318536089
2001-06-12,1.93,421.21,15.05,1.32,673.79,5.554776333446289
2001-06-13,0.0,490.49,19.22,3.25,772.95,4.957845145374448
2001-06-14,0.0,384.43,15.61,4.89,866.86,4.9246823015926795
2001-06-15,0.0,408.0,14.57,2.97,760.65,4.891519457810911
2001-06-16,0.0,396.49,14.8,3.51,788.67,4.642798129447645
2001-06-17,0.0,449.87,16.39,2.67,742.64,4.526728176211453
2001-06-18,0.0,509.56,20.98,2.74,746.83,4.360913957302609
2001-06-19,0.0,506.8,25.38,6.48,958.47,4.377495379193493
2001-06-20,0.0,481.26,26.75,9.54,1203.53,4.6759609732294125
2001-06-21,0.0,440.37,25.35,10.97,1317.48,5.024170832937986
2001-06-22,0.0,447.93,19.67,5.84,928.72,4.957845145374448
2001-06-23,0.0,354.68,13.09,3.55,790.71,4.410658222975262
2001-06-24,12.52,239.68,12.28,3.97,816.22,4.294588269739071
2001-06-25,6.34,341.31,15.72,3.16,772.94,4.079029785157573
2001-06-26,0.0,471.46,21.72,6.75,983.55,3.863471300576075
2001-06-27,9.97,282.22,21.32,10.57,1285.39,7.13001141308031
2001-06-28,0.0,294.28,13.17,5.61,912.3,7.3124070538800385
2001-06-29,0.0,506.4,20.79,3.66,796.56,5.040752254828871
2001-06-30,0.0,491.36,21.81,5.7,917.92,4.443821066757031
2001-07-01,0.0,525.41,22.25,3.04,763.25,4.195099738393764
2001-07-02,0.0,499.96,25.98,7.78,1060.25,4.012704097594035
2001-07-03,0.0,484.17,28.7,10.8,1300.73,4.079029785157573
2001-07-04,0.0,431.07,25.72,11.66,1372.26,4.1453554727211115
2001-07-05,0.0,463.36,22.19,6.69,977.93,3.979541253812266
2001-07-06,0.0,442.56,21.52,7.11,1008.79,3.6147499722128087
2001-07-07,0.0,455.46,23.0,7.63,1048.93,3.448935753303964
2001-07-08,0.0,466.01,25.03,8.5,1117.16,3.3494472219586577
2001-07-09,0.0,461.24,27.53,10.51,1277.87,3.3660286438495417
2001-07-10,0.0,413.21,25.76,11.59,1367.1,3.3660286438495417
2001-07-11,0.0,424.46,25.51,10.6,1285.86,3.249958690613351
2001-07-12,0.0,400.02,23.95,10.4,1271.01,3.100725893595391
2001-07-13,0.0,404.84,22.79,9.19,1173.49,2.885167409013893
2001-07-14,0.0,384.26,20.92,8.37,1109.57,2.785678877668586
2001-07-15,0.0,262.08,14.43,6.74,984.88,2.702771768214164
2001-07-16,6.14,214.93,13.88,5.45,904.44,2.6032832368688577
2001-07-17,9.51,175.88,13.6,7.31,1027.72,2.487213283632667
2001-07-18,0.0,406.48,20.31,7.23,1019.24,2.38772475228736
2001-07-19,0.0,329.4,16.91,7.31,1024.46,2.3213990647238223
2001-07-20,0.0,415.28,22.15,8.74,1137.92,2.2716547990511686
2001-07-21,0.0,355.83,21.73,10.96,1316.45,2.2384919552694
2001-07-22,0.0,345.55,21.41,11.09,1327.14,2.2384919552694
2001-07-23,0.0,384.3,24.29,12.05,1403.72,2.2219105333785154
2001-07-24,0.0,389.59,22.94,10.51,1279.41,2.255073377160284
2001-07-25,0.0,431.38,23.88,9.23,1172.92,2.155584845814978
2001-07-26,0.0,415.13,24.23,10.36,1264.88,2.0726777363605557
2001-07-27,0.0,335.15,20.87,10.7,1295.72,2.022933470687902
2001-07-28,8.99,216.28,16.06,7.71,1057.87,2.1224220020332085
2001-07-29,2.34,271.75,15.64,6.47,969.52,1.989770626906133
2001-07-30,0.0,429.88,20.04,6.05,924.55,1.906863517451711
2001-07-31,0.0,399.13,19.29,7.01,993.77,1.8073749861064043
2001-08-01,0.0,422.3,21.06,7.59,1028.78,1.7410492985428665
2001-08-02,3.85,260.89,20.6,11.32,1345.07,1.7742121423246355
2001-08-03,7.3,278.92,20.66,10.03,1237.31,2.205329111487631
2001-08-04,4.89,274.41,18.13,8.76,1140.53,2.3379804866147063
2001-08-05,0.0,435.25,21.62,7.7,1038.83,1.989770626906133
2001-08-06,0.24,411.36,23.05,10.17,1232.81,2.255073377160284
2001-08-07,0.0,467.67,23.89,7.44,993.36,2.0063520487970177
2001-08-08,0.0,483.05,27.37,8.5,1036.96,1.8239564079972888
2001-08-09,0.0,470.78,31.05,11.93,1295.28,1.7410492985428665
2001-08-10,0.0,439.89,29.88,13.51,1480.55,1.7078864547610977
2001-08-11,0.0,422.02,28.65,13.62,1516.72,1.6913050328702133
2001-08-12,0.0,431.75,29.14,13.24,1449.46,1.6415607671975598
2001-08-13,0.0,411.23,27.72,13.32,1431.89,1.5918165015249066
2001-08-14,0.0,390.78,24.56,11.59,1269.33,1.5586536577431376
2001-08-15,0.0,366.15,24.24,12.32,1322.58,1.5254908139613688
2001-08-16,0.0,308.58,20.36,10.89,1293.84,1.4923279701796
2001-08-17,0.0,393.87,21.76,8.62,1025.31,1.459165126397831
2001-08-18,0.0,343.95,17.92,7.2,996.38,1.3596765950525243
2001-08-19,0.0,440.1,21.25,5.12,780.71,1.2933509074889866
2001-08-20,0.0,388.28,19.79,6.72,923.36,1.2436066418163334
2001-08-21,28.03,237.87,19.35,9.17,1173.45,2.4208875960691287
2001-08-22,47.28,239.63,18.09,7.82,1069.35,30.509816279227376
2001-08-23,18.58,260.03,18.54,7.1,1013.91,20.56096314469671
2001-08-24,0.02,330.39,17.42,6.97,1000.96,11.30852972958319
2001-08-25,0.0,430.79,24.05,7.07,1005.56,6.632568756353777
2001-08-26,0.0,389.39,24.66,10.16,1253.12,5.024170832937986
2001-08-27,0.0,383.41,24.53,10.15,1252.01,4.211681160284649
2001-08-28,0.0,331.78,24.61,12.73,1458.03,3.7308199254489995
2001-08-29,0.0,343.09,24.44,12.0,1400.36,3.4157729095221954
2001-08-30,0.0,326.3,24.37,12.66,1453.34,3.1836330030498132
2001-08-31,0.04,288.44,19.82,10.18,1254.37,2.9349116746865467
2001-09-01,4.41,231.62,18.99,8.39,1111.4,3.067563049813622
2001-09-02,2.5,319.95,20.87,6.78,988.51,2.7525160338868173
2001-09-03,3.97,232.28,17.34,7.13,1014.01,2.6530275025415113
2001-09-04,0.0,310.3,17.43,6.75,985.07,2.470631861741782
2001-09-05,0.0,388.94,18.37,3.23,773.91,2.3213990647238223
2001-09-06,0.0,361.32,19.22,5.66,914.73,2.205329111487631
2001-09-07,0.0,374.4,20.91,6.32,951.81,2.1224220020332085
2001-09-08,0.0,375.77,22.76,7.73,1058.64,2.022933470687902
2001-09-09,0.0,376.85,24.05,8.57,1124.38,1.9731892050152489
2001-09-10,0.0,369.63,23.73,8.64,1127.98,1.906863517451711
2001-09-11,0.0,365.79,24.45,9.37,1183.6,1.8571192517790576
2001-09-12,0.0,354.21,25.22,10.61,1284.63,1.8073749861064043
2001-09-13,0.0,346.24,25.33,11.01,1317.86,1.7907935642155197
2001-09-14,0.0,314.27,24.36,11.91,1393.07,1.7410492985428665
2001-09-15,0.0,320.58,24.08,11.11,1328.48,1.7078864547610977
2001-09-16,0.0,266.15,20.83,10.92,1313.37,1.6581421890884442
2001-09-17,0.0,261.32,17.81,8.29,1103.26,1.608397923415791
2001-09-18,0.0,273.51,17.7,7.67,1053.73,1.5586536577431376
2001-09-19,0.0,301.85,14.92,3.71,800.84,1.5089093920704844
2001-09-20,0.0,327.76,20.41,6.97,997.52,1.459165126397831
2001-09-21,0.0,272.24,19.45,9.0,1160.0,1.4425837045069465
2001-09-22,0.0,61.2,10.69,11.43,1354.64,1.4425837045069465
2001-09-23,0.0,290.83,23.71,11.76,1381.15,1.392839438834293
2001-09-24,0.0,253.35,22.2,12.4,1431.79,1.3596765950525243
2001-09-25,5.95,195.99,20.52,10.39,1271.12,1.3265137512707557
2001-09-26,11.1,218.22,14.69,3.44,789.09,2.8685859871230086
2001-09-27,0.0,283.23,12.46,1.86,698.97,2.1224220020332085
2001-09-28,0.0,329.45,16.81,2.66,743.0,1.6415607671975598
2001-09-29,0.0,72.27,7.03,6.35,947.95,1.5254908139613688
2001-09-30,0.0,310.95,21.79,8.1,1087.83,1.4425837045069465
2001-10-01,0.0,298.34,21.17,8.17,1093.22,1.3596765950525243
2001-10-02,0.0,315.67,21.22,6.6,968.37,1.2767694855981022
2001-10-03,0.0,315.17,20.23,5.41,912.04,1.2270252199254488
2001-10-04,0.0,328.2,23.57,6.08,933.48,1.1606995323619111
2001-10-05,0.0,327.37,22.93,5.15,889.15,1.0943738447983733
2001-10-06,0.0,320.26,20.43,3.52,788.01,1.0612110010166043
2001-10-07,1.41,232.55,14.4,4.44,835.85,1.0280481572348354
2001-10-08,0.0,258.69,12.78,1.58,687.73,1.0446295791257199
2001-10-09,1.56,205.22,10.37,1.09,662.01,1.0280481572348354
2001-10-10,11.82,204.5,14.36,1.73,691.69,1.459165126397831
2001-10-11,7.67,178.9,11.38,1.16,665.96,1.7410492985428665
2001-10-12,9.09,213.61,16.23,1.88,702.8,2.139003423924093
2001-10-13,8.48,159.5,11.66,2.7,745.72,1.989770626906133
2001-10-14,13.85,121.31,10.58,4.39,837.69,1.8405378298881734
2001-10-15,0.0,201.76,12.58,4.14,814.19,1.5254908139613688
2001-10-16,3.69,207.85,15.23,0.82,648.78,1.3762580169434087
2001-10-17,2.88,211.12,12.61,-1.21,560.15,1.309932329379871
2001-10-18,4.6,174.48,11.57,0.62,639.04,1.2270252199254488
2001-10-19,4.44,208.48,13.89,2.65,742.67,1.5089093920704844
2001-10-20,1.32,205.78,11.26,0.79,647.55,1.3596765950525243
2001-10-21,9.74,174.11,13.31,1.59,687.42,1.5752350796340222
2001-10-22,28.58,137.24,10.62,1.99,707.17,4.510146754320568
2001-10-23,16.56,126.19,8.4,0.65,643.82,8.522850851914603
2001-10-24,19.15,146.0,9.26,-0.2,605.15,5.0075894110471015
2001-10-25,13.35,26.75,2.04,2.04,708.99,6.665731600135546
2001-10-26,19.04,167.66,14.05,1.91,703.59,6.002474724500169
2001-10-27,16.56,99.57,4.85,-1.16,565.09,7.776686866824805
2001-10-28,0.58,227.49,9.45,-3.61,471.38,5.355799270755675
2001-10-29,0.0,225.34,10.77,-1.91,532.45,4.2614254259573014
2001-10-30,23.08,139.54,12.12,2.3,722.46,6.615987334462893
2001-10-31,26.22,83.19,7.83,2.52,735.24,18.073749861064044
2001-11-01,12.77,132.18,12.34,3.04,763.73,9.832783181294475
2001-11-02,9.21,145.85,10.04,0.95,657.28,8.191222414096915
2001-11-03,0.0,81.2,6.48,2.87,752.04,6.26777747475432
2001-11-04,5.99,136.49,12.77,3.25,773.76,5.48845064588275
2001-11-05,5.72,147.07,8.33,-2.03,528.27,5.024170832937986
2001-11-06,2.75,154.87,8.4,-1.33,556.17,4.377495379193493
2001-11-07,1.34,47.38,-0.17,-1.3,557.07,3.979541253812266
2001-11-08,0.0,39.47,0.75,1.57,684.0,3.631331394103693
2001-11-09,0.0,160.0,10.24,2.25,722.53,3.3660286438495417
2001-11-10,0.0,151.17,10.65,3.14,765.48,3.167051581158929
2001-11-11,11.61,117.8,12.48,4.52,841.6,3.1836330030498132
2001-11-12,17.15,91.64,11.4,5.59,911.25,11.258785463910536
2001-11-13,38.7,94.2,10.12,4.08,823.53,19.068635174517112
2001-11-14,80.77,94.78,12.2,5.94,933.04,57.537533961369014
2001-11-15,51.74,119.69,12.17,3.69,801.66,66.15987334462893
2001-11-16,12.88,77.87,5.69,0.95,656.48,30.178187841409684
2001-11-17,7.82,140.33,7.55,-2.21,522.75,16.913050328702134
2001-11-18,0.0,187.19,12.19,0.31,622.46,12.270252199254488
2001-11-19,53.23,113.38,11.9,3.75,799.88,46.262167075567596
2001-11-20,39.1,85.7,8.0,2.51,735.51,69.64197194171467
2001-11-21,30.11,72.76,6.46,1.95,705.89,53.55799270755675
2001-11-22,28.41,55.09,4.66,1.35,675.13,37.30819925449
2001-11-23,3.07,118.01,7.9,-0.82,579.46,24.872132836326667
2001-11-24,6.47,73.07,2.63,-1.99,533.87,17.9079356421552
2001-11-25,2.29,103.14,2.31,-3.4,480.0,13.928394388342932
2001-11-26,9.1,131.84,6.28,-4.01,458.89,11.507506792273803
2001-11-27,4.37,130.92,3.5,-4.02,458.58,10.015178822094203
2001-11-28,40.19,97.55,3.01,-3.5,473.26,9.865946025076244
2001-11-29,25.16,93.8,2.91,-3.23,483.75,10.048341665875972
2001-11-30,22.98,100.53,3.87,-3.05,490.78,9.21927057133175
2001-12-01,44.51,76.32,2.8,-2.04,528.23,13.430951731616398
2001-12-02,23.51,117.45,1.2,-6.68,373.43,13.580184528634359
2001-12-03,12.04,116.39,0.18,-7.53,351.88,9.7001318061674
2001-12-04,16.8,116.96,1.64,-6.15,389.18,8.257548101660452
2001-12-05,16.67,124.83,1.9,-6.85,367.56,7.295825631989155
2001-12-06,19.1,115.17,4.55,-3.21,481.87,7.445058429007115
2001-12-07,21.51,131.93,7.5,-3.64,470.33,7.063685725516773
2001-12-08,15.98,123.44,7.22,-2.62,507.84,8.556013695696372
2001-12-09,12.51,136.48,3.8,-6.17,389.81,8.572595117587257
2001-12-10,15.23,97.61,2.72,-3.83,464.91,7.511384116570653
2001-12-11,9.26,118.24,4.76,-4.23,450.16,6.748638709589969
2001-12-12,14.5,114.78,7.38,-1.54,549.03,6.566243068790239
2001-12-13,48.45,103.51,8.69,0.92,652.3,23.711433303964753
2001-12-14,40.11,76.82,1.8,-3.37,480.41,26.032832368688577
2001-12-15,25.77,120.99,6.87,-3.29,482.45,14.226859982378853
2001-12-16,76.28,109.29,7.14,-1.47,550.36,82.57548101660453
2001-12-17,56.31,93.13,-0.12,-6.56,376.69,49.41263723483564
2001-12-18,26.44,88.96,1.4,-4.4,444.59,24.374690179600133
2001-12-19,16.19,89.94,-0.4,-6.17,389.9,16.581421890884446
2001-12-20,10.21,78.11,1.63,-3.25,484.72,13.149067559471364
2001-12-21,2.28,109.15,4.21,-2.49,511.88,11.04322697932904
2001-12-22,0.0,144.19,4.93,-2.85,496.11,9.63380611860386
2001-12-23,0.0,165.0,7.88,-2.21,519.64,8.638920805150795
2001-12-24,0.0,26.0,-4.34,-1.78,537.43,7.90933824195188
2001-12-25,0.0,29.43,-3.1,-1.96,529.95,7.295825631989155
2001-12-26,0.0,21.0,-6.66,-1.86,533.95,6.814964397153506
2001-12-27,0.0,122.99,7.94,1.98,709.39,6.582824490681124
2001-12-28,8.69,115.11,9.91,1.59,687.37,7.6440354916977284
2001-12-29,0.92,146.62,8.66,1.0,640.0,7.212918522534733
2001-12-30,0.0,150.18,8.3,0.35,624.94,6.831545819044391
2001-12-31,11.58,109.39,8.56,0.98,649.98,7.527965538461538
2002-01-01,27.81,57.54,5.14,2.26,720.63,17.57630720433751
2002-01-02,28.77,57.14,4.96,2.09,711.61,52.72892161301253
2002-01-03,16.2,63.3,3.11,-0.01,613.23,33.49447221958658
2002-01-04,17.24,88.34,3.59,-0.57,589.04,20.395148925787865
2002-01-05,31.28,38.03,3.35,1.55,680.96,19.234449393425955
2002-01-06,46.18,77.86,6.34,2.26,720.38,64.66754537444933
2002-01-07,76.68,42.82,6.51,4.37,839.21,160.17653546594374
2002-01-08,30.33,75.81,5.64,1.77,700.29,76.60616913588613
2002-01-09,5.2,68.65,3.75,0.33,628.5,41.45355472721111
2002-01-10,0.0,71.61,4.14,1.54,680.39,27.193531901050488
2002-01-11,6.34,56.36,6.33,3.59,791.81,21.058405801423245
2002-01-12,15.91,116.45,4.34,-2.24,523.09,21.22422002033209
2002-01-13,3.72,92.77,0.23,-4.32,446.42,17.078864547610976
2002-01-14,0.0,131.82,-0.97,-5.81,398.12,14.37609277939681
2002-01-15,0.25,155.68,0.33,-5.85,396.71,12.369740730599794
2002-01-16,0.0,139.92,0.45,-4.5,440.92,10.943738447983733
2002-01-17,0.0,102.41,-1.1,-4.47,442.01,9.882527446967128
2002-01-18,5.48,98.64,0.85,-3.61,470.98,9.07003777431379
2002-01-19,10.98,57.99,0.88,-1.62,547.28,8.47310658624195
2002-01-20,12.88,99.63,1.99,-2.5,512.15,8.290710945442223
2002-01-21,17.94,142.15,0.13,-6.65,374.77,7.594291226025074
2002-01-22,13.17,114.42,-1.45,-6.14,390.47,7.047104303625888
2002-01-23,12.07,159.93,2.39,-5.98,394.01,6.632568756353777
2002-01-24,35.83,31.55,1.77,1.12,661.03,12.518973527617755
2002-01-25,41.64,148.24,1.19,-5.14,421.14,16.266374874957638
2002-01-26,11.53,109.72,-4.1,-8.0,336.71,10.462877213148083
2002-01-27,13.2,146.31,-2.39,-7.95,337.27,8.47310658624195
2002-01-28,0.0,241.07,-1.24,-9.47,302.74,7.295825631989155
2002-01-29,8.12,163.88,-2.28,-8.57,321.06,6.516498803117586
2002-01-30,12.93,93.68,0.52,-2.56,507.36,6.168288943409013
2002-01-31,13.83,97.2,0.47,-2.71,503.53,5.869823349373093
2002-02-01,3.45,114.42,0.04,-3.75,467.05,5.538194911555404
2002-02-02,5.63,125.55,1.11,-3.11,486.89,5.355799270755675
2002-02-03,11.43,167.22,2.24,-3.91,462.94,6.566243068790239
2002-02-04,1.46,243.51,3.03,-5.14,420.0,5.919567615045746
2002-02-05,11.32,137.51,2.03,-2.71,504.02,5.704009130464248
2002-02-06,26.01,100.25,0.75,-2.42,516.08,6.9476157722805825
2002-02-07,18.99,119.23,0.93,-2.83,499.25,7.5611283822433055
2002-02-08,9.77,153.48,1.89,-3.18,486.17,6.433591693663164
2002-02-09,0.0,222.88,3.34,-2.44,512.39,5.704009130464248
2002-02-10,8.15,208.38,4.42,-4.15,452.24,5.372380692646559
2002-02-11,8.49,190.68,-0.16,-6.92,365.49,4.991007989156217
2002-02-12,0.0,302.64,4.68,-5.19,418.83,4.642798129447645
2002-02-13,0.0,249.84,2.05,-4.47,442.72,4.360913957302609
2002-02-14,0.0,288.33,4.45,-3.85,459.65,4.128774050830226
2002-02-15,0.0,180.61,4.46,-0.29,600.94,3.962959831921382
2002-02-16,3.83,168.31,5.16,-0.47,590.76,3.9463784100304977
2002-02-17,4.68,130.72,3.69,-0.32,595.68,3.896634144357844
2002-02-18,7.94,170.69,3.41,-1.89,536.18,4.079029785157573
2002-02-19,17.86,167.6,2.71,-2.38,518.66,8.224385257878684
2002-02-20,12.84,124.11,-1.52,-5.31,415.97,6.814964397153506
2002-02-21,46.05,125.86,4.99,1.23,666.06,32.167958468315824
2002-02-22,52.57,53.48,5.41,4.05,820.32,56.54264864791595
2002-02-23,14.08,206.97,4.56,-1.81,541.1,28.354231433412398
2002-02-24,8.06,240.33,-0.67,-8.38,328.56,17.742121423246356
2002-02-25,0.0,365.09,2.55,-8.24,328.36,12.319996464927142
2002-02-26,0.0,356.46,5.17,-4.74,430.5,9.882527446967128
2002-02-27,0.0,355.82,4.76,-4.81,428.65,8.47310658624195
2002-02-28,0.0,364.73,3.72,-6.24,386.19,7.42847700711623
2002-03-01,0.0,361.44,4.15,-5.52,406.62,6.682313022026431
2002-03-02,0.0,389.32,8.07,-4.6,438.68,6.068800412063706
2002-03-03,0.0,409.87,13.42,-7.44,351.62,5.720590552355134
2002-03-04,0.0,380.38,9.33,-2.35,515.98,5.505032067773635
2002-03-05,0.21,290.3,0.92,-5.98,396.55,5.306055005083023
2002-03-06,1.91,278.89,-0.89,-8.19,330.39,4.974426567265334
2002-03-07,2.13,314.2,-2.18,-10.25,281.79,4.642798129447645
2002-03-08,1.64,347.66,-1.66,-11.24,264.85,4.360913957302609
2002-03-09,8.3,219.88,1.78,-4.81,431.35,4.311169691629956
2002-03-10,26.5,215.23,4.27,-2.17,524.12,4.659379551338528
2002-03-11,52.05,192.94,4.79,-0.88,576.01,15.93474643713995
2002-03-12,28.01,162.42,2.63,-2.02,529.4,12.767694855981022
2002-03-13,19.33,182.36,1.6,-3.43,478.28,9.418247634022364
2002-03-14,8.95,212.38,2.39,-3.54,476.68,7.693779757370382
2002-03-15,6.37,262.32,1.17,-6.56,378.27,6.632568756353777
2002-03-16,7.54,288.45,0.87,-7.89,341.85,5.886404771263978
2002-03-17,4.45,281.83,-2.21,-10.15,287.04,5.272892161301253
2002-03-18,9.77,306.21,0.83,-8.46,325.38,4.858356614029142
2002-03-19,15.83,188.04,1.23,-3.6,470.72,4.6759609732294125
2002-03-20,13.68,183.18,0.89,-3.72,467.37,4.642798129447645
2002-03-21,8.02,293.44,6.36,-2.21,519.46,4.311169691629956
2002-03-22,0.0,370.56,9.57,1.5,679.84,4.3443325354117235
2002-03-23,0.0,377.86,9.37,1.05,658.1,4.543309598102337
2002-03-24,0.6,231.83,6.08,1.35,673.77,4.891519457810911
2002-03-25,0.0,322.05,6.5,-0.25,601.38,5.123659364283293
2002-03-26,0.0,389.38,5.52,-2.96,494.96,5.156822208065061
2002-03-27,4.04,273.67,2.54,-4.3,449.05,4.908100879701795
2002-03-28,6.15,160.61,3.06,-0.98,571.67,4.709123817011182
2002-03-29,2.92,227.99,4.68,-0.79,581.01,4.543309598102337
2002-03-30,0.0,251.1,3.41,-1.26,559.66,4.394076801084378
2002-03-31,0.0,379.0,6.16,-1.18,564.43,4.377495379193493
2002-04-01,2.57,294.3,4.4,-2.01,533.68,4.62621670755676
2002-04-02,0.0,499.91,8.53,-3.69,469.15,4.692542395120298
2002-04-03,0.0,507.0,12.99,-0.48,590.83,4.709123817011182
2002-04-04,0.0,516.71,17.48,1.43,674.2,5.206566473737715
2002-04-05,0.0,390.66,10.86,2.9,754.38,6.350684584208742
2002-04-06,3.47,239.92,7.14,1.46,680.25,7.047104303625888
2002-04-07,4.34,242.11,3.4,-1.74,540.88,6.931034350389697
2002-04-08,0.0,526.8,11.35,-2.92,494.18,6.284358896645204
2002-04-09,9.98,328.77,10.36,1.42,679.47,9.036874930532022
2002-04-10,18.7,253.98,7.39,1.4,679.2,13.895231544561165
2002-04-11,11.95,48.99,2.12,3.15,770.12,14.74088406099627
2002-04-12,16.98,191.16,8.18,3.88,810.66,17.9079356421552
2002-04-13,29.77,234.08,9.9,4.52,847.22,28.685859871230086
2002-04-14,32.42,270.31,4.21,-2.22,522.36,38.96634144357844
2002-04-15,12.4,287.36,4.91,-1.78,539.62,18.902820955608266
2002-04-16,13.31,251.96,3.18,-2.42,516.03,13.530440262961706
2002-04-17,8.13,332.81,4.87,-3.29,483.36,10.827668494747542
2002-04-18,0.0,514.56,10.11,-1.23,560.35,9.501154743476786
2002-04-19,0.0,479.44,10.44,0.73,644.31,8.904223555404945
2002-04-20,0.0,465.93,9.26,0.18,621.6,8.589176539478142
2002-04-21,0.0,264.08,5.14,0.72,645.16,8.340455211114875
2002-04-22,0.0,376.29,4.82,-1.48,552.69,8.108315304642492
2002-04-23,0.0,511.28,5.88,-4.84,430.53,7.544546960352421
2002-04-24,0.0,553.17,11.99,-2.66,504.47,7.163174256862079
2002-04-25,0.0,481.4,8.95,-1.01,569.46,6.964197194171466
2002-04-26,8.57,170.54,4.02,0.0,610.87,6.897871506607928
2002-04-27,6.37,352.84,9.58,0.1,616.84,6.765220131480853
2002-04-28,0.0,496.38,10.37,-0.41,593.49,6.516498803117586
2002-04-29,0.0,545.75,16.38,1.37,673.36,6.964197194171466
2002-04-30,0.0,477.48,15.44,4.71,856.57,8.307292367333106
2002-05-01,0.0,474.89,14.58,4.13,824.24,10.346807259911893
2002-05-02,3.53,269.89,5.66,-0.72,586.82,10.960319869874617
2002-05-03,0.0,443.18,6.03,-2.53,510.92,9.318759102677056
2002-05-04,0.0,320.59,4.17,-1.29,560.21,8.02540819518807
2002-05-05,7.77,318.15,5.64,-2.02,533.69,7.246081366316502
2002-05-06,7.44,315.64,2.24,-5.26,418.69,6.599405912572008
2002-05-07,4.97,359.65,4.59,-4.82,430.67,6.052218990172822
2002-05-08,0.0,481.86,6.03,-3.25,483.2,5.67084628668248
2002-05-09,1.25,479.58,7.51,-2.73,502.71,5.455287802100982
2002-05-10,0.0,529.56,9.04,-2.52,511.38,5.2563107394103685
2002-05-11,0.0,530.8,13.48,1.06,658.6,5.422124958319213
2002-05-12,0.0,513.14,16.99,4.64,851.29,6.466754537444933
2002-05-13,6.31,299.78,10.43,2.16,717.59,8.572595117587257
2002-05-14,6.72,216.49,5.48,0.18,623.86,8.041989617078956
2002-05-15,0.0,393.6,6.21,-1.48,551.03,7.3953141633344615
2002-05-16,5.24,435.88,13.42,-0.33,596.92,7.063685725516773
2002-05-17,7.0,295.43,8.71,0.9,656.09,7.8098497106065725
2002-05-18,0.0,495.42,12.62,1.58,687.11,7.511384116570653
2002-05-19,5.64,316.0,11.54,3.29,777.08,7.494802694679769
2002-05-20,9.26,183.11,8.31,3.73,801.23,8.50626943002372
2002-05-21,2.82,258.67,7.32,1.86,700.72,9.467991899695017
2002-05-22,0.0,329.77,7.98,1.83,701.88,8.9539678210776
2002-05-23,0.0,318.55,7.18,1.22,668.18,8.47310658624195
2002-05-24,0.0,542.18,14.68,1.22,667.29,8.02540819518807
2002-05-25,2.49,328.81,13.85,6.43,965.72,9.21927057133175
2002-05-26,1.21,291.27,12.92,6.89,998.11,10.628691432056929
2002-05-27,0.0,286.35,12.31,7.02,1005.36,11.656739589291764
2002-05-28,14.48,48.95,5.72,7.45,1037.8,22.219105333785155
2002-05-29,9.14,272.71,11.58,5.84,930.17,26.364460806506266
2002-05-30,0.0,329.12,9.43,3.62,795.27,15.42072235852253
2002-05-31,0.0,464.05,11.48,2.57,737.31,12.336577886818025
2002-06-01,0.0,493.82,14.16,3.82,805.5,11.258785463910536
2002-06-02,0.0,488.08,15.78,5.49,905.47,11.988368027109454
2002-06-03,0.0,430.26,14.56,6.16,942.17,12.319996464927142
2002-06-04,0.53,267.46,12.21,7.35,1031.06,12.038112292782106
2002-06-05,0.17,400.88,12.05,4.69,862.82,12.767694855981022
2002-06-06,0.0,382.71,7.91,1.07,662.25,11.90546091765503
2002-06-07,0.0,393.65,6.97,0.05,617.28,9.882527446967128
2002-06-08,0.0,505.8,11.02,0.45,635.8,8.50626943002372
2002-06-09,0.0,462.45,16.66,7.26,1020.57,8.340455211114875
2002-06-10,0.0,346.97,15.94,9.6,1208.03,10.164411619112164
2002-06-11,0.0,458.87,18.88,9.5,1199.99,11.689902433073533
2002-06-12,0.0,507.56,23.45,10.68,1292.92,13.24855609081667
2002-06-13,0.0,491.08,26.16,13.33,1527.65,14.492162732633004
2002-06-14,0.0,387.32,19.75,11.88,1390.31,14.956442545577769
2002-06-15,0.0,466.53,19.59,9.56,1203.7,13.348044622161977
2002-06-16,0.0,284.8,12.53,7.6,1048.18,11.640158167400878
2002-06-17,10.01,398.94,17.59,6.61,973.92,11.374855417146728
2002-06-18,1.07,278.01,10.8,5.98,938.62,12.154182246018298
2002-06-19,0.0,504.37,15.85,4.38,838.46,9.451410477804133
2002-06-20,0.0,535.22,21.24,5.89,921.04,8.821316445950524
2002-06-21,0.0,457.95,21.5,10.91,1311.12,9.766457493730936
2002-06-22,0.0,379.8,18.92,11.11,1328.45,10.71159854151135
2002-06-23,0.0,346.52,14.18,7.63,1050.81,10.031760243985088
2002-06-24,0.0,530.94,22.63,6.65,972.25,9.003712086750253
2002-06-25,0.0,512.75,24.44,9.65,1199.66,9.269014837004404
2002-06-26,0.0,452.62,24.55,13.15,1503.75,10.064923087766857
2002-06-27,2.54,297.62,15.72,8.68,1134.39,9.81620175940359
2002-06-28,26.79,51.04,5.87,6.9,997.58,14.342929935615043
2002-06-29,2.79,350.1,13.57,6.38,966.82,19.068635174517112
2002-06-30,0.58,239.27,10.69,5.95,934.57,9.81620175940359
2002-07-01,0.0,219.21,8.21,4.04,820.04,8.191222414096915
2002-07-02,0.0,405.25,12.0,3.75,801.83,7.461639850897999
2002-07-03,0.0,263.49,9.13,4.17,827.58,7.1465928349711945
2002-07-04,0.53,356.1,9.84,2.84,755.46,6.615987334462893
2002-07-05,0.0,507.36,15.79,2.94,757.04,6.1185446777363595
2002-07-06,0.0,487.95,20.59,7.95,1074.58,6.002474724500169
2002-07-07,2.25,221.98,16.41,11.5,1360.0,6.151707521518128
2002-07-08,0.0,184.6,12.24,8.71,1136.54,6.433591693663164
2002-07-09,0.0,510.69,23.82,8.54,1117.07,6.035637568281937
2002-07-10,0.0,477.26,27.92,13.96,1588.09,6.334103162317858
2002-07-11,0.0,419.6,23.21,12.92,1479.78,6.665731600135546
2002-07-12,0.0,480.98,25.26,11.7,1350.69,6.251196052863435
2002-07-13,0.0,387.56,22.2,13.29,1515.52,6.052218990172822
2002-07-14,0.0,340.13,17.71,10.52,1277.72,5.67084628668248
2002-07-15,0.0,466.22,20.17,8.59,1008.01,5.1734036299559465
2002-07-16,0.0,360.09,20.11,12.07,1345.62,5.024170832937986
2002-07-17,0.0,299.37,18.33,12.06,1386.55,4.8417751921382575
2002-07-18,0.0,300.88,17.04,10.84,1293.43,4.576472441884106
2002-07-19,0.0,208.22,14.88,10.68,1294.06,4.3443325354117235
2002-07-20,0.0,407.36,18.11,9.27,1074.49,4.195099738393764
2002-07-21,0.0,495.1,23.8,10.26,1012.37,4.062448363266689
2002-07-22,0.0,479.14,27.35,13.89,1279.16,3.9961226757031505
2002-07-23,0.0,410.28,25.86,15.71,1558.78,4.062448363266689
2002-07-24,0.0,360.52,23.61,15.55,1638.65,3.9961226757031505
2002-07-25,0.0,337.48,21.85,14.71,1601.37,3.929796988139613
2002-07-26,0.0,229.42,14.68,10.3,1263.65,3.7474013473398844
2002-07-27,0.0,341.68,16.18,9.41,1130.07,3.448935753303964
2002-07-28,0.0,322.85,17.47,10.97,1266.96,3.332865800067773
2002-07-29,0.0,443.82,21.46,10.78,1084.92,3.249958690613351
2002-07-30,0.0,497.23,20.6,6.19,764.69,3.0841444717045063
2002-07-31,0.0,428.12,14.18,4.27,749.93,2.9349116746865467
2002-08-01,0.0,410.49,16.78,7.18,901.63,2.802260299559471
2002-08-02,0.0,507.48,21.79,5.42,699.2,2.702771768214164
2002-08-03,0.0,365.66,13.76,5.44,859.33,2.619864658759742
2002-08-04,2.69,305.11,14.14,5.55,878.49,2.6364460806506265
2002-08-05,4.04,228.49,11.24,4.67,854.66,2.6696089244323953
2002-08-06,0.0,496.98,20.59,5.03,661.34,2.7193531901050485
2002-08-07,0.0,482.69,20.37,5.85,711.13,2.5037947055235508
2002-08-08,0.0,445.35,19.24,7.18,815.92,2.371143330396475
2002-08-09,0.0,372.52,20.12,10.85,1128.69,2.354561908505591
2002-08-10,0.0,457.79,24.25,10.78,984.99,2.4043061741782443
2002-08-11,0.0,427.35,20.36,8.99,937.47,2.3213990647238223
2002-08-12,0.0,456.18,25.7,11.94,1021.98,2.255073377160284
2002-08-13,0.0,460.1,29.14,14.19,1104.36,2.255073377160284
2002-08-14,0.0,481.87,31.54,13.54,1010.42,2.2384919552694
2002-08-15,0.0,372.22,22.09,11.99,1117.08,2.139003423924093
2002-08-16,0.0,387.7,21.2,10.47,955.4,2.0063520487970177
2002-08-17,0.0,347.98,19.1,9.75,988.84,1.8737006736699422
2002-08-18,0.0,332.52,19.63,10.8,1046.55,1.8073749861064043
2002-08-19,0.0,303.94,17.4,9.5,964.12,1.724467876651982
2002-08-20,0.0,252.58,13.96,7.71,934.56,1.6913050328702133
2002-08-21,0.0,225.54,15.14,9.64,1101.88,1.6415607671975598
2002-08-22,0.0,396.84,20.12,9.19,766.28,1.6249793453066754
2002-08-23,0.0,390.68,22.35,11.35,875.64,1.608397923415791
2002-08-24,0.0,303.02,20.92,12.99,1138.78,1.6249793453066754
2002-08-25,0.0,192.65,16.14,11.25,1265.97,1.6249793453066754
2002-08-26,0.0,435.79,24.64,10.44,739.37,1.5752350796340222
2002-08-27,0.0,426.54,24.52,10.86,655.12,1.5420722358522532
2002-08-28,0.0,402.87,25.97,13.5,694.66,1.5089093920704844
2002-08-29,0.0,424.82,26.37,12.51,637.45,1.5089093920704844
2002-08-30,0.0,226.34,17.06,11.0,994.65,1.459165126397831
2002-08-31,0.0,328.93,19.25,10.12,706.11,1.426002282616062
2002-09-01,0.0,354.85,20.3,10.32,678.91,1.3762580169434087
2002-09-02,0.0,360.57,17.04,6.86,556.4,1.3762580169434087
2002-09-03,0.0,237.47,9.91,3.7,642.85,1.392839438834293
2002-09-04,0.0,342.06,12.71,3.08,471.28,1.3265137512707557
2002-09-05,0.0,341.8,13.52,3.91,494.33,1.2767694855981022
2002-09-06,0.71,283.03,12.61,4.85,616.23,1.2436066418163334
2002-09-07,0.0,277.98,11.56,4.26,612.59,1.2436066418163334
2002-09-08,0.0,96.47,5.66,3.96,797.63,1.2270252199254488
2002-09-09,6.17,213.82,16.37,10.0,989.31,1.2436066418163334
2002-09-10,0.0,322.67,18.98,10.02,802.81,1.2104437980345644
2002-09-11,0.0,372.7,22.01,10.91,743.22,1.1772809542527956
2002-09-12,0.0,359.64,22.12,11.59,796.43,1.1441181104710265
2002-09-13,0.0,386.5,23.09,11.1,729.46,1.127536688580142
2002-09-14,0.0,301.07,19.86,11.75,943.08,1.1109552666892577
2002-09-15,0.0,128.05,11.81,8.68,1103.1,1.1109552666892577
2002-09-16,11.3,92.38,11.44,8.47,1106.47,1.6913050328702133
2002-09-17,0.0,183.4,9.91,5.4,846.29,1.3762580169434087
2002-09-18,0.0,368.64,14.96,4.24,547.89,1.1606995323619111
2002-09-19,0.0,350.47,15.81,5.78,626.5,1.1109552666892577
2002-09-20,0.0,353.34,13.47,3.06,534.94,1.1109552666892577
2002-09-21,0.0,386.41,16.55,3.41,495.77,1.0612110010166043
2002-09-22,0.0,394.45,22.6,7.21,584.68,1.011466735343951
2002-09-23,0.0,367.53,20.86,7.98,665.01,0.9948853134530665
2002-09-24,0.0,314.3,18.44,8.47,795.11,0.9617224696712977
2002-09-25,0.0,336.31,18.79,7.64,717.43,0.9617224696712977
2002-09-26,0.0,286.42,15.39,6.76,757.16,0.9451410477804132
2002-09-27,0.0,302.44,15.39,6.35,450.52,0.9285596258895288
2002-09-28,0.0,296.97,15.68,6.82,448.42,0.8953967821077599
2002-09-29,0.01,246.6,8.08,1.25,389.58,0.8788153602168755
2002-09-30,0.0,230.76,6.74,0.34,399.21,0.8788153602168755
2002-10-01,0.0,320.49,10.81,0.75,299.38,0.862233938325991
2002-10-02,5.12,218.47,11.62,2.6,448.15,0.862233938325991
2002-10-03,6.53,162.54,12.22,6.01,758.98,0.8953967821077599
2002-10-04,3.2,105.4,8.78,4.84,857.17,0.9948853134530665
2002-10-05,0.0,146.64,9.91,5.84,886.61,0.9285596258895288
2002-10-06,0.0,203.39,11.87,6.13,775.28,0.9119782039986444
2002-10-07,0.0,219.63,11.34,5.02,694.11,0.9285596258895288
2002-10-08,0.0,229.2,12.39,5.56,701.77,0.9617224696712977
2002-10-09,0.0,153.12,7.77,3.28,732.65,0.9617224696712977
2002-10-10,0.0,168.37,5.36,0.46,600.84,0.9451410477804132
2002-10-11,0.0,232.93,5.18,-1.99,447.67,0.9285596258895288
2002-10-12,0.0,327.11,13.56,-0.49,355.84,0.8788153602168755
2002-10-13,0.0,289.11,12.66,2.19,477.74,0.862233938325991
2002-10-14,0.0,298.67,14.6,2.86,477.21,0.8290710945442221
2002-10-15,0.0,308.58,18.55,4.48,492.37,0.7959082507624533
2002-10-16,0.0,273.19,16.92,5.85,612.24,0.7627454069806844
2002-10-17,0.0,273.93,17.33,5.67,601.98,0.7461639850898
2002-10-18,0.0,143.71,12.89,7.86,1002.96,0.7295825631989155
2002-10-19,1.08,175.11,13.27,7.03,891.43,0.7295825631989155
2002-10-20,0.0,111.71,10.73,6.93,993.17,0.7295825631989155
2002-10-21,0.0,87.31,8.79,5.9,931.94,0.7295825631989155
2002-10-22,0.0,133.6,9.82,5.34,872.33,0.7295825631989155
2002-10-23,0.0,195.04,11.09,4.17,730.48,0.7295825631989155
2002-10-24,0.0,160.22,8.08,2.63,705.27,0.713001141308031
2002-10-25,0.0,107.65,5.18,1.79,695.03,0.713001141308031
2002-10-26,0.0,118.87,4.93,1.23,669.34,0.6798382975262621
2002-10-27,0.0,166.79,7.41,2.02,675.24,0.6798382975262621
2002-10-28,0.0,110.5,4.08,0.54,633.79,0.6632568756353778
2002-10-29,0.0,196.35,3.95,-2.9,470.27,0.6632568756353778
2002-10-30,0.0,196.19,2.81,-4.45,423.43,0.6632568756353778
2002-10-31,0.0,180.71,3.0,-3.85,443.45,0.6632568756353778
2002-11-01,0.0,204.48,5.63,-2.58,473.26,0.6466754537444933
2002-11-02,0.0,232.82,8.25,-2.0,458.45,0.6466754537444933
2002-11-03,0.0,152.45,4.07,-1.79,523.89,0.6466754537444933
2002-11-04,0.0,227.76,8.78,-1.72,430.88,0.6466754537444933
2002-11-05,21.83,70.88,7.49,3.91,804.94,0.6632568756353778
2002-11-06,24.44,179.31,8.14,-4.62,447.5,4.178518316502879
2002-11-07,35.05,28.85,5.12,4.23,831.57,11.789390964418839
2002-11-08,12.6,27.41,3.81,3.12,767.7,25.535389711962043
2002-11-09,18.02,28.23,2.85,1.98,706.1,20.395148925787865
2002-11-10,11.81,51.25,4.36,2.0,707.75,18.73700673669942
2002-11-11,20.4,46.73,5.7,3.59,792.64,20.8925915825144
2002-11-12,23.62,54.92,6.11,3.57,791.33,43.940768010843776
2002-11-13,9.36,59.57,5.62,2.9,754.91,24.043061741782445
2002-11-14,9.25,95.7,5.9,1.41,678.4,17.410492985428668
2002-11-15,5.56,107.19,7.38,2.24,718.51,9.99859740020332
2002-11-16,22.02,114.53,6.35,0.71,641.14,20.063520487970177
2002-11-17,15.57,96.36,4.67,0.11,618.7,15.768932218231107
2002-11-18,26.4,86.65,5.99,1.96,706.74,26.696089244323954
2002-11-19,38.13,61.53,9.6,6.66,975.34,36.976570816672314
2002-11-20,0.0,106.08,10.54,6.5,960.0,18.23956407997289
2002-11-21,0.0,117.42,10.48,6.0,920.0,12.336577886818025
2002-11-22,0.0,139.57,7.48,2.06,712.23,9.567480431040323
2002-11-23,0.0,81.94,3.84,0.76,642.87,7.876175398170111
2002-11-24,0.0,81.09,2.93,-0.17,601.34,6.7818015533717375
2002-11-25,0.0,166.25,8.24,0.25,620.14,5.985893302609283
2002-11-26,0.0,159.23,8.91,1.35,669.08,5.48845064588275
2002-11-27,0.0,150.29,10.14,3.06,761.39,5.073915098610639
2002-11-28,0.0,157.05,10.76,2.77,744.58,4.792030926465604
2002-11-29,0.0,147.35,10.34,3.22,770.66,4.510146754320568
2002-11-30,0.0,146.18,10.08,2.94,753.88,4.311169691629956
2002-12-01,0.0,143.52,6.86,0.0,600.0,4.095611207048457
2002-12-02,0.0,97.36,3.27,-0.65,584.18,3.896634144357844
2002-12-03,0.48,49.59,2.25,0.29,624.75,3.7474013473398844
2002-12-04,5.21,60.63,4.17,1.04,659.59,3.846889878685191
2002-12-05,0.0,106.61,6.16,1.66,691.29,3.6644942378854624
2002-12-06,0.0,130.23,8.81,2.86,750.82,3.4157729095221954
2002-12-07,0.0,121.74,7.04,1.64,689.1,3.3162843781768885
2002-12-08,0.0,115.04,7.29,2.19,719.54,3.1836330030498132
2002-12-09,12.14,69.58,5.3,1.22,657.45,3.7308199254489995
2002-12-10,29.94,60.2,2.43,-0.94,573.09,10.363388681802778
2002-12-11,41.51,68.99,3.41,-0.56,589.47,12.817439121653676
2002-12-12,37.71,74.84,5.25,0.73,645.34,62.84358896645204
2002-12-13,32.12,35.0,2.26,0.33,627.3,32.167958468315824
2002-12-14,50.97,64.72,5.69,1.91,703.05,58.03497661809555
2002-12-15,38.84,35.17,2.7,0.8,649.17,51.73403629955946
2002-12-16,25.15,55.1,1.99,-1.08,567.36,36.31331394103693
2002-12-17,13.48,64.36,0.95,-2.67,505.94,21.72166267705862
2002-12-18,11.32,40.59,-0.93,-3.13,486.55,15.387559514740763
2002-12-19,12.75,35.25,0.79,-1.09,564.44,12.684787746526599
2002-12-20,0.0,106.13,1.94,-2.72,503.71,10.86083133852931
2002-12-21,0.0,100.3,2.23,-2.12,525.19,9.51773616536767
2002-12-22,0.0,98.82,2.1,-2.11,525.75,8.47310658624195
2002-12-23,0.0,67.55,0.26,-2.58,507.79,7.793268288715688
2002-12-24,20.3,71.03,0.39,-3.5,473.86,7.246081366316502
2002-12-25,31.75,35.85,0.72,-1.12,565.12,11.971786605218567
2002-12-26,25.04,48.78,-1.34,-3.91,461.9,12.237089355472719
2002-12-27,31.57,83.07,2.04,-2.53,510.34,11.888879495764145
2002-12-28,15.04,62.7,0.15,-3.03,489.99,10.678435697729581
2002-12-29,17.23,101.26,-1.53,-6.64,372.8,8.605757961369026
2002-12-30,10.18,83.35,1.93,-2.06,528.09,7.826431132497457
2002-12-31,3.43,123.84,0.7,-4.2,449.61,6.98077861606235
2003-01-01,52.76,66.11,3.26,-0.26,600.32,8.489688008132834
2003-01-02,62.85,74.24,5.73,1.6,686.85,51.23659364283293
2003-01-03,27.04,90.89,5.33,0.22,625.79,42.61425425957302
2003-01-04,33.58,90.96,6.41,1.29,674.64,65.49661646899355
2003-01-05,0.27,156.55,5.94,-1.5,549.96,34.65517175194849
2003-01-06,0.0,166.4,10.0,1.36,670.2,20.8925915825144
2003-01-07,0.0,169.67,10.25,1.27,664.28,16.913050328702134
2003-01-08,0.0,145.49,7.69,0.9,646.77,15.254908139613688
2003-01-09,0.0,156.35,7.16,-0.5,599.99,14.011301497797355
2003-01-10,0.0,144.46,4.68,-1.87,533.35,12.187345089800067
2003-01-11,22.51,86.49,4.48,-0.41,600.0,12.98325334056252
2003-01-12,13.18,79.08,4.69,0.54,638.22,19.897706269061334
2003-01-13,6.01,86.35,5.27,0.73,645.62,15.984490702812602
2003-01-14,0.0,144.04,3.02,-2.97,494.22,16.38244482819383
2003-01-15,0.0,169.7,4.41,-3.15,486.86,12.50239210572687
2003-01-16,0.0,150.14,6.38,0.18,616.86,10.612110010166045
2003-01-17,0.0,177.12,10.04,1.6,687.91,9.932271712639782
2003-01-18,0.0,179.57,10.37,1.85,702.76,10.496040056929854
2003-01-19,0.0,121.1,5.64,1.04,657.3,10.496040056929854
2003-01-20,5.08,120.48,5.69,-0.09,607.21,9.51773616536767
2003-01-21,19.56,73.72,4.55,1.08,661.32,9.899108868858011
2003-01-22,38.62,100.07,7.39,2.42,730.71,37.30819925449
2003-01-23,20.28,70.51,4.87,1.57,688.59,45.76472441884107
2003-01-24,11.29,90.03,7.14,2.89,756.72,36.810756597763465
2003-01-25,37.62,119.17,9.1,3.08,767.91,28.52004565232124
2003-01-26,28.47,120.97,8.56,2.54,736.98,63.34103162317857
2003-01-27,8.33,90.31,4.57,0.45,635.46,30.67563049813622
2003-01-28,3.7,122.36,4.61,-1.14,563.86,20.229334706879023
2003-01-29,16.24,102.12,4.62,0.08,615.93,17.9079356421552
2003-01-30,29.02,105.5,7.38,2.67,743.12,22.384919552694
2003-01-31,17.36,130.82,7.03,1.31,675.82,33.82610065740427
2003-02-01,4.74,125.16,4.86,-0.48,592.85,20.395148925787865
2003-02-02,0.0,130.25,3.44,-0.65,586.08,15.221745295831921
2003-02-03,1.04,175.8,3.11,-3.05,492.26,12.668206324635715
2003-02-04,0.0,212.35,2.66,-4.86,429.12,10.943738447983733
2003-02-05,0.0,226.14,5.28,-3.05,487.92,9.799620337512707
2003-02-06,0.0,217.03,5.08,-2.44,512.86,8.871060711623178
2003-02-07,0.0,218.04,5.25,-2.15,524.68,8.2078038359878
2003-02-08,0.0,207.25,5.56,-1.05,567.57,7.677198335479497
2003-02-09,0.0,245.01,5.63,-3.3,479.84,7.096848569298542
2003-02-10,0.0,258.03,5.65,-4.33,445.13,6.682313022026431
2003-02-11,0.0,254.08,9.29,-0.56,588.48,6.334103162317858
2003-02-12,0.0,262.03,10.32,-0.32,598.31,5.9693118807184
2003-02-13,0.0,253.74,9.67,0.09,612.53,5.770334818027786
2003-02-14,3.41,165.21,6.15,-0.37,596.15,5.5879391772280576
2003-02-15,13.36,128.11,5.51,0.53,634.77,7.212918522534733
2003-02-16,15.28,107.8,3.39,-0.52,591.55,8.522850851914603
2003-02-17,9.25,159.93,3.54,-2.11,525.86,7.42847700711623
2003-02-18,3.55,206.53,4.24,-3.52,475.24,6.632568756353777
2003-02-19,7.36,135.57,5.11,0.23,625.03,6.499917381226702
2003-02-20,12.65,172.79,6.37,-0.32,599.46,7.179755678752963
2003-02-21,11.79,138.06,4.62,-0.3,600.37,8.224385257878684
2003-02-22,0.0,257.09,4.34,-3.2,487.81,7.843012554388341
2003-02-23,0.0,272.33,0.62,-7.57,350.8,6.6988944439173155
2003-02-24,0.0,313.48,2.18,-9.0,311.71,5.9693118807184
2003-02-25,0.0,324.23,6.46,-6.33,378.34,5.52161348966452
2003-02-26,0.0,288.56,5.1,-4.16,451.14,5.189985051846831
2003-02-27,0.0,325.21,6.37,-5.82,397.82,4.808612348356489
2003-02-28,5.64,191.44,5.28,-2.19,522.8,4.576472441884106
2003-03-01,0.0,305.37,7.22,-2.85,498.82,4.3443325354117235
2003-03-02,4.98,151.42,3.11,-2.39,515.41,4.178518316502879
2003-03-03,0.0,266.47,4.54,-3.09,490.02,3.9961226757031505
2003-03-04,0.0,271.33,4.64,-3.18,486.17,3.846889878685191
2003-03-05,8.42,133.37,1.99,-2.62,509.52,3.813727034903422
2003-03-06,14.67,145.56,1.66,-3.31,482.33,3.846889878685191
2003-03-07,7.57,202.24,1.53,-5.38,415.07,3.6479128159945775
2003-03-08,18.7,193.73,1.39,-4.94,426.95,3.4986800189766174
2003-03-09,21.98,173.9,6.1,0.4,625.53,5.372380692646559
2003-03-10,10.87,163.19,7.18,2.07,711.05,7.262662788207386
2003-03-11,19.11,167.29,5.97,0.79,648.33,11.01006413554727
2003-03-12,67.32,163.4,6.2,1.29,675.6,46.92542395120298
2003-03-13,75.61,80.67,5.6,3.38,783.44,111.92459776346999
2003-03-14,37.68,132.11,5.88,2.19,717.47,75.27965538461538
2003-03-15,19.59,240.44,7.15,-0.3,602.59,47.92030926465604
2003-03-16,10.76,250.25,6.07,-1.75,541.57,29.017488309047774
2003-03-17,7.62,284.98,5.71,-3.28,483.08,20.395148925787865
2003-03-18,12.05,237.5,5.07,-2.07,527.66,16.100560656048795
2003-03-19,17.98,141.89,3.4,-0.43,594.25,18.073749861064044
2003-03-20,17.14,212.77,6.4,0.35,630.54,24.043061741782445
2003-03-21,36.28,150.2,4.64,0.63,641.98,23.54561908505591
2003-03-22,33.43,237.46,5.14,-1.74,544.5,48.749380359200266
2003-03-23,0.0,393.14,5.3,-4.64,437.0,24.043061741782445
2003-03-24,20.75,321.92,4.34,-6.4,381.75,16.33270056252118
2003-03-25,9.98,307.53,8.24,-1.5,550.98,13.215393247034902
2003-03-26,7.46,259.7,5.16,-1.88,536.3,11.789390964418839
2003-03-27,5.88,287.81,6.21,-1.84,537.02,10.297062994239239
2003-03-28,0.0,415.21,6.04,-2.97,495.01,9.269014837004404
2003-03-29,0.0,451.18,13.74,2.03,707.83,8.788153602168755
2003-03-30,6.03,325.96,13.76,2.93,754.92,10.015178822094203
2003-03-31,5.06,260.4,6.66,-0.09,610.75,12.369740730599794
2003-04-01,9.19,283.27,3.73,-3.79,468.79,9.982015978312434
2003-04-02,9.13,263.14,2.47,-4.16,452.41,8.83789786784141
2003-04-03,9.01,289.69,2.86,-4.57,439.13,8.041989617078956
2003-04-04,5.41,324.67,2.64,-6.35,384.52,7.328988475770925
2003-04-05,13.98,286.78,2.73,-4.47,442.53,6.881290084717044
2003-04-06,8.81,319.11,5.4,-3.25,484.58,6.5330802250084705
2003-04-07,19.1,243.16,5.64,-0.15,607.96,9.99859740020332
2003-04-08,14.23,219.32,6.47,1.2,667.43,19.73189205015249
2003-04-09,5.13,352.06,7.19,-1.24,561.18,21.887476895967467
2003-04-10,3.94,355.61,11.29,0.72,644.7,13.513858841070821
2003-04-11,5.62,303.7,8.51,0.12,621.66,12.369740730599794
2003-04-12,11.8,285.86,9.86,2.02,707.95,12.220507933581834
2003-04-13,15.17,269.88,7.43,0.26,627.95,13.149067559471364
2003-04-14,4.17,305.69,7.22,-1.38,556.49,11.988368027109454
2003-04-15,5.77,251.01,6.97,0.5,637.64,10.578947166384275
2003-04-16,4.59,276.56,6.83,-0.45,593.09,9.534317587258556
2003-04-17,5.08,256.76,5.1,-1.42,554.28,8.688665070823447
2003-04-18,0.09,415.57,5.55,-3.07,492.21,7.843012554388341
2003-04-19,0.0,376.77,8.93,1.41,676.85,7.163174256862079
2003-04-20,2.01,362.49,10.08,2.0,706.46,6.814964397153506
2003-04-21,5.74,210.92,7.32,2.05,710.52,6.765220131480853
2003-04-22,0.0,432.36,8.04,-1.1,567.15,6.798382975262622
2003-04-23,15.63,216.03,5.03,-0.21,603.09,7.1134299911894265
2003-04-24,8.55,260.07,5.15,-1.24,560.25,7.6440354916977284
2003-04-25,2.94,398.24,8.56,-2.81,500.37,6.715475865808199
2003-04-26,3.6,302.97,7.19,-0.04,611.13,6.26777747475432
2003-04-27,0.0,452.74,10.01,0.33,629.89,5.886404771263978
2003-04-28,0.0,507.94,14.15,0.8,648.28,5.803497661809556
2003-04-29,0.0,430.58,12.33,3.39,782.76,6.019056146391053
2003-04-30,0.0,429.56,11.52,2.65,742.44,6.466754537444933
2003-05-01,0.0,457.14,12.56,2.53,735.07,6.8647086628261595
2003-05-02,0.0,466.45,11.55,1.11,663.41,7.1134299911894265
2003-05-03,5.18,280.01,7.42,0.87,653.84,6.931034350389697
2003-05-04,8.23,273.9,5.96,-0.88,579.37,6.599405912572008
2003-05-05,7.72,322.08,6.28,-2.49,512.67,6.101963255845475
2003-05-06,0.0,500.26,8.01,-3.71,469.27,5.5879391772280576
2003-05-07,2.36,341.95,6.47,-2.11,526.6,5.2563107394103685
2003-05-08,0.0,496.93,9.65,-2.21,522.58,4.957845145374448
2003-05-09,0.0,468.93,11.33,0.7,644.38,4.874938035920026
2003-05-10,0.0,473.22,12.95,2.03,708.01,5.2563107394103685
2003-05-11,0.0,485.6,13.4,1.72,691.75,6.218033209081667
2003-05-12,0.0,480.74,13.3,1.81,696.58,6.715475865808199
2003-05-13,0.0,519.24,15.75,1.14,663.96,6.765220131480853
2003-05-14,2.31,384.3,9.98,0.44,634.83,6.848127240935275
2003-05-15,9.87,281.04,5.62,-2.0,529.75,6.218033209081667
2003-05-16,12.41,309.1,5.44,-3.25,483.21,5.48845064588275
2003-05-17,0.0,533.61,12.5,-3.33,480.98,5.024170832937986
2003-05-18,5.57,428.09,9.57,-3.67,470.37,4.5930538637749905
2003-05-19,0.0,551.98,14.52,-4.42,445.29,4.427239644866146
2003-05-20,3.38,244.3,10.44,3.59,793.14,4.410658222975262
2003-05-21,0.0,372.08,12.4,4.11,824.26,4.609635285665875
2003-05-22,0.0,314.58,13.06,6.3,958.53,5.438706380210097
2003-05-23,0.0,482.02,19.95,6.44,970.7,7.1465928349711945
2003-05-24,0.0,421.04,17.01,6.58,981.07,10.26390015045747
2003-05-25,0.0,327.91,9.24,2.08,712.89,9.202689149440866
2003-05-26,0.84,475.36,13.39,0.97,658.01,7.229499944425617
2003-05-27,0.0,507.31,21.14,5.32,897.38,7.1134299911894265
2003-05-28,0.0,480.36,18.33,4.86,867.3,9.467991899695017
2003-05-29,0.0,505.69,18.74,3.36,781.09,9.302177680786173
2003-05-30,0.0,422.75,17.52,6.6,976.47,8.904223555404945
2003-05-31,0.0,352.79,13.22,4.9,871.18,8.738409336496101
2003-06-01,0.0,322.53,11.88,4.53,848.98,8.257548101660452
2003-06-02,0.0,431.46,13.37,2.44,731.39,7.76010544493392
2003-06-03,0.0,507.41,18.43,2.65,741.32,7.461639850897999
2003-06-04,0.0,513.33,23.45,5.79,923.31,7.859593976279226
2003-06-05,0.0,496.22,26.66,9.37,1189.81,8.854479289732293
2003-06-06,0.0,470.74,27.39,11.56,1365.1,10.297062994239239
2003-06-07,0.0,451.44,26.53,12.03,1402.08,11.01006413554727
2003-06-08,0.0,360.42,19.05,9.34,1187.57,10.396551525584545
2003-06-09,0.0,311.21,16.33,8.44,1115.4,9.385084790240596
2003-06-10,0.0,234.96,11.87,6.25,955.88,8.340455211114875
2003-06-11,0.0,343.78,15.13,6.51,970.97,7.295825631989155
2003-06-12,0.0,310.49,15.16,7.64,1051.45,6.98077861606235
2003-06-13,4.83,252.56,12.65,4.95,874.92,7.047104303625888
2003-06-14,0.0,351.25,12.68,4.15,827.34,6.665731600135546
2003-06-15,0.0,407.9,15.73,5.08,879.58,6.035637568281937
2003-06-16,0.0,489.29,20.8,5.63,913.06,5.886404771263978
2003-06-17,0.0,486.36,25.57,9.55,1204.13,6.350684584208742
2003-06-18,0.0,322.47,13.77,6.05,943.69,6.5330802250084705
2003-06-19,0.0,232.95,9.61,4.35,837.99,5.704009130464248
2003-06-20,0.0,266.29,9.43,3.45,788.7,5.107077942392409
2003-06-21,3.14,241.4,9.68,2.94,761.29,4.74228666079295
2003-06-22,0.12,356.65,10.91,2.59,740.04,4.493565332429684
2003-06-23,0.0,336.94,11.78,4.03,818.89,4.443821066757031
2003-06-24,0.0,455.63,15.71,3.56,791.76,4.3443325354117235
2003-06-25,0.0,496.74,21.48,6.08,937.53,4.377495379193493
2003-06-26,0.0,475.53,23.49,9.17,1161.58,4.891519457810911
2003-06-27,0.0,435.26,22.06,10.05,1241.99,5.272892161301253
2003-06-28,0.0,488.88,25.99,10.19,1230.31,5.189985051846831
2003-06-29,0.0,505.05,25.47,8.25,1070.3,5.024170832937986
2003-06-30,6.57,235.42,14.07,6.55,980.06,5.355799270755675
2003-07-01,4.56,250.87,11.44,3.42,784.09,4.576472441884106
2003-07-02,0.0,419.07,13.15,2.45,732.7,3.9961226757031505
2003-07-03,0.0,433.58,15.43,4.1,822.75,3.6644942378854624
2003-07-04,0.0,447.7,17.87,5.87,924.98,3.548424284649271
2003-07-05,0.0,319.12,14.68,7.39,1035.51,3.6147499722128087
2003-07-06,0.0,447.81,18.62,6.95,975.26,3.565005706540155
2003-07-07,0.0,398.46,17.65,8.1,1059.8,3.565005706540155
2003-07-08,0.0,307.03,13.14,6.45,970.16,3.4655171751948486
2003-07-09,0.0,497.49,21.59,6.9,851.55,3.2665401125042353
2003-07-10,0.0,478.37,24.76,10.52,1069.69,3.3162843781768885
2003-07-11,0.0,405.55,21.7,11.19,1205.82,3.399191487631311
2003-07-12,4.06,310.74,19.08,9.51,1156.72,3.332865800067773
2003-07-13,3.81,256.19,15.53,8.31,1084.52,3.515261440867502
2003-07-14,0.0,400.92,18.07,8.0,944.31,3.2665401125042353
2003-07-15,0.0,388.22,16.51,6.98,883.8,3.0841444717045063
2003-07-16,0.0,293.88,12.33,5.68,878.72,2.8685859871230086
2003-07-17,0.0,510.02,20.59,5.08,621.24,2.6364460806506265
2003-07-18,0.0,487.7,23.33,8.8,799.5,2.570120393087089
2003-07-19,0.0,479.0,24.23,9.79,858.41,2.570120393087089
2003-07-20,0.0,337.05,20.33,11.83,1211.29,2.6032832368688577
2003-07-21,0.0,470.23,24.65,10.43,867.51,2.5867018149779732
2003-07-22,0.0,450.77,24.97,11.55,959.34,2.5203761274144356
2003-07-23,0.0,439.93,22.64,9.97,803.87,2.4540504398508975
2003-07-24,0.0,415.87,20.1,8.72,742.51,2.3379804866147063
2003-07-25,0.0,436.44,20.69,8.51,686.73,2.205329111487631
2003-07-26,0.0,432.01,21.64,9.66,716.9,2.1721662677058617
2003-07-27,0.0,473.02,24.4,9.99,657.54,2.1224220020332085
2003-07-28,0.0,480.94,26.61,11.38,694.41,2.1058405801423246
2003-07-29,0.0,480.46,28.69,13.2,767.7,2.1058405801423246
2003-07-30,0.0,467.67,27.39,12.61,773.26,2.0726777363605557
2003-07-31,0.0,393.02,23.06,12.07,902.15,2.022933470687902
2003-08-01,0.0,409.53,22.01,10.41,794.06,1.906863517451711
2003-08-02,0.0,422.9,20.78,8.67,666.45,1.8073749861064043
2003-08-03,0.0,330.52,18.32,9.71,816.49,1.724467876651982
2003-08-04,0.0,426.31,21.34,9.1,554.81,1.6747236109793289
2003-08-05,0.0,391.24,20.3,9.53,628.61,1.6249793453066754
2003-08-06,0.0,336.03,17.79,8.94,686.97,1.5752350796340222
2003-08-07,0.0,350.53,18.04,8.64,647.22,1.5420722358522532
2003-08-08,2.96,264.08,17.62,8.53,806.44,1.5586536577431376
2003-08-09,0.54,329.99,16.91,8.38,710.51,1.5420722358522532
2003-08-10,0.0,349.63,17.19,8.03,666.96,1.4757465482887153
2003-08-11,0.0,305.91,15.3,7.48,726.94,1.4425837045069465
2003-08-12,0.0,324.75,14.96,6.54,657.54,1.4094208607251777
2003-08-13,0.0,435.95,19.07,6.24,474.8,1.4094208607251777
2003-08-14,0.0,475.93,23.56,7.71,413.0,1.3430951731616398
2003-08-15,0.0,453.25,24.88,10.28,458.2,1.3265137512707557
2003-08-16,0.0,290.61,17.14,9.54,616.38,1.3762580169434087
2003-08-17,0.0,411.75,21.25,9.37,428.39,1.3265137512707557
2003-08-18,0.0,390.33,22.11,11.12,485.55,1.309932329379871
2003-08-19,0.0,357.49,18.49,8.75,418.22,1.2767694855981022
2003-08-20,0.0,456.32,22.44,7.69,378.8,1.2270252199254488
2003-08-21,0.0,435.66,23.78,10.16,452.83,1.1772809542527956
2003-08-22,0.0,370.38,16.36,6.15,349.14,1.1772809542527956
2003-08-23,0.0,335.99,12.66,3.66,322.47,1.1441181104710265
2003-08-24,0.0,464.97,19.75,3.91,289.01,1.0943738447983733
2003-08-25,0.0,449.88,24.43,9.18,418.06,1.0612110010166043
2003-08-26,0.0,314.58,16.72,8.19,433.54,1.077792422907489
2003-08-27,0.0,302.56,15.39,7.4,429.94,1.0612110010166043
2003-08-28,0.0,440.51,21.0,6.77,352.37,1.0280481572348354
2003-08-29,0.0,423.05,22.66,9.4,429.16,1.011466735343951
2003-08-30,0.0,426.8,24.12,10.25,458.4,0.9948853134530665
2003-08-31,0.0,398.16,20.66,8.55,400.6,0.9948853134530665
2003-09-01,0.0,429.01,21.44,7.22,360.0,0.9783038915621821
2003-09-02,0.0,434.85,26.19,10.62,474.08,0.9451410477804132
2003-09-03,0.0,420.98,27.31,12.46,530.79,0.9285596258895288
2003-09-04,0.0,414.82,26.58,11.96,506.6,0.9285596258895288
2003-09-05,0.0,398.0,23.56,9.95,446.68,0.9119782039986444
2003-09-06,0.0,385.71,21.12,8.21,393.53,0.8953967821077599
2003-09-07,8.85,157.67,12.69,6.53,725.67,0.9617224696712977
2003-09-08,0.0,295.47,13.24,4.34,475.77,0.9119782039986444
2003-09-09,5.53,155.19,12.45,6.63,840.89,0.9285596258895288
2003-09-10,16.73,135.94,12.84,7.97,992.03,0.9119782039986444
2003-09-11,22.6,181.71,13.08,5.98,858.64,1.0612110010166043
2003-09-12,0.0,289.21,12.33,3.37,683.18,1.0280481572348354
2003-09-13,0.0,397.32,18.85,3.68,574.79,0.8953967821077599
2003-09-14,0.0,338.13,15.12,3.9,656.53,0.862233938325991
2003-09-15,0.0,289.54,12.38,3.24,684.88,0.8290710945442221
2003-09-16,3.83,138.75,8.75,3.2,761.96,0.8124896726533377
2003-09-17,3.09,229.79,11.28,1.34,642.76,0.8124896726533377
2003-09-18,3.72,183.5,13.05,6.25,910.77,0.8788153602168755
2003-09-19,7.73,165.35,12.26,5.99,910.39,1.3596765950525243
2003-09-20,0.0,313.09,14.22,3.98,735.84,1.077792422907489
2003-09-21,0.0,373.5,18.18,3.46,656.17,0.9451410477804132
2003-09-22,0.0,344.15,20.57,7.47,872.06,0.8788153602168755
2003-09-23,0.0,277.23,16.14,6.88,906.2,0.8788153602168755
2003-09-24,0.0,351.65,22.39,8.26,909.82,0.862233938325991
2003-09-25,0.0,315.31,20.22,8.5,976.63,0.8290710945442221
2003-09-26,0.0,333.65,23.28,9.62,1020.39,0.8124896726533377
2003-09-27,0.0,331.89,26.12,11.81,1163.19,0.7959082507624533
2003-09-28,0.0,307.29,25.01,12.42,1253.41,0.7959082507624533
2003-09-29,0.0,210.63,18.79,11.5,1260.06,0.7793268288715688
2003-09-30,0.0,261.52,19.99,10.5,1144.31,0.7793268288715688
2003-10-01,0.0,293.67,21.02,9.67,1037.4,0.7461639850898
2003-10-02,0.0,255.42,18.86,9.73,1099.22,0.7461639850898
2003-10-03,0.0,231.74,18.65,10.59,1179.99,0.7295825631989155
2003-10-04,0.0,192.84,16.55,10.2,1173.95,0.7295825631989155
2003-10-05,0.08,213.23,16.64,9.54,1115.11,0.7295825631989155
2003-10-06,0.0,254.84,16.67,7.75,975.75,0.7627454069806844
2003-10-07,14.11,132.68,10.73,5.05,864.7,1.077792422907489
2003-10-08,11.49,151.54,9.41,2.82,744.18,2.5867018149779732
2003-10-09,14.17,140.53,7.72,1.61,690.64,3.2665401125042353
2003-10-10,9.22,129.89,7.59,1.9,704.68,2.470631861741782
2003-10-11,8.03,106.78,6.86,2.28,723.15,2.7193531901050485
2003-10-12,28.96,106.79,7.55,2.92,758.67,16.913050328702134
2003-10-13,9.91,127.76,7.77,2.24,719.09,6.897871506607928
2003-10-14,0.0,233.63,9.61,1.52,682.94,3.515261440867502
2003-10-15,21.38,132.29,6.74,1.29,671.94,4.891519457810911
2003-10-16,84.09,169.88,11.76,3.58,794.76,94.0166621213148
2003-10-17,75.83,76.66,11.87,8.52,1121.37,103.96551525584546
2003-10-18,17.68,109.12,12.61,7.69,1056.37,34.820985970857336
2003-10-19,20.57,102.92,11.74,7.13,1018.29,38.8005272246696
2003-10-20,84.71,104.59,13.06,8.33,1106.7,126.35043480853945
2003-10-21,84.62,121.63,15.58,9.96,1237.01,56.376834429007104
2003-10-22,3.06,206.31,14.11,4.58,856.23,29.68074518468315
2003-10-23,6.41,142.38,7.42,1.19,667.77,22.053291114876313
2003-10-24,0.0,233.69,9.26,0.5,635.42,15.752350796340222
2003-10-25,0.0,252.3,14.76,3.76,800.0,12.684787746526599
2003-10-26,0.0,245.05,17.64,6.69,975.45,10.761342807184004
2003-10-27,0.0,197.28,13.62,6.22,939.99,9.418247634022364
2003-10-28,0.0,249.43,13.19,1.88,705.27,8.970549242968485
2003-10-29,1.29,125.53,3.15,-1.14,565.74,8.091733882751608
2003-10-30,0.0,159.86,1.04,-4.27,450.11,7.279244210098271
2003-10-31,0.0,207.57,-0.2,-7.76,343.78,6.582824490681124
2003-11-01,0.0,185.94,0.98,-5.56,405.24,6.201451787190782
2003-11-02,5.13,137.63,-0.75,-6.53,377.66,5.869823349373093
2003-11-03,0.0,220.45,-0.31,-8.11,331.83,5.422124958319213
2003-11-04,0.0,212.03,-0.98,-8.49,321.72,5.057333676719756
2003-11-05,0.0,238.26,1.55,-7.99,333.67,4.758868082683835
2003-11-06,0.0,239.12,5.3,-5.06,424.83,4.510146754320568
2003-11-07,0.0,196.37,6.06,-1.41,554.67,4.294588269739071
2003-11-08,7.02,105.41,7.67,2.32,720.0,4.161936894611995
2003-11-09,0.0,165.48,8.08,1.29,667.79,3.962959831921382
2003-11-10,5.39,81.23,5.55,1.62,686.39,4.709123817011182
2003-11-11,10.49,107.84,5.94,0.42,633.81,6.300940318536089
2003-11-12,0.0,155.22,5.76,-0.81,577.67,4.526728176211453
2003-11-13,0.0,178.79,8.67,0.31,624.05,4.079029785157573
2003-11-14,2.24,96.46,6.29,2.09,718.65,3.9132155662487285
2003-11-15,7.2,94.63,5.41,0.21,623.69,4.957845145374448
2003-11-16,22.74,47.79,3.3,0.79,648.57,7.892756820060995
2003-11-17,43.63,102.83,5.65,-0.28,603.82,14.508744154523887
2003-11-18,86.88,89.88,7.41,2.17,716.81,90.20293508641137
2003-11-19,43.09,138.27,4.83,-4.51,441.74,53.72380692646559
2003-11-20,21.35,112.74,-0.37,-6.54,377.98,21.058405801423245
2003-11-21,0.0,131.24,-2.44,-7.64,348.63,13.895231544561165
2003-11-22,0.0,173.24,0.33,-7.38,355.04,10.943738447983733
2003-11-23,8.33,90.35,2.26,-2.62,507.8,9.865946025076244
2003-11-24,12.69,92.7,0.35,-4.65,436.48,8.9539678210776
2003-11-25,24.03,93.45,2.1,-2.96,493.51,8.47310658624195
2003-11-26,8.04,98.91,1.91,-3.55,474.11,7.677198335479497
2003-11-27,12.47,105.42,3.46,-2.43,513.94,7.047104303625888
2003-11-28,53.7,86.77,5.13,0.38,631.82,24.540504398508975
2003-11-29,74.57,111.03,4.28,-2.27,521.07,25.701203930870886
2003-11-30,0.0,165.32,4.26,-3.66,470.44,13.580184528634359
2003-12-01,3.79,69.67,4.93,1.46,676.82,10.645272853947812
2003-12-02,14.78,117.61,6.55,-1.2,561.75,15.63628084310403
2003-12-03,17.72,98.96,0.85,-5.02,423.97,17.57630720433751
2003-12-04,20.23,102.18,3.88,-2.4,514.05,13.447533153507283
2003-12-05,37.67,49.07,3.67,0.92,652.62,28.02260299559471
2003-12-06,24.33,74.36,1.96,-2.2,522.97,34.65517175194849
2003-12-07,13.98,64.51,1.66,-1.89,535.05,18.73700673669942
2003-12-08,7.15,95.5,1.56,-4.09,455.65,13.464114575398167
2003-12-09,5.39,76.1,1.2,-3.06,489.81,11.01006413554727
2003-12-10,6.07,59.76,1.61,-1.6,546.65,9.617224696712977
2003-12-11,11.29,64.12,2.38,-1.15,563.34,8.937386399186714
2003-12-12,12.25,66.49,2.05,-1.66,546.07,9.418247634022364
2003-12-13,10.96,84.41,2.75,-2.08,527.69,9.385084790240596
2003-12-14,11.57,76.05,1.28,-2.98,492.97,8.904223555404945
2003-12-15,7.62,82.01,1.47,-3.19,486.08,8.05857103896984
2003-12-16,12.46,62.06,2.48,-1.01,569.75,11.441181104710267
2003-12-17,14.48,96.05,3.13,-2.85,498.96,10.844249916638425
2003-12-18,0.0,111.71,5.51,0.34,627.29,8.887642133514062
2003-12-19,9.82,95.36,6.76,0.72,637.15,8.937386399186714
2003-12-20,8.15,79.36,4.08,-0.52,590.54,11.623576745509995
2003-12-21,7.66,95.04,3.57,-2.29,519.32,10.280481572348355
2003-12-22,0.0,137.6,6.09,-0.64,583.5,8.522850851914603
2003-12-23,16.26,88.99,5.24,-0.24,600.43,8.871060711623178
2003-12-24,18.32,64.28,2.64,-0.95,573.1,18.23956407997289
2003-12-25,10.55,98.99,0.76,-5.14,421.26,13.182230403253133
2003-12-26,6.9,92.77,-1.52,-6.62,374.68,9.915690290748897
2003-12-27,11.75,68.5,-1.16,-4.68,433.64,8.439943742460182
2003-12-28,11.83,106.77,-1.5,-7.46,353.82,7.295825631989155
2003-12-29,0.0,134.24,-4.34,-9.79,292.33,6.4501731155540485
2003-12-30,5.4,119.83,-2.49,-9.36,303.41,5.936149036936631
2003-12-31,7.66,98.27,-0.83,-5.3,414.6,5.538194911555404
2004-01-01,3.0,72.36,-2.59,-6.43,381.32,5.107077942392409
2004-01-02,2.14,120.55,-2.33,-7.94,338.36,4.74228666079295
2004-01-03,1.97,142.25,-4.66,-12.41,238.07,4.460402488647915
2004-01-04,0.0,169.21,-8.47,-16.36,173.95,4.062448363266689
2004-01-05,0.0,171.65,-4.68,-12.77,229.18,3.863471300576075
2004-01-06,14.3,102.01,-0.11,-5.57,402.95,3.896634144357844
2004-01-07,25.13,56.21,1.84,-0.92,569.05,5.040752254828871
2004-01-08,31.63,45.76,2.96,0.66,633.42,14.276604248051505
2004-01-09,11.55,76.66,5.71,1.62,687.73,20.726777363605557
2004-01-10,8.11,68.12,4.23,0.67,639.01,25.535389711962043
2004-01-11,1.73,109.26,5.5,0.41,625.84,16.2000491873941
2004-01-12,6.91,81.06,5.87,1.53,683.8,14.508744154523887
2004-01-13,11.86,79.71,6.14,1.9,702.02,22.053291114876313
2004-01-14,17.69,54.48,6.39,3.62,794.16,47.588680826838356
2004-01-15,18.56,96.63,6.16,0.92,656.99,34.98680018976618
2004-01-16,1.31,146.53,5.34,-1.33,556.76,21.55584845814978
2004-01-17,0.01,131.61,6.25,1.02,657.09,15.271489561504573
2004-01-18,10.68,71.9,5.33,1.8,696.26,14.127371451033547
2004-01-19,5.3,90.88,5.27,0.68,644.2,13.464114575398167
2004-01-20,0.0,155.23,5.36,-0.9,575.13,11.507506792273803
2004-01-21,0.0,164.98,7.25,0.33,624.73,10.015178822094203
2004-01-22,0.31,186.16,8.2,-0.83,576.28,9.020293508641137
2004-01-23,7.58,114.03,5.99,0.14,617.9,8.904223555404945
2004-01-24,5.42,120.93,1.77,-4.16,452.89,8.672083648932563
2004-01-25,2.7,112.53,-0.66,-5.26,416.83,7.793268288715688
2004-01-26,5.74,107.64,2.78,-1.54,547.91,7.279244210098271
2004-01-27,15.06,121.45,4.27,-1.29,558.06,6.98077861606235
2004-01-28,28.08,112.08,5.85,0.8,648.54,9.418247634022364
2004-01-29,32.53,71.09,5.55,2.53,736.11,18.902820955608266
2004-01-30,30.95,143.21,3.15,-3.75,470.53,34.98680018976618
2004-01-31,9.98,121.09,0.06,-5.02,423.87,16.28295629684852
2004-02-01,11.85,146.88,1.33,-5.12,421.2,11.772809542527956
2004-02-02,16.17,120.22,2.39,-2.4,514.55,9.99859740020332
2004-02-03,7.61,127.7,3.89,-1.15,562.53,8.9539678210776
2004-02-04,7.48,146.75,2.5,-3.45,477.29,8.439943742460182
2004-02-05,0.0,221.82,2.86,-4.24,449.38,7.660616913588613
2004-02-06,9.47,140.72,4.11,-1.42,553.26,8.92080497729583
2004-02-07,8.54,160.64,3.33,-3.35,480.95,8.522850851914603
2004-02-08,0.0,215.11,3.16,-3.43,476.63,7.5611283822433055
2004-02-09,0.0,252.39,4.51,-4.35,445.42,6.8647086628261595
2004-02-10,0.0,220.44,5.53,-1.5,560.0,6.3672660060996265
2004-02-11,0.0,262.3,10.32,0.19,617.54,6.251196052863435
2004-02-12,0.0,270.06,11.24,0.06,611.91,6.135126099627244
2004-02-13,0.0,257.47,8.76,-0.79,576.57,5.985893302609283
2004-02-14,17.81,134.19,5.27,0.09,613.93,7.478221272788884
2004-02-15,16.8,135.07,4.56,-0.53,591.18,10.927157026092848
2004-02-16,13.82,123.55,3.38,-1.17,562.92,12.668206324635715
2004-02-17,18.39,155.49,3.27,-2.67,505.51,14.59165126397831
2004-02-18,12.13,132.39,5.05,0.2,622.34,21.55584845814978
2004-02-19,0.0,228.48,4.77,-1.88,534.94,12.98325334056252
2004-02-20,0.0,268.0,5.4,-3.12,486.31,9.932271712639782
2004-02-21,0.0,276.08,5.5,-3.43,476.14,8.373618054896644
2004-02-22,0.0,278.78,8.05,-1.01,569.29,7.345569897661809
2004-02-23,1.68,214.03,6.44,-0.02,610.85,6.732057287699083
2004-02-24,12.15,114.62,3.15,-0.84,577.18,8.174640992206031
2004-02-25,11.8,109.71,2.19,-1.48,551.87,8.622339383259911
2004-02-26,12.84,158.88,4.81,-0.62,587.26,8.904223555404945
2004-02-27,6.61,155.35,5.03,-0.21,603.13,9.136363461877329
2004-02-28,2.8,190.56,4.83,-1.03,569.52,8.108315304642492
2004-02-29,1.9,237.74,4.02,-1.95,533.28,7.212918522534733
2004-03-01,0.0,314.79,6.02,-3.53,475.53,6.4501731155540485
2004-03-02,0.0,337.37,6.82,-4.61,435.96,5.902986193154861
2004-03-03,6.5,166.15,3.72,-1.81,538.78,5.538194911555404
2004-03-04,4.19,225.31,4.49,-2.72,505.43,5.2231478956286
2004-03-05,14.45,215.15,3.74,-3.82,467.42,5.604520599118942
2004-03-06,11.24,233.74,3.78,-4.54,441.19,5.123659364283293
2004-03-07,17.86,187.89,7.92,1.84,699.02,7.1465928349711945
2004-03-08,4.13,264.37,15.37,3.45,784.97,9.55089900914944
2004-03-09,0.0,343.59,10.42,0.38,633.15,11.126134088783461
2004-03-10,0.0,374.56,11.23,-1.66,545.3,9.302177680786173
2004-03-11,0.0,367.16,12.82,0.54,635.36,7.925919663842764
2004-03-12,0.0,317.04,7.43,-0.99,571.78,7.3953141633344615
2004-03-13,0.0,379.73,11.61,-1.15,561.7,6.831545819044391
2004-03-14,0.0,334.47,9.63,0.58,640.02,6.483335959335817
2004-03-15,0.0,296.92,6.87,-0.47,592.66,6.26777747475432
2004-03-16,0.0,299.36,8.43,1.0,657.6,6.002474724500169
2004-03-17,0.25,235.4,7.07,1.58,687.6,6.052218990172822
2004-03-18,9.62,234.51,5.11,-2.63,509.95,6.831545819044391
2004-03-19,8.18,265.47,4.86,-4.45,442.56,6.483335959335817
2004-03-20,2.3,335.52,10.6,-4.15,452.07,5.770334818027786
2004-03-21,0.0,382.65,15.22,3.53,793.78,5.571357755337172
2004-03-22,0.0,372.36,13.33,2.77,748.56,6.300940318536089
2004-03-23,9.38,225.76,7.51,0.07,616.32,7.229499944425617
2004-03-24,23.26,165.86,4.21,-0.78,581.4,10.313644416130122
2004-03-25,28.18,102.98,2.53,-0.41,596.82,11.822553808200608
2004-03-26,23.71,186.52,4.58,-0.98,571.33,11.855716651982377
2004-03-27,12.71,252.32,6.44,-1.28,558.53,10.147830197221278
2004-03-28,0.0,428.26,11.74,-1.99,530.7,9.003712086750253
2004-03-29,0.0,420.15,16.92,2.92,753.47,9.086619196204675
2004-03-30,3.42,291.36,8.22,-2.73,506.09,10.77792422907489
2004-03-31,0.0,355.47,3.74,-5.27,415.95,9.269014837004404
2004-04-01,0.0,431.66,7.82,-5.26,415.38,7.843012554388341
2004-04-02,0.0,456.59,14.06,-2.73,501.46,7.063685725516773
2004-04-03,0.0,440.8,17.01,1.46,676.55,7.13001141308031
2004-04-04,0.0,366.11,10.51,0.4,630.42,7.511384116570653
2004-04-05,0.0,361.38,9.45,-0.23,600.92,7.1963371006438495
2004-04-06,0.0,414.2,11.95,-0.49,591.8,7.013941459844119
2004-04-07,0.0,291.39,8.23,1.01,659.14,7.096848569298542
2004-04-08,0.0,396.44,11.69,0.54,636.78,7.1134299911894265
2004-04-09,0.0,455.76,16.14,0.49,631.67,7.229499944425617
2004-04-10,0.0,457.13,19.44,3.05,761.66,7.843012554388341
2004-04-11,0.0,452.44,21.5,5.02,881.76,9.053456352422906
2004-04-12,0.0,379.53,13.21,2.48,733.4,9.683550384276515
2004-04-13,4.0,298.68,10.87,-0.41,596.3,8.489688008132834
2004-04-14,6.43,209.36,7.23,0.32,629.66,8.174640992206031
2004-04-15,6.76,216.67,6.8,-0.3,601.24,7.246081366316502
2004-04-16,4.35,224.66,6.81,-0.58,590.8,6.615987334462893
2004-04-17,4.58,216.68,6.44,-0.52,592.23,6.201451787190782
2004-04-18,0.0,368.59,7.75,-1.7,541.84,5.869823349373093
2004-04-19,15.81,152.34,4.74,0.08,616.54,7.411895585225346
2004-04-20,13.98,212.59,5.87,-0.62,588.7,9.501154743476786
2004-04-21,10.72,291.35,10.19,0.38,631.57,8.754990758386986
2004-04-22,0.0,464.1,14.09,0.18,619.16,7.8098497106065725
2004-04-23,0.0,399.52,10.17,-0.21,605.52,7.6440354916977284
2004-04-24,0.0,433.07,10.46,-1.59,546.31,7.163174256862079
2004-04-25,0.0,482.37,18.63,1.8,694.69,6.881290084717044
2004-04-26,0.0,469.23,22.68,6.03,922.68,8.622339383259911
2004-04-27,0.0,445.99,14.59,0.95,660.27,10.827668494747542
2004-04-28,0.0,455.6,14.12,0.04,612.48,8.92080497729583
2004-04-29,0.0,477.83,17.73,1.47,677.57,7.90933824195188
2004-04-30,0.0,467.74,21.16,4.96,875.3,8.307292367333106
2004-05-01,0.0,435.75,20.28,6.38,953.79,10.098085931548626
2004-05-02,0.0,337.99,13.51,4.55,850.02,11.04322697932904
2004-05-03,0.0,346.19,13.05,4.04,820.43,10.379970103693662
2004-05-04,3.0,216.08,9.46,2.39,728.99,9.51773616536767
2004-05-05,0.95,294.76,8.07,0.17,621.03,8.672083648932563
2004-05-06,0.0,438.35,12.79,0.47,635.25,7.544546960352421
2004-05-07,3.71,278.32,11.78,2.39,727.44,7.527965538461538
2004-05-08,3.0,304.12,11.44,0.53,638.14,7.76010544493392
2004-05-09,2.73,327.93,10.74,0.27,628.21,7.246081366316502
2004-05-10,4.01,201.87,8.0,1.76,698.14,7.063685725516773
2004-05-11,2.57,353.51,12.31,2.07,712.23,6.798382975262622
2004-05-12,0.0,405.95,12.51,2.35,724.88,6.914452928498813
2004-05-13,0.0,445.64,12.87,1.05,660.37,6.732057287699083
2004-05-14,0.0,440.29,14.07,2.33,724.35,6.715475865808199
2004-05-15,1.09,281.02,10.63,3.98,816.18,7.047104303625888
2004-05-16,0.76,273.37,9.39,3.13,770.88,6.8647086628261595
2004-05-17,0.0,469.78,16.43,2.89,756.51,6.9476157722805825
2004-05-18,0.0,426.77,17.63,6.07,942.17,7.793268288715688
2004-05-19,0.0,343.25,14.34,5.88,930.4,8.572595117587257
2004-05-20,0.0,418.63,15.82,4.55,848.8,8.075152460860723
2004-05-21,0.0,360.4,13.96,4.94,876.88,8.489688008132834
2004-05-22,9.27,168.77,8.28,3.17,772.73,8.240966679769569
2004-05-23,0.0,447.26,14.83,2.69,743.95,7.42847700711623
2004-05-24,0.0,464.99,16.9,3.64,796.79,6.914452928498813
2004-05-25,6.81,329.05,16.7,4.77,860.58,6.881290084717044
2004-05-26,6.61,218.01,12.6,6.02,942.34,8.406780898678413
2004-05-27,13.71,184.39,8.79,3.53,792.37,10.214155884784818
2004-05-28,10.1,206.24,8.29,2.49,734.58,9.335340524567942
2004-05-29,6.32,243.49,8.8,2.02,710.8,7.527965538461538
2004-05-30,0.0,355.36,11.3,3.89,810.61,7.8098497106065725
2004-05-31,0.0,324.9,9.09,2.64,742.87,7.411895585225346
2004-06-01,0.0,409.46,10.82,2.08,713.06,6.599405912572008
2004-06-02,0.0,479.69,14.97,3.09,766.91,6.41701027177228
2004-06-03,0.0,514.16,21.05,5.44,901.77,6.798382975262622
2004-06-04,0.0,489.3,21.65,7.75,1060.19,7.8098497106065725
2004-06-05,8.54,279.03,13.1,4.99,878.77,8.50626943002372
2004-06-06,10.56,246.82,11.21,4.39,841.11,7.992245351406301
2004-06-07,0.0,400.64,11.9,3.22,777.6,6.814964397153506
2004-06-08,0.0,492.66,19.38,5.9,929.87,6.4501731155540485
2004-06-09,1.51,302.23,15.62,8.38,1110.4,7.1465928349711945
2004-06-10,0.0,318.33,10.24,3.81,806.22,6.831545819044391
2004-06-11,3.29,232.72,9.2,3.0,763.26,6.002474724500169
2004-06-12,9.93,304.52,10.6,1.94,706.92,5.505032067773635
2004-06-13,4.73,301.14,11.45,2.96,762.11,8.008826773297185
2004-06-14,0.0,346.15,9.72,2.81,752.25,6.732057287699083
2004-06-15,0.0,515.52,15.77,1.51,686.74,5.869823349373093
2004-06-16,0.0,534.0,21.62,3.7,799.41,5.687427708573364
2004-06-17,0.0,508.51,24.41,8.41,1106.03,6.002474724500169
2004-06-18,0.0,475.46,23.63,10.12,1245.47,6.383847427990511
2004-06-19,0.0,489.17,24.01,9.46,1189.32,6.135126099627244
2004-06-20,0.0,458.75,23.76,11.05,1322.95,5.952730458827515
2004-06-21,0.0,455.6,24.44,11.55,1362.82,6.23461463097255
2004-06-22,0.0,406.59,23.63,13.11,1502.09,6.300940318536089
2004-06-23,0.0,367.02,20.3,11.58,1366.52,6.251196052863435
2004-06-24,0.0,387.89,19.75,10.45,1271.1,5.902986193154861
2004-06-25,0.0,415.99,18.09,7.95,1058.07,5.48845064588275
2004-06-26,0.0,443.08,16.86,5.63,866.5,5.0075894110471015
2004-06-27,0.0,391.33,16.23,6.78,969.87,4.5930538637749905
2004-06-28,0.0,470.42,19.7,6.63,892.09,4.3443325354117235
2004-06-29,0.0,439.78,19.89,8.11,1002.06,4.360913957302609
2004-06-30,0.0,401.97,20.06,9.61,1143.11,4.360913957302609
2004-07-01,0.0,399.06,20.29,9.89,1166.19,4.278006847848186
2004-07-02,0.0,284.59,15.76,9.13,1170.34,4.045866941375804
2004-07-03,0.0,391.92,16.73,7.12,1000.32,3.813727034903422
2004-07-04,0.0,448.93,17.33,5.59,857.55,3.6147499722128087
2004-07-05,0.0,472.83,20.98,7.48,931.46,3.482098597085733
2004-07-06,0.0,414.58,17.21,6.57,945.69,3.548424284649271
2004-07-07,0.0,330.05,12.58,4.88,873.13,3.3660286438495417
2004-07-08,0.0,352.53,13.2,4.96,876.7,3.0509816279227375
2004-07-09,3.74,199.61,11.8,6.0,940.68,2.9846559403592
2004-07-10,2.05,344.26,12.56,4.42,843.36,2.885167409013893
2004-07-11,0.0,394.13,15.35,5.56,903.76,2.785678877668586
2004-07-12,0.0,508.59,23.77,6.58,852.07,2.6861903463232797
2004-07-13,0.0,409.02,23.5,12.1,1328.58,2.7193531901050485
2004-07-14,0.0,418.88,24.13,12.15,1300.73,2.7359346119959334
2004-07-15,0.0,402.27,21.41,10.49,1186.04,2.6696089244323953
2004-07-16,0.0,449.1,21.95,9.13,1023.39,2.570120393087089
2004-07-17,0.0,481.8,26.19,10.82,1064.19,2.4540504398508975
2004-07-18,0.0,416.65,24.87,13.18,1337.64,2.437469017960013
2004-07-19,0.0,373.02,19.61,10.18,1140.45,2.371143330396475
2004-07-20,0.0,303.0,16.04,8.91,1103.78,2.288236220942053
2004-07-21,0.0,461.7,20.45,7.71,788.46,2.1721662677058617
2004-07-22,0.0,511.74,26.37,8.87,751.87,2.1058405801423246
2004-07-23,0.0,485.74,30.17,13.79,1048.71,2.0892591582514397
2004-07-24,0.0,471.67,30.44,14.76,1140.09,2.0726777363605557
2004-07-25,0.0,413.2,22.51,10.93,1026.16,2.0395148925787865
2004-07-26,0.0,413.46,21.81,10.27,989.06,1.9566077831243642
2004-07-27,0.0,417.43,23.72,11.71,1069.21,1.8902820955608264
2004-07-28,0.0,398.67,23.76,12.51,1152.99,1.8571192517790576
2004-07-29,0.0,411.25,23.83,12.06,1105.14,1.8239564079972888
2004-07-30,0.0,357.84,20.67,11.12,1141.2,1.7742121423246355
2004-07-31,0.0,419.23,21.8,9.8,959.91,1.6747236109793289
2004-08-01,0.0,425.08,23.01,10.4,982.27,1.6249793453066754
2004-08-02,0.0,339.16,19.97,10.82,1155.85,1.5918165015249066
2004-08-03,8.16,162.93,16.64,11.13,1330.41,1.5586536577431376
2004-08-04,7.3,240.59,17.01,8.69,1134.82,1.608397923415791
2004-08-05,8.5,213.89,14.99,7.84,1069.07,1.5254908139613688
2004-08-06,31.72,153.94,13.76,8.8,1143.69,4.808612348356489
2004-08-07,0.0,299.16,15.43,7.94,1077.44,4.2614254259573014
2004-08-08,0.0,461.86,22.54,7.36,917.26,2.3213990647238223
2004-08-09,0.0,453.82,26.91,11.22,1149.21,1.9566077831243642
2004-08-10,0.0,410.81,26.4,13.16,1356.54,1.7742121423246355
2004-08-11,0.0,415.27,26.35,12.98,1336.87,1.6415607671975598
2004-08-12,0.0,375.69,25.34,13.86,1482.34,1.5586536577431376
2004-08-13,0.0,414.06,26.3,12.81,1329.1,1.5089093920704844
2004-08-14,0.0,402.52,27.07,13.91,1434.11,1.459165126397831
2004-08-15,0.0,338.85,24.75,14.6,1612.48,1.426002282616062
2004-08-16,0.0,342.12,23.37,13.33,1491.13,1.3762580169434087
2004-08-17,0.0,366.59,23.16,12.17,1356.51,1.3265137512707557
2004-08-18,0.0,364.97,23.14,12.12,1357.47,1.309932329379871
2004-08-19,0.0,375.45,24.22,12.43,1365.87,1.2933509074889866
2004-08-20,0.0,372.43,23.7,12.05,1341.25,1.2601880637072178
2004-08-21,11.87,190.64,17.28,10.42,1273.87,1.2601880637072178
2004-08-22,8.81,176.18,14.96,8.93,1154.32,1.5752350796340222
2004-08-23,2.97,176.15,14.14,8.74,1140.11,1.2933509074889866
2004-08-24,19.35,155.43,14.59,9.5,1200.07,1.459165126397831
2004-08-25,20.33,143.84,13.92,9.31,1184.86,6.151707521518128
2004-08-26,11.14,192.55,14.78,8.53,1123.15,6.035637568281937
2004-08-27,0.0,274.98,14.89,8.2,1097.15,3.0012373622500843
2004-08-28,0.0,349.15,17.67,8.5,1120.83,2.2716547990511686
2004-08-29,0.0,384.85,20.03,8.96,1151.47,1.989770626906133
2004-08-30,0.0,410.72,21.88,8.96,1132.44,1.7742121423246355
2004-08-31,0.0,394.95,22.43,10.28,1245.11,1.6249793453066754
2004-09-01,5.8,237.11,14.59,6.38,968.05,1.5918165015249066
2004-09-02,0.0,341.02,14.55,5.44,903.55,1.5918165015249066
2004-09-03,0.0,404.69,18.7,5.84,923.69,1.426002282616062
2004-09-04,0.0,338.79,15.48,6.06,943.79,1.3430951731616398
2004-09-05,0.0,395.14,16.64,4.06,818.12,1.309932329379871
2004-09-06,0.0,384.72,17.09,4.78,859.46,1.2601880637072178
2004-09-07,0.0,388.24,17.85,5.17,882.19,1.2436066418163334
2004-09-08,1.88,303.56,16.41,6.7,983.43,1.2104437980345644
2004-09-09,0.0,326.01,15.79,6.42,968.09,1.2436066418163334
2004-09-10,26.26,289.9,16.78,3.9,812.3,1.426002282616062
2004-09-11,9.42,206.47,14.46,6.88,1000.29,9.020293508641137
2004-09-12,7.54,216.77,13.41,5.47,908.07,3.1836330030498132
2004-09-13,8.48,169.23,12.23,6.37,964.74,4.758868082683835
2004-09-14,13.5,202.14,11.9,4.76,865.3,4.410658222975262
2004-09-15,6.41,213.41,13.34,5.62,915.84,6.068800412063706
2004-09-16,14.43,158.28,10.55,5.22,890.3,5.239729317519484
2004-09-17,7.74,214.81,11.15,3.51,791.27,5.886404771263978
2004-09-18,9.48,162.2,8.53,3.17,772.67,5.853241927482208
2004-09-19,1.36,240.36,7.97,1.98,707.77,4.808612348356489
2004-09-20,0.0,350.41,12.25,1.76,695.02,3.896634144357844
2004-09-21,0.0,372.62,14.5,1.86,700.84,3.299702956286004
2004-09-22,5.0,158.69,12.61,6.93,994.32,3.067563049813622
2004-09-23,0.0,317.33,13.93,4.24,832.08,2.852004565232124
2004-09-24,0.0,351.98,18.93,6.06,935.28,2.5535389711962044
2004-09-25,0.0,334.23,18.21,6.34,948.48,2.3379804866147063
2004-09-26,0.0,298.35,16.51,6.66,975.24,2.1887476895967466
2004-09-27,0.0,317.1,19.09,7.66,1053.0,2.0726777363605557
2004-09-28,0.0,325.47,20.13,7.7,1056.03,1.9731892050152489
2004-09-29,0.0,249.27,13.99,6.13,946.04,1.8902820955608264
2004-09-30,0.0,299.04,14.43,4.18,827.35,1.8239564079972888
2004-10-01,0.0,336.98,18.32,4.36,835.99,1.7078864547610977
2004-10-02,0.0,321.9,19.4,6.17,933.5,1.6415607671975598
2004-10-03,0.0,285.69,18.95,8.29,1102.88,1.5752350796340222
2004-10-04,0.0,276.37,18.64,8.36,1108.7,1.5254908139613688
2004-10-05,8.78,193.47,16.78,7.46,1037.07,1.5752350796340222
2004-10-06,0.0,213.66,11.7,4.68,855.08,1.8571192517790576
2004-10-07,0.27,271.48,12.88,3.06,764.34,1.5586536577431376
2004-10-08,25.74,162.92,11.01,3.79,804.38,6.101963255845475
2004-10-09,20.67,159.48,10.36,3.31,780.71,9.28559625889529
2004-10-10,0.0,232.44,11.91,4.01,819.58,6.3672660060996265
2004-10-11,0.0,207.48,12.73,5.69,915.93,4.2614254259573014
2004-10-12,0.0,238.86,15.95,7.16,1013.27,3.4655171751948486
2004-10-13,0.0,270.06,19.56,8.09,1087.04,3.034400206031853
2004-10-14,0.0,243.17,18.77,8.97,1157.53,2.7193531901050485
2004-10-15,0.0,167.83,14.19,8.22,1097.23,2.487213283632667
2004-10-16,13.02,138.59,10.36,3.71,802.32,2.5369575493053196
2004-10-17,19.53,109.02,7.65,2.58,739.51,6.483335959335817
2004-10-18,16.82,116.78,6.52,1.03,660.07,6.184870365299897
2004-10-19,24.27,45.59,5.74,3.95,814.32,23.379804866147065
2004-10-20,2.37,178.32,9.26,2.07,710.12,12.452647840054217
2004-10-21,15.74,127.22,7.2,1.38,678.07,7.693779757370382
2004-10-22,9.0,153.53,7.97,0.1,619.89,6.549661646899355
2004-10-23,0.0,180.61,5.87,-0.85,576.71,5.471869223991867
2004-10-24,0.0,192.56,5.38,-1.89,535.04,4.709123817011182
2004-10-25,17.59,81.29,4.35,0.57,635.91,5.156822208065061
2004-10-26,9.48,97.17,5.29,0.67,640.12,7.975663929515417
2004-10-27,0.0,224.69,8.59,-0.73,580.19,6.599405912572008
2004-10-28,0.0,138.29,5.05,0.13,616.61,5.770334818027786
2004-10-29,13.12,134.31,6.66,-0.05,610.17,5.306055005083023
2004-10-30,8.26,123.51,5.53,-0.51,593.14,10.479458635038968
2004-10-31,0.0,202.21,4.83,-3.05,491.95,6.997360037953235
2004-11-01,30.82,161.44,8.29,-0.9,574.68,12.319996464927142
2004-11-02,17.81,155.15,6.88,-1.75,542.47,34.489357533039644
2004-11-03,0.0,186.3,3.92,-3.29,479.6,13.364626044052862
2004-11-04,0.0,201.23,6.0,-2.32,517.2,9.40166621213148
2004-11-05,0.0,199.84,7.56,-1.0,570.5,7.6440354916977284
2004-11-06,0.0,161.19,9.04,2.67,735.44,6.748638709589969
2004-11-07,0.0,115.63,11.78,7.35,1027.83,6.516498803117586
2004-11-08,0.0,154.48,11.5,5.25,889.79,5.936149036936631
2004-11-09,0.0,123.4,8.77,4.08,822.81,5.272892161301253
2004-11-10,0.0,155.32,9.89,3.5,786.65,4.8417751921382575
2004-11-11,0.0,159.04,9.2,2.5,720.0,4.493565332429684
2004-11-12,1.12,160.84,10.02,2.57,725.56,4.161936894611995
2004-11-13,0.7,129.46,7.14,1.92,702.57,3.962959831921382
2004-11-14,8.89,80.79,7.52,3.34,779.26,4.360913957302609
2004-11-15,11.52,130.74,8.43,0.24,627.05,6.466754537444933
2004-11-16,9.56,115.11,4.86,-1.8,538.46,5.836660505591324
2004-11-17,13.42,118.59,3.43,-3.66,469.13,5.322636426973906
2004-11-18,13.58,98.8,4.03,-1.68,543.83,7.13001141308031
2004-11-19,0.0,151.36,2.52,-4.35,445.49,6.23461463097255
2004-11-20,0.0,151.69,3.29,-3.72,468.49,5.2563107394103685
2004-11-21,0.0,123.21,5.16,-0.31,598.55,4.808612348356489
2004-11-22,0.61,110.41,5.27,0.35,628.62,4.5930538637749905
2004-11-23,4.94,90.5,6.31,1.41,679.6,4.427239644866146
2004-11-24,34.52,45.64,8.17,5.55,907.71,17.410492985428668
2004-11-25,0.0,159.31,6.44,-2.0,532.76,21.058405801423245
2004-11-26,1.78,114.11,2.07,-4.08,454.67,10.048341665875972
2004-11-27,4.02,96.48,-0.0,-5.6,405.96,7.743524023043036
2004-11-28,0.0,145.77,0.79,-6.09,391.61,6.483335959335817
2004-11-29,6.05,89.9,0.83,-4.51,441.12,5.820079083700439
2004-11-30,4.17,80.0,2.71,-1.98,530.39,5.355799270755675
2004-12-01,0.0,111.86,2.12,-2.81,500.0,4.941263723483564
2004-12-02,0.0,111.42,3.04,-1.94,532.49,4.576472441884106
2004-12-03,1.67,87.02,3.59,-0.67,585.56,4.278006847848186
2004-12-04,11.86,59.02,2.32,-1.12,564.7,4.9246823015926795
2004-12-05,10.93,79.83,-0.5,-5.07,422.47,4.8417751921382575
2004-12-06,12.82,55.41,-0.03,-3.09,488.96,4.576472441884106
2004-12-07,30.99,51.49,2.05,-0.83,578.04,4.659379551338528
2004-12-08,23.76,75.78,2.85,-1.54,550.18,7.76010544493392
2004-12-09,37.58,113.19,6.35,-1.84,536.46,9.136363461877329
2004-12-10,55.34,71.13,7.33,3.03,761.35,80.75152460860724
2004-12-11,16.56,90.88,2.92,-2.79,502.1,42.61425425957302
2004-12-12,5.9,129.71,7.77,-0.84,578.26,19.234449393425955
2004-12-13,24.41,79.29,6.11,1.01,657.48,23.048176428329377
2004-12-14,14.58,73.05,5.43,0.86,653.03,49.41263723483564
2004-12-15,0.0,91.97,4.87,0.63,639.38,26.364460806506266
2004-12-16,4.61,87.35,6.83,1.08,655.65,17.244678766519822
2004-12-17,0.0,92.47,8.82,4.5,840.0,14.37609277939681
2004-12-18,0.0,100.4,10.64,5.75,918.65,14.07762718536089
2004-12-19,0.0,78.79,1.75,-1.89,538.11,13.28171893459844
2004-12-20,0.0,72.66,0.7,-2.56,509.77,10.910575604201965
2004-12-21,0.0,123.18,4.15,-1.9,534.59,9.434829055913248
2004-12-22,0.0,84.37,2.53,-1.26,558.32,8.456525164351067
2004-12-23,0.0,164.61,4.91,-10.89,275.55,7.660616913588613
2004-12-24,0.0,78.64,-5.62,-9.01,318.98,7.13001141308031
2004-12-25,19.72,81.04,4.75,-0.3,599.07,7.627454069806844
2004-12-26,9.73,71.36,1.07,-3.19,485.87,7.743524023043036
2004-12-27,0.0,113.39,3.67,-1.78,539.3,7.047104303625888
2004-12-28,0.0,77.65,3.93,0.44,628.78,6.6988944439173155
2004-12-29,3.67,70.83,2.58,-1.57,546.05,6.433591693663164
2004-12-30,2.86,87.42,1.38,-3.45,478.09,6.052218990172822
2004-12-31,3.27,79.13,1.98,-2.51,512.07,5.687427708573364
2005-01-01,7.54,47.7,-0.21,-2.79,500.99,5.388962114537445
2005-01-02,0.0,108.69,-1.17,-5.86,394.86,5.073915098610639
2005-01-03,0.0,86.42,-3.35,-7.04,360.13,4.74228666079295
2005-01-04,0.0,87.37,-3.87,-7.61,343.24,4.510146754320568
2005-01-05,0.0,124.43,-1.98,-7.47,346.42,4.311169691629956
2005-01-06,19.25,148.21,-1.3,-15.2,195.61,4.1453554727211115
2005-01-07,31.43,62.05,-1.91,-4.75,431.67,4.02928551948492
2005-01-08,19.7,52.22,-2.3,-4.64,434.99,3.979541253812266
2005-01-09,7.02,87.75,-1.44,-5.47,408.34,3.7805641911216528
2005-01-10,0.0,151.83,-0.82,-6.42,380.21,3.565005706540155
2005-01-11,4.81,129.93,-1.74,-8.48,321.58,3.3660286438495417
2005-01-12,0.0,129.49,0.4,-4.13,451.84,3.3494472219586577
2005-01-13,0.0,158.84,-2.49,-8.12,332.07,3.1836330030498132
2005-01-14,0.0,174.45,-2.9,-9.24,306.75,3.067563049813622
2005-01-15,19.71,132.73,0.9,-5.61,405.28,3.034400206031853
2005-01-16,27.21,103.54,3.95,-0.65,588.07,3.5318428627583867
2005-01-17,71.56,101.24,7.89,3.33,777.63,42.780068478481866
2005-01-18,26.36,71.14,8.73,5.65,913.72,49.2468230159268
2005-01-19,0.0,117.93,8.98,4.96,871.57,33.328658000677734
2005-01-20,6.92,107.72,8.69,3.75,801.09,26.19864658759742
2005-01-21,8.63,106.7,8.82,3.86,808.84,20.229334706879023
2005-01-22,20.3,54.62,7.85,5.51,906.1,32.167958468315824
2005-01-23,5.44,99.9,8.78,4.85,865.07,27.690974557777018
2005-01-24,0.0,170.53,9.72,3.58,791.0,17.742121423246356
2005-01-25,0.0,186.64,9.99,3.06,764.89,13.895231544561165
2005-01-26,3.35,110.55,6.78,2.06,709.31,12.668206324635715
2005-01-27,2.03,124.0,4.5,0.02,613.9,13.54702168485259
2005-01-28,1.15,164.14,5.22,-0.06,609.28,10.827668494747542
2005-01-29,3.14,100.95,4.29,0.24,624.57,9.783038915621821
2005-01-30,4.37,117.27,6.46,1.67,690.01,8.821316445950524
2005-01-31,0.0,189.47,5.26,-0.98,572.03,8.854479289732293
2005-02-01,0.0,224.86,7.44,-1.27,558.34,7.942501085733649
2005-02-02,0.0,208.67,9.62,1.92,704.64,7.3953141633344615
2005-02-03,0.0,200.25,9.66,2.6,735.38,6.9476157722805825
2005-02-04,10.02,158.66,5.88,-1.48,552.56,7.6108726479159605
2005-02-05,7.37,133.8,0.65,-4.64,437.13,6.914452928498813
2005-02-06,10.74,120.8,0.65,-3.86,465.17,6.4501731155540485
2005-02-07,0.0,235.84,2.4,-5.46,408.31,5.952730458827515
2005-02-08,0.0,250.17,3.26,-5.7,399.69,5.554776333446289
2005-02-09,0.0,234.72,3.61,-4.11,452.23,5.239729317519484
2005-02-10,0.0,259.72,5.75,-3.85,458.92,5.024170832937986
2005-02-11,0.0,243.22,6.83,-1.66,547.3,4.891519457810911
2005-02-12,7.35,189.39,4.27,-4.32,446.42,4.908100879701795
2005-02-13,5.63,169.35,0.81,-5.81,397.72,4.659379551338528
2005-02-14,0.0,240.99,-0.75,-7.74,345.0,4.394076801084378
2005-02-15,0.0,256.77,-0.81,-8.58,319.32,4.195099738393764
2005-02-16,0.0,298.15,4.19,-6.81,367.68,3.979541253812266
2005-02-17,0.0,267.05,5.69,-3.05,480.0,3.763982769230769
2005-02-18,0.0,299.46,7.31,-3.83,455.08,3.631331394103693
2005-02-19,0.0,276.01,2.67,-6.36,380.54,3.4986800189766174
2005-02-20,0.0,312.37,4.27,-7.38,351.67,3.299702956286004
2005-02-21,0.0,318.9,7.74,-5.04,425.79,3.1504701592680444
2005-02-22,0.0,305.65,9.39,-2.07,526.85,3.0509816279227375
2005-02-23,0.0,318.3,12.63,-0.96,571.36,2.9680745184683155
2005-02-24,0.0,305.9,11.33,-0.69,582.3,2.918330252795662
2005-02-25,0.0,258.08,9.97,1.46,676.92,2.8685859871230086
2005-02-26,0.0,271.27,10.36,1.28,662.33,2.785678877668586
2005-02-27,0.0,304.94,12.25,0.75,640.0,2.7193531901050485
2005-02-28,9.96,168.24,7.2,0.17,619.54,3.515261440867502
2005-03-01,16.5,138.87,6.93,1.39,678.69,5.786916239918671
2005-03-02,4.35,166.96,7.11,0.4,633.35,6.383847427990511
2005-03-03,0.0,322.29,9.32,-2.33,516.01,5.388962114537445
2005-03-04,0.0,259.01,7.6,-0.41,595.34,4.510146754320568
2005-03-05,0.0,323.99,10.4,-1.13,562.69,4.02928551948492
2005-03-06,0.0,312.16,12.12,1.37,675.58,3.846889878685191
2005-03-07,0.0,272.57,11.38,2.83,754.4,4.360913957302609
2005-03-08,0.0,333.46,14.17,1.78,696.29,4.161936894611995
2005-03-09,0.03,176.42,9.71,4.52,846.42,4.427239644866146
2005-03-10,0.0,319.33,14.62,3.67,796.59,4.095611207048457
2005-03-11,0.0,357.89,15.37,1.38,676.62,3.813727034903422
2005-03-12,0.0,340.41,11.89,-0.08,607.6,3.6810756597763468
2005-03-13,0.0,345.89,12.37,-0.11,602.35,3.299702956286004
2005-03-14,0.0,363.23,13.45,-0.3,599.95,3.0509816279227375
2005-03-15,0.0,294.9,10.57,1.24,666.6,2.901748830904778
2005-03-16,6.76,177.72,5.93,-0.97,573.59,3.299702956286004
2005-03-17,9.97,190.74,4.27,-3.07,489.1,3.0178187841409687
2005-03-18,0.0,283.77,3.51,-4.69,435.61,2.7359346119959334
2005-03-19,27.57,237.3,5.13,-4.32,446.15,4.427239644866146
2005-03-20,37.52,185.01,3.67,-2.94,498.61,25.203761274144355
2005-03-21,14.68,213.71,3.44,-4.28,448.33,12.933509074889866
2005-03-22,2.26,309.63,5.5,-5.06,422.75,8.556013695696372
2005-03-23,0.0,360.57,5.6,-4.66,436.65,6.964197194171466
2005-03-24,4.94,205.52,4.81,-2.23,521.88,6.019056146391053
2005-03-25,10.46,251.18,4.46,-4.38,444.64,5.339217848864791
2005-03-26,43.67,115.88,3.65,0.07,617.53,11.888879495764145
2005-03-27,21.79,152.02,4.73,0.1,621.21,13.381207465943746
2005-03-28,8.52,186.15,4.06,-1.63,547.54,10.180993041003047
2005-03-29,14.44,220.7,4.37,-2.42,515.33,9.103200618095558
2005-03-30,5.16,268.71,5.62,-3.22,485.51,8.075152460860723
2005-03-31,11.15,144.39,4.25,0.04,618.0,7.959082507624532
2005-04-01,18.24,243.14,4.8,-2.65,508.55,16.183467765503217
2005-04-02,11.94,248.15,4.06,-3.41,480.82,11.358273995255844
2005-04-03,14.97,248.21,5.77,-1.64,547.04,11.441181104710267
2005-04-04,5.42,263.17,4.26,-3.64,473.63,9.666968962385631
2005-04-05,9.15,204.44,3.19,-2.46,514.0,8.754990758386986
2005-04-06,8.85,236.39,7.65,0.98,657.42,10.26390015045747
2005-04-07,7.99,286.33,6.46,-1.98,535.08,10.26390015045747
2005-04-08,0.83,406.85,5.41,-4.27,449.21,9.318759102677056
2005-04-09,0.04,445.65,7.27,-3.86,465.17,7.859593976279226
2005-04-10,4.99,359.25,6.07,-3.26,483.49,7.080267147407658
2005-04-11,10.71,318.03,4.92,-4.36,447.59,8.108315304642492
2005-04-12,9.0,302.99,3.23,-4.96,427.71,7.179755678752963
2005-04-13,11.41,272.16,3.72,-3.14,487.02,6.8647086628261595
2005-04-14,5.1,336.68,4.81,-4.68,436.03,6.5330802250084705
2005-04-15,13.5,276.02,4.45,-2.44,514.19,6.848127240935275
2005-04-16,30.54,309.03,7.16,-0.98,573.73,23.048176428329377
2005-04-17,5.97,282.86,6.25,-0.88,575.72,14.37609277939681
2005-04-18,0.32,440.94,7.32,-1.58,548.97,10.479458635038968
2005-04-19,0.0,520.16,12.57,-1.6,547.17,9.103200618095558
2005-04-20,0.0,494.45,14.11,1.77,695.15,9.136363461877329
2005-04-21,0.0,478.78,15.48,3.98,814.43,10.77792422907489
2005-04-22,0.0,483.48,16.28,4.37,837.19,12.237089355472719
2005-04-23,0.0,469.09,15.92,4.68,854.74,13.132486137580479
2005-04-24,3.26,346.24,13.74,4.19,829.55,14.342929935615043
2005-04-25,2.81,337.6,13.8,5.09,881.03,13.845487278888509
2005-04-26,0.0,459.16,15.97,4.91,869.62,13.530440262961706
2005-04-27,0.0,451.17,16.09,5.27,891.82,13.779161591324973
2005-04-28,0.0,355.2,12.31,4.83,865.49,12.386322152490678
2005-04-29,4.91,139.89,7.62,4.04,820.61,10.794505650965773
2005-04-30,0.6,312.33,9.89,3.69,799.52,10.081504509657742
2005-05-01,0.0,477.7,14.73,2.9,757.2,9.07003777431379
2005-05-02,9.75,212.98,9.87,4.19,829.42,11.374855417146728
2005-05-03,4.96,316.25,11.01,3.0,763.3,10.247318728566587
2005-05-04,6.77,300.39,13.67,5.01,876.06,10.230737306675701
2005-05-05,0.0,446.19,14.8,4.49,845.97,9.832783181294475
2005-05-06,0.0,418.68,13.5,4.21,830.15,9.25243341511352
2005-05-07,0.0,356.4,9.69,2.4,729.48,8.307292367333106
2005-05-08,1.19,382.74,11.07,3.12,770.28,7.494802694679769
2005-05-09,10.83,275.81,12.46,4.93,871.71,7.328988475770925
2005-05-10,11.8,214.48,11.23,5.74,922.31,9.36850336834971
2005-05-11,0.0,392.23,12.37,4.41,843.13,8.091733882751608
2005-05-12,0.0,400.83,12.81,4.56,850.49,7.378732741443577
2005-05-13,1.81,431.15,15.02,4.07,821.11,7.047104303625888
2005-05-14,4.42,281.32,14.9,8.04,1083.22,7.5611283822433055
2005-05-15,6.8,296.21,13.24,5.04,885.94,9.152944883768212
2005-05-16,8.88,241.53,8.37,2.2,721.87,7.710361179261265
2005-05-17,20.34,247.58,7.33,1.01,660.09,7.080267147407658
2005-05-18,27.15,217.25,8.94,3.49,789.77,28.02260299559471
2005-05-19,19.45,206.8,7.48,2.5,735.09,32.002144249406975
2005-05-20,10.26,280.14,8.61,1.66,694.41,25.535389711962043
2005-05-21,15.46,314.6,8.57,0.53,638.75,19.4002636123348
2005-05-22,6.74,278.88,7.76,1.06,664.66,23.54561908505591
2005-05-23,3.56,385.68,8.21,-0.36,599.12,18.073749861064044
2005-05-24,0.0,512.55,12.21,0.58,639.59,14.07762718536089
2005-05-25,0.0,549.67,18.61,1.89,701.26,11.805972386309723
2005-05-26,0.0,534.9,24.38,7.29,1023.35,10.86083133852931
2005-05-27,0.0,515.85,26.1,10.45,1276.14,10.396551525584545
2005-05-28,0.0,473.51,23.99,12.04,1403.14,10.098085931548626
2005-05-29,0.0,395.88,17.74,9.45,1196.27,9.617224696712977
2005-05-30,0.0,376.11,16.09,8.43,1114.67,8.688665070823447
2005-05-31,5.23,262.57,11.22,4.49,848.35,8.124896726533377
2005-06-01,7.54,279.96,11.36,4.05,820.9,7.527965538461538
2005-06-02,2.75,254.79,10.6,4.99,877.04,6.848127240935275
2005-06-03,0.0,363.98,11.1,4.09,823.62,6.383847427990511
2005-06-04,0.0,322.5,8.66,2.7,747.26,6.068800412063706
2005-06-05,8.11,267.02,8.57,1.93,706.96,5.770334818027786
2005-06-06,2.03,364.82,9.8,2.14,715.99,5.820079083700439
2005-06-07,6.26,325.12,10.78,2.04,711.9,5.355799270755675
2005-06-08,3.88,238.76,9.08,4.14,826.03,5.123659364283293
2005-06-09,0.0,436.92,13.24,4.31,837.01,4.891519457810911
2005-06-10,7.18,297.55,11.45,4.02,819.57,4.77544950457472
2005-06-11,0.0,362.22,9.5,2.74,750.88,4.659379551338528
2005-06-12,6.92,328.47,10.53,1.76,700.3,4.427239644866146
2005-06-13,4.11,273.46,10.77,4.43,844.1,4.526728176211453
2005-06-14,0.0,362.59,9.61,2.85,755.24,4.294588269739071
2005-06-15,0.0,487.74,11.77,1.09,665.49,4.079029785157573
2005-06-16,10.0,322.12,15.34,6.4,969.34,3.9961226757031505
2005-06-17,4.46,314.62,13.09,4.51,849.57,4.808612348356489
2005-06-18,0.0,323.19,12.25,6.03,941.51,4.112192628939342
2005-06-19,0.0,492.2,17.04,5.16,885.74,3.813727034903422
2005-06-20,0.0,524.43,23.18,7.3,1025.47,3.6976570816672307
2005-06-21,0.0,461.55,21.7,10.27,1261.92,3.7308199254489995
2005-06-22,3.99,273.45,13.58,6.12,952.75,3.631331394103693
2005-06-23,0.0,493.6,16.38,4.05,821.39,3.4157729095221954
2005-06-24,0.0,470.99,17.95,6.74,987.61,3.3162843781768885
2005-06-25,0.0,399.36,15.6,7.37,1034.56,3.2665401125042353
2005-06-26,5.85,279.12,14.6,7.3,1028.48,3.1836330030498132
2005-06-27,5.02,190.62,11.64,7.12,1016.46,3.1504701592680444
2005-06-28,0.0,392.42,15.95,8.26,1102.56,3.0178187841409687
2005-06-29,0.0,427.82,18.17,9.21,1176.54,2.9514930965774306
2005-06-30,0.0,429.08,16.93,7.95,1077.27,2.918330252795662
2005-07-01,0.0,398.03,14.58,6.68,983.65,2.8188417214503554
2005-07-02,0.0,368.06,12.57,5.54,911.77,2.6861903463232797
2005-07-03,0.0,515.5,18.57,4.79,861.76,2.570120393087089
2005-07-04,0.0,480.32,20.48,8.45,1116.28,2.5203761274144356
2005-07-05,10.89,266.19,17.58,10.22,1257.93,2.570120393087089
2005-07-06,7.74,265.89,13.57,6.45,973.51,3.3660286438495417
2005-07-07,0.69,402.98,14.08,5.21,891.5,2.6364460806506265
2005-07-08,11.42,256.26,12.21,5.42,905.47,5.637683442900711
2005-07-09,0.0,361.61,11.47,4.27,835.87,4.576472441884106
2005-07-10,4.0,239.61,12.11,5.84,929.3,3.399191487631311
2005-07-11,6.17,223.82,13.84,8.0,1082.54,4.195099738393764
2005-07-12,0.0,309.01,14.02,8.01,1083.7,4.095611207048457
2005-07-13,0.0,380.06,15.09,7.25,1028.06,3.3826100657404266
2005-07-14,0.0,492.64,20.27,7.1,1014.74,3.067563049813622
2005-07-15,0.0,330.53,16.02,9.22,1177.86,2.918330252795662
2005-07-16,0.0,387.81,15.89,7.73,1061.01,2.769097455777702
2005-07-17,0.0,506.22,22.02,7.21,1019.64,2.5867018149779732
2005-07-18,0.0,493.32,25.45,10.44,1274.57,2.5037947055235508
2005-07-19,0.0,439.84,19.11,8.37,1109.36,2.4208875960691287
2005-07-20,0.0,446.88,18.22,7.45,1037.61,2.3213990647238223
2005-07-21,0.0,510.42,24.05,7.56,1044.9,2.255073377160284
2005-07-22,5.05,341.58,20.92,8.9,1152.05,2.2219105333785154
2005-07-23,0.0,444.45,17.2,6.33,961.38,2.139003423924093
2005-07-24,0.0,457.12,17.17,5.66,916.15,2.0063520487970177
2005-07-25,0.0,481.65,20.63,7.05,1008.44,1.94002636123348
2005-07-26,0.0,486.83,23.13,8.32,1105.73,1.8737006736699422
2005-07-27,0.0,466.37,25.41,11.11,1328.53,1.8239564079972888
2005-07-28,0.0,432.39,22.5,10.53,1282.44,1.7907935642155197
2005-07-29,0.0,445.87,21.45,8.81,1144.97,1.757630720433751
2005-07-30,0.0,466.2,23.78,9.33,1186.19,1.7078864547610977
2005-07-31,0.0,439.29,23.45,10.46,1276.46,1.6415607671975598
2005-08-01,0.0,366.2,16.24,6.84,996.49,1.6415607671975598
2005-08-02,0.0,453.81,18.02,4.83,864.2,1.5586536577431376
2005-08-03,0.0,491.74,23.33,6.07,941.14,1.4923279701796
2005-08-04,0.0,448.21,25.87,11.13,1330.27,1.459165126397831
2005-08-05,0.0,428.06,24.64,11.11,1329.16,1.426002282616062
2005-08-06,0.0,372.4,21.17,10.57,1285.85,1.4094208607251777
2005-08-07,0.0,397.64,22.13,10.21,1256.51,1.3762580169434087
2005-08-08,0.0,362.36,20.65,10.22,1257.3,1.3596765950525243
2005-08-09,0.0,332.61,20.12,10.7,1296.19,1.3265137512707557
2005-08-10,0.0,362.19,18.3,7.82,1068.51,1.309932329379871
2005-08-11,0.0,329.91,15.91,6.67,989.7,1.2601880637072178
2005-08-12,0.0,405.77,22.49,9.3,1184.12,1.2601880637072178
2005-08-13,0.0,387.21,24.32,11.73,1378.21,1.2270252199254488
2005-08-14,0.0,399.62,25.49,11.78,1381.7,1.1772809542527956
2005-08-15,0.0,369.38,24.14,11.98,1398.03,1.1606995323619111
2005-08-16,1.15,280.76,19.36,10.39,1271.15,1.1606995323619111
2005-08-17,4.03,175.82,15.34,9.22,1177.92,1.1772809542527956
2005-08-18,0.0,350.45,18.71,8.17,1087.36,1.19386237614368
2005-08-19,0.0,409.58,21.37,7.75,998.77,1.1109552666892577
2005-08-20,0.0,377.49,22.09,10.06,1150.59,1.0612110010166043
2005-08-21,0.0,382.53,21.52,9.29,1074.62,1.0446295791257199
2005-08-22,0.0,289.65,16.41,8.06,1068.31,1.011466735343951
2005-08-23,0.0,329.06,14.88,5.29,877.38,1.011466735343951
2005-08-24,0.0,417.66,19.67,5.63,815.08,0.9617224696712977
2005-08-25,0.0,445.2,24.05,7.18,857.1,0.9617224696712977
2005-08-26,0.0,405.54,23.47,9.36,1039.67,0.9119782039986444
2005-08-27,0.0,348.45,20.53,9.53,1137.73,0.9119782039986444
2005-08-28,11.42,221.58,16.06,7.31,1030.77,0.9285596258895288
2005-08-29,6.81,242.75,14.15,5.73,922.9,1.0446295791257199
2005-08-30,0.0,425.94,21.26,5.3,830.49,0.9451410477804132
2005-08-31,0.0,350.58,18.21,7.12,990.69,0.8953967821077599
2005-09-01,0.0,395.12,20.71,6.98,929.16,0.8788153602168755
2005-09-02,0.0,276.13,15.34,7.24,1019.44,0.8953967821077599
2005-09-03,0.0,319.94,15.37,5.82,921.0,0.8953967821077599
2005-09-04,0.0,271.86,12.17,4.46,842.07,0.8788153602168755
2005-09-05,0.0,338.0,13.62,3.4,765.5,0.8788153602168755
2005-09-06,0.0,386.3,17.66,4.7,783.92,0.862233938325991
2005-09-07,0.0,387.41,19.05,5.67,819.09,0.8456525164351066
2005-09-08,0.0,382.56,19.73,6.33,859.01,0.8290710945442221
2005-09-09,0.0,250.05,12.9,5.55,908.57,0.8290710945442221
2005-09-10,2.3,190.93,10.82,4.85,865.84,0.8290710945442221
2005-09-11,0.0,314.21,14.84,5.17,854.02,0.8124896726533377
2005-09-12,0.0,300.49,14.05,4.93,842.19,0.7959082507624533
2005-09-13,0.0,368.36,17.21,4.64,751.01,0.7627454069806844
2005-09-14,0.0,288.81,15.19,6.36,933.03,0.7627454069806844
2005-09-15,4.21,210.51,11.88,4.67,856.12,0.7627454069806844
2005-09-16,8.67,165.51,10.55,4.08,821.97,0.7793268288715688
2005-09-17,0.0,279.64,11.62,3.14,756.42,0.8124896726533377
2005-09-18,0.0,309.84,13.52,3.71,768.57,0.7959082507624533
2005-09-19,0.0,316.93,14.16,3.99,782.62,0.7627454069806844
2005-09-20,0.0,303.34,12.25,2.63,718.77,0.7461639850898
2005-09-21,0.0,380.47,15.89,1.05,578.1,0.7295825631989155
2005-09-22,0.0,313.49,10.48,0.09,597.62,0.713001141308031
2005-09-23,0.0,345.31,12.63,0.26,583.85,0.713001141308031
2005-09-24,0.0,358.68,14.55,0.98,599.52,0.6964197194171465
2005-09-25,0.0,352.19,16.76,3.28,679.89,0.6798382975262621
2005-09-26,0.0,333.05,17.38,4.98,760.77,0.6798382975262621
2005-09-27,0.0,307.13,15.58,4.65,784.08,0.6632568756353778
2005-09-28,0.0,328.92,17.66,4.89,763.85,0.6632568756353778
2005-09-29,30.92,91.1,13.01,9.17,1173.72,2.901748830904778
2005-09-30,13.4,185.4,11.29,3.8,805.81,3.167051581158929
2005-10-01,3.91,132.01,7.56,2.21,718.22,1.3762580169434087
2005-10-02,5.6,147.86,7.23,1.1,663.03,1.8902820955608264
2005-10-03,5.14,209.03,8.12,0.23,623.62,2.1058405801423246
2005-10-04,0.0,272.3,9.86,0.56,636.75,1.392839438834293
2005-10-05,0.0,214.86,10.58,3.65,796.84,1.1441181104710265
2005-10-06,0.0,145.54,10.15,5.65,914.97,1.2104437980345644
2005-10-07,8.87,162.84,9.61,2.75,748.64,1.5918165015249066
2005-10-08,3.03,168.79,8.84,2.4,728.94,1.2104437980345644
2005-10-09,5.83,189.59,10.87,3.4,782.59,1.6415607671975598
2005-10-10,5.14,152.87,10.98,4.35,836.63,1.5752350796340222
2005-10-11,4.95,173.86,10.25,2.46,731.75,1.392839438834293
2005-10-12,0.01,158.62,8.64,3.6,794.2,1.1441181104710265
2005-10-13,10.4,159.88,10.78,4.31,836.61,2.2384919552694
2005-10-14,14.49,150.54,12.37,5.68,917.69,2.022933470687902
2005-10-15,11.68,104.33,9.8,5.37,900.16,6.931034350389697
2005-10-16,6.68,116.59,10.27,5.3,895.06,3.714238503558115
2005-10-17,12.35,111.26,12.74,7.94,1075.41,6.068800412063706
2005-10-18,3.33,146.1,13.9,7.35,1032.88,4.112192628939342
2005-10-19,5.47,153.8,11.54,4.49,848.32,3.216795846831582
2005-10-20,0.0,209.72,8.79,1.6,687.82,2.7525160338868173
2005-10-21,0.0,248.98,15.34,5.49,907.3,2.288236220942053
2005-10-22,0.0,234.94,14.83,5.71,920.0,2.022933470687902
2005-10-23,4.93,156.18,9.86,2.51,735.28,2.0892591582514397
2005-10-24,2.41,218.31,12.14,0.6,640.13,1.906863517451711
2005-10-25,8.87,173.12,10.98,2.19,716.89,1.94002636123348
2005-10-26,5.93,140.75,6.54,0.07,615.13,2.918330252795662
2005-10-27,1.26,195.9,5.89,-1.11,565.42,2.1887476895967466
2005-10-28,11.54,85.36,4.33,0.72,643.79,8.489688008132834
2005-10-29,14.41,132.8,6.36,0.37,631.85,8.240966679769569
2005-10-30,13.99,102.01,5.41,0.96,655.99,11.01006413554727
2005-10-31,43.62,77.11,6.25,2.96,760.71,31.670515811589286
2005-11-01,19.27,73.17,4.41,1.31,675.89,12.850601965435443
2005-11-02,8.91,88.24,4.6,0.81,650.15,9.617224696712977
2005-11-03,28.0,81.59,3.46,-0.0,615.41,13.231974668925787
2005-11-04,23.2,84.74,2.23,-1.36,557.48,12.784276277871905
2005-11-05,33.7,80.52,2.3,-1.12,564.2,10.695017119620466
2005-11-06,22.25,114.36,3.05,-2.11,526.46,10.031760243985088
2005-11-07,5.43,112.4,2.51,-2.64,506.71,8.456525164351067
2005-11-08,3.59,128.33,3.78,-2.46,513.2,7.179755678752963
2005-11-09,0.0,204.55,8.46,-0.37,594.35,6.881290084717044
2005-11-10,5.44,147.66,8.16,-0.4,596.36,10.993482713656386
2005-11-11,10.28,96.34,1.92,-2.7,504.12,10.41313294747543
2005-11-12,13.03,111.6,2.24,-3.22,484.35,8.539432273805488
2005-11-13,16.94,103.73,5.11,-0.0,611.93,9.418247634022364
2005-11-14,0.0,154.89,2.03,-3.94,461.98,8.77157218027787
2005-11-15,0.0,197.76,5.14,-4.45,440.7,7.411895585225346
2005-11-16,0.0,151.86,7.31,1.04,656.28,6.98077861606235
2005-11-17,0.0,161.93,8.5,1.44,675.88,6.914452928498813
2005-11-18,0.0,122.97,10.06,5.02,881.89,7.743524023043036
2005-11-19,0.0,146.51,11.59,5.07,885.91,9.716713228058284
2005-11-20,0.0,140.05,11.29,5.15,890.56,9.36850336834971
2005-11-21,0.0,123.12,10.83,5.63,917.17,9.07003777431379
2005-11-22,0.0,129.39,10.21,4.65,852.18,8.589176539478142
2005-11-23,0.0,142.14,8.98,2.71,739.13,7.660616913588613
2005-11-24,6.68,115.72,8.28,1.44,675.25,7.163174256862079
2005-11-25,17.62,119.77,5.58,-2.14,525.49,8.158059570315146
2005-11-26,7.99,85.25,0.24,-4.31,446.96,7.030522881735004
2005-11-27,5.21,109.25,-0.42,-6.44,380.93,6.1185446777363595
2005-11-28,8.27,138.34,0.09,-7.26,356.48,5.571357755337172
2005-11-29,14.56,79.4,-0.46,-4.49,440.3,5.372380692646559
2005-11-30,1.06,126.41,-0.15,-5.39,412.76,4.9246823015926795
2005-12-01,8.47,62.34,-2.59,-5.75,400.48,4.692542395120298
2005-12-02,8.24,91.22,-1.15,-5.92,394.67,4.460402488647915
2005-12-03,2.57,103.26,-1.79,-6.81,368.89,4.244844004066417
2005-12-04,0.0,153.98,0.4,-6.56,376.6,4.02928551948492
2005-12-05,0.0,102.61,1.74,-2.5,510.56,3.9132155662487285
2005-12-06,0.0,107.07,2.52,-1.97,531.8,3.763982769230769
2005-12-07,0.0,112.06,2.62,-2.18,522.64,3.6810756597763468
2005-12-08,0.0,138.72,3.3,-3.27,480.31,3.548424284649271
2005-12-09,0.0,137.49,5.46,-1.19,562.22,3.482098597085733
2005-12-10,0.0,149.96,7.61,-0.14,604.66,3.448935753303964
2005-12-11,0.0,145.16,7.3,-0.2,603.46,3.515261440867502
2005-12-12,0.0,146.4,3.85,-3.63,470.27,3.4323543314130798
2005-12-13,0.0,123.64,0.33,-5.49,407.45,3.2333772687224664
2005-12-14,0.0,155.11,3.45,-5.11,421.55,3.100725893595391
2005-12-15,0.0,142.01,4.79,-2.59,506.7,2.9680745184683155
2005-12-16,0.0,116.3,2.79,-2.77,497.77,2.885167409013893
2005-12-17,0.0,153.58,2.76,-5.93,392.84,2.802260299559471
2005-12-18,4.11,105.3,1.09,-4.62,436.63,2.6861903463232797
2005-12-19,20.87,103.69,6.06,-1.34,556.58,3.88005272246696
2005-12-20,40.07,55.6,7.65,4.16,813.05,38.96634144357844
2005-12-21,42.45,40.89,6.46,3.98,816.08,51.40240786174177
2005-12-22,40.41,41.4,5.79,3.31,780.83,63.506845842087415
2005-12-23,30.12,84.37,8.26,2.77,750.9,38.137270349034225
2005-12-24,51.12,52.59,10.23,6.93,996.2,62.84358896645204
2005-12-25,43.8,75.58,7.46,2.67,745.45,75.77709804134192
2005-12-26,22.25,51.72,4.55,1.47,683.52,57.37171974246017
2005-12-27,25.12,50.27,3.43,0.46,635.8,40.12704097594035
2005-12-28,19.24,73.91,4.53,0.02,613.77,35.650057065401555
2005-12-29,21.41,48.99,2.1,-0.72,583.85,27.35934611995933
2005-12-30,24.21,56.02,3.96,0.77,645.29,27.027717682141642
2005-12-31,30.76,48.27,3.7,0.99,657.27,32.49958690613351
2006-01-01,34.04,48.09,2.73,0.44,633.58,32.66540112504236
2006-01-02,12.77,92.6,2.64,-1.86,536.83,29.68074518468315
2006-01-03,11.47,75.75,0.97,-2.63,507.1,20.229334706879023
2006-01-04,12.65,100.0,3.53,-1.4,552.24,16.33270056252118
2006-01-05,33.87,62.47,4.45,1.48,680.98,43.774953791934934
2006-01-06,41.53,60.97,4.56,1.85,704.49,67.98382975262622
2006-01-07,14.9,107.7,4.11,-1.16,566.57,41.12192628939342
2006-01-08,9.66,90.37,2.23,-2.04,528.89,28.02260299559471
2006-01-09,41.93,54.34,3.67,1.22,668.74,34.3235433141308
2006-01-10,54.49,78.35,4.98,1.39,678.55,51.23659364283293
2006-01-11,29.06,63.99,2.32,-0.57,589.08,33.49447221958658
2006-01-12,23.87,87.77,2.72,-1.18,563.71,26.861903463232796
2006-01-13,44.27,59.59,3.29,0.7,642.78,40.458669413758045
2006-01-14,14.58,127.24,2.0,-4.29,448.0,28.02260299559471
2006-01-15,10.27,124.25,0.75,-5.16,420.71,19.4002636123348
2006-01-16,34.49,121.72,3.53,-2.15,522.38,20.56096314469671
2006-01-17,32.52,106.59,3.87,-1.01,569.7,33.66028643849542
2006-01-18,4.22,90.54,2.47,-1.41,553.24,20.726777363605557
2006-01-19,5.24,99.06,2.01,-2.1,526.87,16.034234968485258
2006-01-20,22.75,126.56,2.75,-2.86,498.66,14.044464341579122
2006-01-21,5.55,136.06,2.73,-3.48,476.5,12.104437980345644
2006-01-22,3.25,145.61,3.48,-2.07,527.2,10.744761385293119
2006-01-23,0.78,107.63,4.47,1.09,661.73,10.048341665875972
2006-01-24,0.0,187.93,6.92,0.57,633.12,9.617224696712977
2006-01-25,2.39,190.16,5.71,-2.12,523.62,10.015178822094203
2006-01-26,13.48,83.67,0.54,-2.62,508.38,10.081504509657742
2006-01-27,19.2,100.41,0.61,-3.09,489.41,9.28559625889529
2006-01-28,30.3,88.5,1.13,-2.12,525.68,9.186107727549981
2006-01-29,41.27,154.04,3.42,-2.98,493.0,9.749876071840053
2006-01-30,56.56,137.61,4.16,-1.26,560.53,31.83633003049813
2006-01-31,18.86,119.65,2.47,-1.93,534.41,18.073749861064044
2006-02-01,29.65,97.41,2.82,-0.63,587.59,18.073749861064044
2006-02-02,24.5,71.49,2.53,0.07,616.09,17.9079356421552
2006-02-03,32.19,171.8,4.95,-2.16,524.36,16.56484046899356
2006-02-04,32.14,161.25,3.71,-2.55,510.54,37.30819925449
2006-02-05,22.08,160.11,1.24,-4.73,433.73,21.058405801423245
2006-02-06,0.0,256.27,5.66,-2.89,495.43,14.508744154523887
2006-02-07,0.0,263.22,8.7,-0.67,586.46,11.822553808200608
2006-02-08,0.0,275.71,5.71,-4.48,441.5,10.545784322602506
2006-02-09,0.0,255.1,3.57,-4.58,435.92,9.600643274822092
2006-02-10,0.0,272.6,8.15,-1.56,546.84,8.77157218027787
2006-02-11,0.0,275.97,9.61,-0.57,593.29,8.091733882751608
2006-02-12,0.0,238.07,7.82,0.52,630.42,7.5611283822433055
2006-02-13,0.36,266.05,4.81,-3.95,461.05,7.461639850897999
2006-02-14,0.0,273.74,0.64,-7.94,338.17,7.163174256862079
2006-02-15,0.0,279.81,-0.7,-9.63,296.35,6.715475865808199
2006-02-16,0.0,267.27,-1.19,-9.2,307.22,6.300940318536089
2006-02-17,0.0,183.01,-5.18,-9.97,289.02,5.869823349373093
2006-02-18,0.0,287.01,-2.71,-11.45,256.36,5.554776333446289
2006-02-19,0.0,328.13,2.63,-10.39,278.3,5.272892161301253
2006-02-20,0.0,279.06,0.94,-7.31,352.92,5.024170832937986
2006-02-21,0.0,276.26,3.99,-4.02,457.64,4.808612348356489
2006-02-22,0.0,165.11,1.99,-2.15,525.61,4.609635285665875
2006-02-23,9.36,236.12,2.11,-6.3,387.75,4.74228666079295
2006-02-24,2.87,310.58,-0.2,-10.04,285.28,4.410658222975262
2006-02-25,0.0,317.06,2.44,-6.71,371.02,4.211681160284649
2006-02-26,14.76,149.62,4.81,-0.13,605.78,4.394076801084378
2006-02-27,12.12,141.28,5.86,1.2,667.28,9.235851993222635
2006-02-28,8.25,184.49,3.32,-2.79,502.16,7.843012554388341
2006-03-01,1.75,222.91,3.84,-1.9,534.47,7.063685725516773
2006-03-02,12.45,221.94,3.17,-4.57,440.12,6.931034350389697
2006-03-03,0.0,341.28,5.04,-4.85,429.05,6.334103162317858
2006-03-04,7.31,279.84,5.78,-3.39,480.01,5.803497661809556
2006-03-05,20.25,131.26,3.45,-0.88,575.86,5.770334818027786
2006-03-06,33.0,106.62,2.84,-0.57,589.31,7.892756820060995
2006-03-07,17.63,232.35,3.99,-4.02,460.16,8.539432273805488
2006-03-08,32.78,194.24,1.42,-4.62,437.82,7.328988475770925
2006-03-09,19.22,224.52,0.81,-6.11,390.8,6.499917381226702
2006-03-10,7.49,286.85,1.0,-8.59,323.22,5.753753396136902
2006-03-11,5.5,273.97,2.72,-6.01,392.54,5.1734036299559465
2006-03-12,0.0,420.01,4.62,-6.73,369.97,4.74228666079295
2006-03-13,0.0,399.42,3.64,-6.24,388.32,4.427239644866146
2006-03-14,7.41,211.6,3.24,-2.73,502.81,4.360913957302609
2006-03-15,11.54,180.3,2.44,-2.37,517.18,4.410658222975262
2006-03-16,17.68,163.74,2.71,-1.65,545.56,5.272892161301253
2006-03-17,10.16,239.68,3.59,-3.04,491.54,5.48845064588275
2006-03-18,3.1,325.82,3.81,-4.47,442.08,4.9246823015926795
2006-03-19,0.0,446.98,5.99,-6.25,386.52,4.460402488647915
2006-03-20,0.0,437.57,7.42,-4.12,453.13,4.195099738393764
2006-03-21,17.09,182.87,4.17,-0.65,586.52,4.161936894611995
2006-03-22,21.38,104.83,3.19,0.67,644.25,7.6108726479159605
2006-03-23,21.94,134.62,5.21,1.86,701.31,16.183467765503217
2006-03-24,12.06,286.11,4.19,-3.58,477.56,21.22422002033209
2006-03-25,10.61,354.17,6.89,-5.83,397.38,12.701369168417484
2006-03-26,5.7,326.37,3.65,-3.81,466.88,8.937386399186714
2006-03-27,0.0,441.68,7.85,-2.01,530.02,7.246081366316502
2006-03-28,2.86,285.79,7.62,0.3,626.99,6.732057287699083
2006-03-29,0.0,468.82,9.17,-2.26,519.73,6.350684584208742
2006-03-30,4.0,268.13,6.95,-0.07,610.17,6.168288943409013
2006-03-31,10.96,273.54,8.3,1.09,662.81,7.246081366316502
2006-04-01,11.74,266.05,6.24,-0.59,588.13,8.05857103896984
2006-04-02,8.79,246.32,5.57,-0.58,589.05,8.257548101660452
2006-04-03,6.99,287.52,7.18,-0.18,608.17,8.904223555404945
2006-04-04,1.71,434.3,8.46,-2.93,495.06,8.788153602168755
2006-04-05,0.0,506.91,12.06,-1.83,537.25,7.992245351406301
2006-04-06,1.24,457.17,7.89,-2.31,519.03,7.6440354916977284
2006-04-07,0.0,484.41,11.56,-0.28,598.27,7.013941459844119
2006-04-08,5.94,279.75,9.45,1.86,701.09,7.229499944425617
2006-04-09,8.92,181.18,5.99,1.55,687.88,7.793268288715688
2006-04-10,1.44,318.53,6.78,0.13,618.05,7.57770980413419
2006-04-11,0.0,421.7,8.37,-0.22,600.57,7.179755678752963
2006-04-12,0.0,407.11,8.51,0.55,638.69,7.295825631989155
2006-04-13,9.64,233.29,5.95,0.38,632.48,7.378732741443577
2006-04-14,15.52,262.08,3.97,-2.29,521.61,8.655502227041678
2006-04-15,16.65,232.79,2.03,-3.52,476.02,7.776686866824805
2006-04-16,15.92,294.49,3.42,-3.88,464.82,6.9476157722805825
2006-04-17,5.15,364.9,5.65,-4.86,429.33,6.26777747475432
2006-04-18,0.0,494.68,7.73,-2.97,493.21,5.919567615045746
2006-04-19,0.0,457.49,9.54,0.33,627.52,5.654264864791595
2006-04-20,0.0,456.82,11.63,2.3,722.05,5.952730458827515
2006-04-21,2.37,360.46,6.8,-1.16,564.63,6.8647086628261595
2006-04-22,0.0,535.21,9.47,-4.03,457.63,6.516498803117586
2006-04-23,0.0,538.37,14.88,0.1,614.69,6.433591693663164
2006-04-24,0.0,525.69,16.62,2.59,738.67,7.179755678752963
2006-04-25,0.0,490.04,14.27,2.74,747.6,8.357036633005759
2006-04-26,0.0,311.88,8.41,2.42,729.1,8.937386399186714
2006-04-27,0.0,480.66,14.24,3.37,780.24,8.572595117587257
2006-04-28,0.0,526.96,17.09,3.28,773.93,11.04322697932904
2006-04-29,4.52,348.11,9.23,-0.91,574.89,13.978138654015586
2006-04-30,0.0,514.31,8.19,-3.88,463.71,11.374855417146728
2006-05-01,0.0,466.72,8.37,-1.79,538.93,9.21927057133175
2006-05-02,0.0,526.98,9.72,-3.45,476.07,8.108315304642492
2006-05-03,0.0,530.08,13.11,-0.84,575.68,7.693779757370382
2006-05-04,0.0,526.82,16.53,2.24,720.17,8.174640992206031
2006-05-05,0.0,536.9,16.73,1.9,702.21,9.567480431040323
2006-05-06,1.98,251.82,7.91,1.97,707.45,10.280481572348355
2006-05-07,5.74,309.52,8.73,0.15,622.77,9.534317587258556
2006-05-08,1.46,381.43,6.74,-1.65,545.12,9.036874930532022
2006-05-09,0.0,514.55,9.69,-2.78,500.23,8.041989617078956
2006-05-10,0.0,524.25,14.32,0.67,638.51,7.743524023043036
2006-05-11,0.0,451.79,11.57,1.32,676.58,8.290710945442223
2006-05-12,0.0,385.71,6.58,-1.62,547.59,8.390199476787528
2006-05-13,0.0,501.77,10.18,-2.12,525.37,7.677198335479497
2006-05-14,0.0,552.08,17.63,1.05,657.92,7.876175398170111
2006-05-15,0.0,505.5,22.8,8.21,1096.62,11.391436839037612
2006-05-16,0.0,480.42,22.75,9.23,1178.48,20.063520487970177
2006-05-17,0.0,490.5,21.11,7.33,1026.28,22.71654799051169
2006-05-18,0.0,492.88,19.46,5.71,918.85,22.384919552694
2006-05-19,0.0,438.69,17.49,6.25,953.85,19.897706269061334
2006-05-20,0.0,394.77,13.07,3.66,799.39,17.57630720433751
2006-05-21,0.0,450.96,14.66,3.16,771.17,15.304652405286342
2006-05-22,13.36,194.04,10.41,4.63,856.69,18.405378298881732
2006-05-23,10.1,165.69,9.22,4.45,845.99,17.9079356421552
2006-05-24,8.36,232.79,9.96,3.32,783.47,18.405378298881732
2006-05-25,7.95,192.59,8.27,2.95,761.54,18.073749861064044
2006-05-26,8.01,160.88,7.48,3.08,768.16,14.508744154523887
2006-05-27,6.46,205.78,8.71,3.12,772.32,12.867183387326328
2006-05-28,4.62,231.9,9.94,3.81,806.98,12.021530870891223
2006-05-29,0.0,305.55,8.93,2.79,750.85,11.258785463910536
2006-05-30,0.0,511.48,14.91,2.28,721.21,10.77792422907489
2006-05-31,6.91,381.25,18.92,5.64,914.99,11.855716651982377
2006-06-01,10.84,222.68,13.56,7.54,1048.2,20.56096314469671
2006-06-02,7.26,294.57,13.0,4.9,878.19,21.72166267705862
2006-06-03,4.06,296.24,12.18,4.19,829.87,15.55337373364961
2006-06-04,9.43,257.8,13.39,6.68,986.84,19.897706269061334
2006-06-05,1.64,342.76,13.23,5.88,934.21,17.9079356421552
2006-06-06,0.0,413.68,13.59,5.03,876.37,14.840372592341575
2006-06-07,0.0,429.31,13.85,4.86,865.85,13.862068700779394
2006-06-08,9.31,260.07,11.79,5.09,883.26,12.767694855981022
2006-06-09,10.0,220.77,10.26,4.86,870.85,11.855716651982377
2006-06-10,0.0,467.9,14.21,4.38,840.59,11.457762526601151
2006-06-11,0.0,511.86,18.57,6.27,956.22,11.9386237614368
2006-06-12,4.73,342.8,17.51,7.57,1046.42,13.132486137580479
2006-06-13,0.0,352.18,13.82,7.25,1027.57,13.032997606235172
2006-06-14,3.88,253.75,12.01,6.01,943.92,11.822553808200608
2006-06-15,0.33,399.15,13.79,6.34,964.96,10.960319869874617
2006-06-16,2.09,358.17,13.3,6.3,962.59,11.209041198237884
2006-06-17,5.05,273.34,10.87,4.59,852.81,10.645272853947812
2006-06-18,0.0,353.25,10.44,4.54,850.37,9.55089900914944
2006-06-19,0.0,460.61,11.92,3.52,792.02,8.754990758386986
2006-06-20,0.0,446.22,11.0,3.02,764.07,8.423362320569298
2006-06-21,0.0,433.7,11.55,3.84,808.82,7.975663929515417
2006-06-22,0.0,480.71,13.53,4.25,832.14,7.8098497106065725
2006-06-23,0.0,551.8,17.69,3.78,800.61,8.008826773297185
2006-06-24,0.0,554.38,23.07,6.89,975.91,8.572595117587257
2006-06-25,0.0,541.67,27.47,10.59,1240.09,9.716713228058284
2006-06-26,0.0,524.19,29.74,13.32,1482.22,10.827668494747542
2006-06-27,0.0,526.78,25.02,9.77,1192.29,10.844249916638425
2006-06-28,0.0,481.95,18.82,7.14,1010.0,9.36850336834971
2006-06-29,0.0,529.07,20.91,6.12,930.44,8.2078038359878
2006-06-30,0.0,498.77,21.89,8.89,1134.55,7.826431132497457
2006-07-01,0.0,489.23,21.56,8.87,1124.16,7.6108726479159605
2006-07-02,0.0,479.58,23.04,10.44,1236.12,7.627454069806844
2006-07-03,0.0,428.94,22.13,11.64,1356.32,7.6440354916977284
2006-07-04,0.0,434.54,21.77,11.06,1310.15,7.494802694679769
2006-07-05,0.0,443.03,18.5,7.73,1052.01,7.163174256862079
2006-07-06,0.0,280.74,11.66,5.78,925.75,6.5330802250084705
2006-07-07,0.0,517.95,18.66,3.84,787.99,5.770334818027786
2006-07-08,0.0,497.78,22.78,8.38,1047.76,5.621102021009826
2006-07-09,0.0,427.1,22.07,10.86,1277.43,5.836660505591324
2006-07-10,0.0,404.03,17.1,7.18,1013.38,5.604520599118942
2006-07-11,0.0,363.11,15.15,6.75,986.46,5.040752254828871
2006-07-12,4.34,219.96,14.61,8.11,1089.74,5.140240786174178
2006-07-13,0.0,307.22,13.83,7.04,1011.67,5.107077942392409
2006-07-14,0.0,386.86,17.11,7.85,1064.5,4.609635285665875
2006-07-15,0.0,364.33,15.73,7.1,997.59,4.410658222975262
2006-07-16,0.0,481.78,19.38,5.97,804.08,4.195099738393764
2006-07-17,0.0,390.04,15.4,5.78,873.98,4.128774050830226
2006-07-18,0.0,406.9,15.34,5.1,826.74,3.929796988139613
2006-07-19,0.0,457.85,18.95,6.31,835.32,3.714238503558115
2006-07-20,0.0,498.86,24.95,8.9,913.38,3.714238503558115
2006-07-21,0.0,481.71,30.58,14.24,1264.69,3.9132155662487285
2006-07-22,0.0,429.98,31.58,17.67,1664.5,4.012704097594035
2006-07-23,0.0,425.17,29.49,16.11,1530.57,3.979541253812266
2006-07-24,0.0,425.06,27.56,14.61,1408.3,3.863471300576075
2006-07-25,0.0,387.54,23.0,12.16,1282.05,3.565005706540155
2006-07-26,0.0,419.36,23.69,11.77,1210.9,3.3162843781768885
2006-07-27,0.0,404.14,22.21,11.1,1187.57,3.249958690613351
2006-07-28,0.0,331.51,16.47,8.14,1064.54,3.100725893595391
2006-07-29,0.0,257.34,11.55,5.46,898.01,2.852004565232124
2006-07-30,0.0,310.14,13.02,5.74,917.29,2.702771768214164
2006-07-31,0.0,395.77,13.95,4.12,783.71,2.6364460806506265
2006-08-01,0.0,391.48,16.21,6.42,907.98,2.5203761274144356
2006-08-02,0.0,368.94,14.98,5.92,893.59,2.470631861741782
2006-08-03,0.0,443.59,18.14,6.13,838.7,2.4208875960691287
2006-08-04,0.0,404.67,17.8,7.31,943.19,2.38772475228736
2006-08-05,0.0,468.85,21.07,7.04,847.92,2.3379804866147063
2006-08-06,0.0,442.32,22.66,9.91,1024.67,2.3048176428329374
2006-08-07,0.0,443.95,23.45,10.51,1055.91,2.288236220942053
2006-08-08,0.0,365.82,18.13,8.72,1051.29,2.2384919552694
2006-08-09,0.0,288.19,15.89,8.9,1136.29,2.155584845814978
2006-08-10,0.0,298.62,14.33,7.14,1003.46,2.1224220020332085
2006-08-11,0.0,359.96,15.27,6.21,915.81,2.0395148925787865
2006-08-12,0.0,434.37,17.32,5.06,779.65,1.9566077831243642
2006-08-13,0.0,437.77,20.77,7.76,908.72,1.906863517451711
2006-08-14,0.0,430.55,21.96,9.0,990.37,1.8902820955608264
2006-08-15,0.0,360.31,17.33,7.68,999.2,1.8902820955608264
2006-08-16,0.0,376.91,16.92,6.69,928.25,1.8073749861064043
2006-08-17,0.0,398.89,19.8,8.38,1003.27,1.7410492985428665
2006-08-18,0.0,429.41,22.24,8.91,990.78,1.7078864547610977
2006-08-19,0.0,425.92,23.04,9.77,1049.63,1.6747236109793289
2006-08-20,0.0,424.16,23.15,10.0,1067.73,1.6415607671975598
2006-08-21,0.0,382.14,22.5,11.49,1185.87,1.5918165015249066
2006-08-22,0.0,362.06,18.8,8.98,1017.88,1.5752350796340222
2006-08-23,0.0,359.22,16.88,7.35,899.38,1.5420722358522532
2006-08-24,0.0,299.19,13.95,6.46,903.86,1.4923279701796
2006-08-25,0.0,450.06,21.03,6.68,665.51,1.4425837045069465
2006-08-26,0.0,439.67,23.09,9.04,735.5,1.426002282616062
2006-08-27,0.0,440.86,24.7,10.08,741.99,1.4094208607251777
2006-08-28,0.0,445.37,24.26,8.88,683.52,1.392839438834293
2006-08-29,0.0,299.82,13.94,5.71,784.13,1.3596765950525243
2006-08-30,0.0,442.29,19.8,4.32,501.91,1.309932329379871
2006-08-31,0.0,427.87,16.38,2.33,406.72,1.2601880637072178
2006-09-01,0.0,457.06,23.62,6.22,396.3,1.2104437980345644
2006-09-02,0.0,448.86,27.74,10.26,486.61,1.1772809542527956
2006-09-03,0.0,412.77,26.06,11.51,505.95,1.1772809542527956
2006-09-04,0.0,353.42,22.56,11.39,553.22,1.1606995323619111
2006-09-05,0.0,382.71,22.73,10.08,477.17,1.1441181104710265
2006-09-06,0.0,359.28,21.34,9.74,500.82,1.1441181104710265
2006-09-07,0.0,348.41,20.07,9.01,418.29,1.127536688580142
2006-09-08,0.0,279.3,17.44,9.0,412.29,1.127536688580142
2006-09-09,0.0,219.5,12.65,6.19,415.04,1.1441181104710265
2006-09-10,0.0,399.01,17.66,3.3,275.0,1.077792422907489
2006-09-11,0.0,371.37,20.32,7.36,360.0,1.0280481572348354
2006-09-12,0.0,356.45,19.51,7.36,370.44,1.011466735343951
2006-09-13,0.62,252.26,12.27,4.42,308.17,1.011466735343951
2006-09-14,1.75,195.55,9.36,3.05,363.7,0.9948853134530665
2006-09-15,0.0,239.39,9.25,2.04,274.5,1.0280481572348354
2006-09-16,0.02,292.83,11.21,2.09,251.7,1.011466735343951
2006-09-17,0.0,278.34,12.83,4.29,298.67,0.9617224696712977
2006-09-18,7.86,163.28,11.92,5.4,502.82,1.6913050328702133
2006-09-19,5.54,173.0,10.81,3.88,437.06,1.9566077831243642
2006-09-20,8.08,114.85,9.62,5.12,684.68,1.3596765950525243
2006-09-21,3.94,190.31,9.57,3.31,545.11,1.4425837045069465
2006-09-22,0.0,332.72,13.6,2.54,324.84,1.1606995323619111
2006-09-23,0.0,375.14,18.56,3.97,314.01,1.0280481572348354
2006-09-24,0.0,357.73,21.24,7.62,400.49,0.9617224696712977
2006-09-25,0.0,340.52,21.59,8.9,448.26,0.9451410477804132
2006-09-26,0.0,345.13,22.17,9.01,444.49,0.9119782039986444
2006-09-27,0.0,332.65,22.51,10.01,494.08,0.8953967821077599
2006-09-28,0.0,333.96,21.85,8.98,460.18,0.8953967821077599
2006-09-29,0.0,333.44,20.85,7.97,449.8,0.862233938325991
2006-09-30,0.0,289.67,13.34,3.19,401.44,0.8456525164351066
2006-10-01,0.0,235.23,9.92,2.24,480.67,0.8124896726533377
2006-10-02,0.0,252.46,9.97,1.72,439.15,0.7959082507624533
2006-10-03,0.0,268.32,10.91,2.05,422.77,0.7793268288715688
2006-10-04,0.0,316.42,14.16,2.46,354.74,0.7627454069806844
2006-10-05,0.0,296.37,15.17,4.47,427.04,0.7461639850898
2006-10-06,3.36,149.34,10.09,3.64,702.05,0.7461639850898
2006-10-07,0.0,242.98,10.06,2.04,511.65,0.7461639850898
2006-10-08,2.54,145.5,10.04,4.64,784.21,0.7461639850898
2006-10-09,0.0,283.74,12.92,2.42,477.48,0.7461639850898
2006-10-10,0.0,306.69,16.08,3.53,460.61,0.7295825631989155
2006-10-11,0.0,316.62,18.93,4.96,426.44,0.7295825631989155
2006-10-12,0.0,303.02,18.98,5.95,472.26,0.713001141308031
2006-10-13,0.0,230.48,15.19,6.6,661.8,0.713001141308031
2006-10-14,0.0,207.77,12.84,5.37,672.06,0.713001141308031
2006-10-15,13.2,122.73,9.81,4.03,794.78,0.9948853134530665
2006-10-16,10.75,120.62,8.52,2.81,751.98,1.1441181104710265
2006-10-17,0.0,190.89,9.82,2.8,746.89,0.862233938325991
2006-10-18,10.01,119.54,9.84,4.04,820.43,0.7793268288715688
2006-10-19,9.85,148.92,11.98,4.26,834.17,1.077792422907489
2006-10-20,0.0,191.23,8.78,1.34,673.77,0.9617224696712977
2006-10-21,0.0,237.01,12.17,1.76,691.33,0.8124896726533377
2006-10-22,0.0,234.94,12.67,2.11,716.42,0.7461639850898
2006-10-23,0.0,215.89,10.09,0.97,655.11,0.7295825631989155
2006-10-24,3.56,114.08,6.43,0.55,637.03,0.7627454069806844
2006-10-25,0.0,180.87,6.01,-1.05,567.95,0.8124896726533377
2006-10-26,2.57,112.17,8.53,3.46,785.53,0.7793268288715688
2006-10-27,0.0,144.49,10.19,4.7,857.45,0.9451410477804132
2006-10-28,0.0,168.51,9.06,2.55,737.49,0.8290710945442221
2006-10-29,0.0,220.95,7.07,-2.32,520.9,0.8290710945442221
2006-10-30,0.0,186.99,0.2,-7.24,356.07,0.7793268288715688
2006-10-31,0.0,225.95,2.9,-7.21,353.55,0.713001141308031
2006-11-01,0.0,221.68,7.78,-2.54,516.48,0.6964197194171465
2006-11-02,27.56,94.79,6.55,1.52,681.71,4.443821066757031
2006-11-03,44.4,57.36,8.81,5.87,922.41,24.70631861741782
2006-11-04,50.71,48.82,8.18,5.81,927.31,40.95611207048458
2006-11-05,42.22,117.32,10.32,3.94,814.13,23.711433303964753
2006-11-06,79.38,79.35,11.33,7.17,1016.99,86.38920805150795
2006-11-07,58.75,111.77,8.93,2.82,756.58,42.44844004066418
2006-11-08,14.59,89.51,4.09,-0.65,586.4,20.229334706879023
2006-11-09,16.39,71.85,2.87,-0.75,582.93,12.900346231108097
2006-11-10,34.63,67.17,2.61,-0.67,585.23,15.4538852023043
2006-11-11,27.98,90.72,2.42,-2.04,528.55,13.779161591324973
2006-11-12,34.21,71.75,3.18,-0.3,598.8,21.55584845814978
2006-11-13,27.11,102.21,2.94,-2.2,522.89,21.55584845814978
2006-11-14,25.63,138.74,2.47,-5.04,423.27,13.364626044052862
2006-11-15,43.88,132.19,5.67,-1.57,548.01,66.98894443917315
2006-11-16,50.58,120.39,3.44,-3.13,487.16,40.79029785157573
2006-11-17,0.0,126.98,4.14,-0.92,573.58,22.882362209420535
2006-11-18,0.0,117.15,6.08,1.63,687.55,21.55584845814978
2006-11-19,22.54,116.6,6.49,0.06,619.06,31.670515811589286
2006-11-20,29.02,61.24,2.94,-0.16,604.46,26.032832368688577
2006-11-21,34.15,71.75,2.79,-0.69,584.51,32.333772687224666
2006-11-22,32.61,66.01,1.41,-1.79,539.08,22.053291114876313
2006-11-23,21.86,85.74,0.5,-3.7,470.23,15.967909280921718
2006-11-24,18.31,117.6,0.69,-5.49,409.98,12.50239210572687
2006-11-25,4.74,116.36,-1.11,-7.06,362.63,10.612110010166045
2006-11-26,25.43,111.12,0.46,-5.12,422.07,10.247318728566587
2006-11-27,10.63,116.51,-3.22,-8.95,313.15,9.385084790240596
2006-11-28,4.09,124.0,-5.86,-11.26,261.67,8.423362320569298
2006-11-29,0.0,200.72,-0.19,-10.02,285.36,7.6440354916977284
2006-11-30,12.05,112.28,1.11,-4.56,438.54,7.627454069806844
2006-12-01,0.0,144.93,-0.6,-5.93,393.79,6.964197194171466
2006-12-02,0.0,173.06,1.72,-5.53,404.4,6.41701027177228
2006-12-03,0.0,137.68,5.06,-0.33,600.0,6.483335959335817
2006-12-04,0.0,139.17,4.1,-1.44,551.95,7.13001141308031
2006-12-05,4.0,110.01,4.44,-0.83,577.16,7.096848569298542
2006-12-06,0.0,141.55,7.0,1.0,640.0,6.964197194171466
2006-12-07,0.0,124.12,7.0,1.85,707.64,7.6440354916977284
2006-12-08,0.18,98.3,6.89,2.87,749.8,8.439943742460182
2006-12-09,5.71,111.57,6.82,-0.09,606.83,11.225622620128767
2006-12-10,12.71,65.33,3.95,0.29,625.98,13.928394388342932
2006-12-11,49.29,56.8,4.5,1.35,676.82,40.12704097594035
2006-12-12,34.92,72.24,3.52,-0.6,588.56,32.66540112504236
2006-12-13,36.09,91.69,4.14,-1.4,556.41,39.297969881396135
2006-12-14,42.13,114.92,4.88,-3.12,489.36,42.11681160284649
2006-12-15,41.2,119.12,2.95,-5.37,413.53,46.096352856658754
2006-12-16,0.15,119.63,-1.69,-6.89,366.78,22.219105333785155
2006-12-17,0.0,141.96,-1.16,-7.78,343.54,15.304652405286342
2006-12-18,0.0,138.68,2.42,-4.13,451.26,12.187345089800067
2006-12-19,7.22,62.43,3.36,-0.17,603.88,11.408018260928497
2006-12-20,22.08,60.2,2.75,-0.64,586.69,12.850601965435443
2006-12-21,20.0,92.01,2.95,-2.59,509.1,25.535389711962043
2006-12-22,9.76,103.49,0.28,-6.1,391.57,16.083979234157912
2006-12-23,23.83,92.88,0.98,-4.55,438.57,12.817439121653676
2006-12-24,32.62,110.56,2.66,-4.4,445.07,15.752350796340222
2006-12-25,26.23,66.31,1.81,-1.95,533.19,20.8925915825144
2006-12-26,13.64,51.34,1.13,-1.63,545.21,14.608232685869194
2006-12-27,20.88,112.95,0.15,-6.68,373.82,12.270252199254488
2006-12-28,0.0,159.93,-0.18,-7.74,343.92,10.147830197221278
2006-12-29,0.0,147.74,1.34,-5.22,417.69,8.9539678210776
2006-12-30,0.01,144.42,0.95,-5.28,415.79,7.975663929515417
2006-12-31,0.0,103.27,2.27,-1.86,536.4,7.279244210098271
2007-01-01,17.41,76.7,3.39,-1.04,567.98,9.020293508641137
2007-01-02,50.51,79.31,5.7,1.04,660.92,58.86404771263977
2007-01-03,23.84,81.22,3.05,-1.64,547.17,32.167958468315824
2007-01-04,10.63,94.73,-0.23,-5.65,404.53,18.73700673669942
2007-01-05,24.08,113.04,1.62,-5.12,422.21,15.52021088986784
2007-01-06,32.29,96.09,1.13,-4.21,450.99,17.078864547610976
2007-01-07,38.99,102.89,3.94,-1.91,534.74,23.711433303964753
2007-01-08,13.35,112.79,3.55,-2.88,498.15,19.234449393425955
2007-01-09,10.78,133.27,3.45,-5.08,425.72,17.742121423246356
2007-01-10,10.08,110.0,-2.68,-8.44,325.98,15.271489561504573
2007-01-11,2.92,100.04,-5.7,-10.05,285.54,11.922042339545914
2007-01-12,0.0,124.9,-5.71,-10.52,275.66,10.114667353439511
2007-01-13,0.0,174.99,-3.47,-10.34,278.96,8.904223555404945
2007-01-14,0.0,149.1,-2.59,-8.09,330.19,7.992245351406301
2007-01-15,0.0,184.18,0.98,-6.43,369.19,7.279244210098271
2007-01-16,5.0,118.77,-0.12,-5.92,393.85,6.765220131480853
2007-01-17,3.71,96.7,-1.12,-5.49,407.87,6.218033209081667
2007-01-18,7.76,98.86,2.05,-2.43,513.3,5.9693118807184
2007-01-19,12.29,106.93,2.96,-1.92,534.1,5.919567615045746
2007-01-20,3.01,117.29,0.19,-4.23,450.0,5.621102021009826
2007-01-21,2.05,182.93,3.4,-3.35,478.59,5.206566473737715
2007-01-22,5.88,62.29,3.6,0.82,645.76,5.853241927482208
2007-01-23,8.94,99.84,5.84,1.25,668.67,8.456525164351067
2007-01-24,0.0,229.04,10.14,-0.79,578.34,8.091733882751608
2007-01-25,0.0,168.15,4.01,-1.76,541.2,7.3124070538800385
2007-01-26,0.0,194.9,5.05,-1.94,532.45,6.665731600135546
2007-01-27,0.0,212.75,7.09,-1.2,560.04,6.218033209081667
2007-01-28,0.0,230.08,8.0,-1.47,551.37,5.886404771263978
2007-01-29,0.0,227.9,7.49,-1.47,552.81,5.654264864791595
2007-01-30,0.0,193.55,3.93,-2.77,499.0,5.455287802100982
2007-01-31,0.0,221.73,4.59,-3.57,469.75,5.1734036299559465
2007-02-01,0.0,209.77,3.14,-4.34,442.65,4.974426567265334
2007-02-02,0.0,259.76,7.85,-3.85,452.38,4.758868082683835
2007-02-03,0.0,188.54,5.59,-0.56,588.78,4.5598910199932225
2007-02-04,2.21,165.34,8.93,3.0,760.0,4.874938035920026
2007-02-05,0.0,203.79,10.7,4.0,810.12,6.483335959335817
2007-02-06,0.01,172.6,8.38,3.15,768.76,6.914452928498813
2007-02-07,5.44,101.02,6.81,2.92,756.0,9.882527446967128
2007-02-08,4.48,126.99,5.47,0.52,637.91,12.883764809217212
2007-02-09,4.38,147.52,5.8,-0.15,603.69,11.49092537038292
2007-02-10,6.31,142.6,7.25,1.52,680.36,13.779161591324973
2007-02-11,9.73,103.01,4.82,1.02,658.75,16.183467765503217
2007-02-12,6.98,95.8,3.78,0.31,628.56,16.23321203117587
2007-02-13,1.93,188.43,5.08,-0.47,592.38,12.436066418163334
2007-02-14,14.33,147.9,4.4,-0.95,572.24,10.496040056929854
2007-02-15,14.92,159.13,6.62,0.88,651.93,15.387559514740763
2007-02-16,6.0,157.13,5.53,-0.06,610.73,15.42072235852253
2007-02-17,8.26,202.15,8.69,0.41,633.0,12.220507933581834
2007-02-18,8.71,123.42,2.74,-1.51,550.96,11.524088214164689
2007-02-19,21.33,128.44,3.66,-0.59,588.6,11.42459968281938
2007-02-20,22.61,173.39,1.95,-3.97,459.78,13.69625448187055
2007-02-21,8.82,179.29,1.59,-4.59,435.99,10.479458635038968
2007-02-22,4.06,206.29,2.05,-5.4,411.52,8.987130664859368
2007-02-23,5.51,194.12,1.19,-5.32,414.77,7.942501085733649
2007-02-24,19.51,180.37,1.83,-3.96,460.29,7.42847700711623
2007-02-25,13.33,130.61,2.18,-1.77,541.51,7.3953141633344615
2007-02-26,9.13,218.59,0.81,-6.23,388.12,6.98077861606235
2007-02-27,3.93,206.25,-0.41,-6.6,375.48,6.317521740426972
2007-02-28,5.01,184.04,-1.36,-6.52,377.77,5.786916239918671
2007-03-01,0.0,300.61,-1.71,-8.21,331.96,5.289473583192137
2007-03-02,0.0,355.65,2.96,-5.97,394.86,5.0075894110471015
2007-03-03,1.37,284.14,7.82,1.39,676.04,5.322636426973906
2007-03-04,0.0,365.92,11.53,1.78,696.08,5.720590552355134
2007-03-05,2.27,281.9,9.44,2.21,716.53,6.7818015533717375
2007-03-06,3.16,339.92,11.7,1.02,654.69,7.925919663842764
2007-03-07,11.84,244.88,6.8,-0.73,584.75,15.78551364012199
2007-03-08,16.25,146.5,2.95,-0.89,576.23,14.906698279905113
2007-03-09,15.55,108.04,3.53,0.76,647.42,14.691139795323618
2007-03-10,29.7,137.22,5.29,1.83,699.96,18.57119251779058
2007-03-11,33.08,178.53,8.83,4.07,821.89,48.58356614029142
2007-03-12,19.31,272.77,6.5,-1.86,538.24,54.221249583192126
2007-03-13,0.88,310.64,2.9,-3.67,470.07,24.374690179600133
2007-03-14,4.16,244.03,2.41,-4.35,446.03,16.4156076719756
2007-03-15,0.0,398.14,4.29,-5.19,418.01,12.900346231108097
2007-03-16,0.01,386.4,11.88,2.44,728.68,11.922042339545914
2007-03-17,2.08,271.79,8.63,3.02,761.93,12.751113434090136
2007-03-18,1.14,315.02,9.05,2.3,722.64,13.480695997289052
2007-03-19,11.92,150.88,5.09,1.34,676.48,16.266374874957638
2007-03-20,12.08,274.04,3.23,-4.35,447.51,16.913050328702134
2007-03-21,0.0,424.31,4.13,-5.95,393.85,12.53555494950864
2007-03-22,9.37,183.22,5.02,0.47,630.28,10.678435697729581
2007-03-23,27.62,94.45,5.49,3.28,775.76,11.242204042019653
2007-03-24,30.42,208.29,5.92,0.96,660.79,25.86701814977973
2007-03-25,0.0,402.14,6.24,-2.14,525.84,21.390034239240933
2007-03-26,6.08,329.35,7.33,-3.38,476.69,14.575069842087425
2007-03-27,5.0,296.35,5.2,-3.08,490.11,11.988368027109454
2007-03-28,0.0,445.04,5.67,-4.68,435.92,10.247318728566587
2007-03-29,0.0,472.56,11.88,-1.56,547.21,9.202689149440866
2007-03-30,0.13,370.71,9.32,1.56,683.95,8.738409336496101
2007-03-31,2.12,350.82,5.43,-1.79,540.06,8.622339383259911
2007-04-01,0.0,373.46,2.73,-4.58,438.33,8.191222414096915
2007-04-02,0.0,411.33,2.86,-5.57,405.22,7.478221272788884
2007-04-03,0.0,488.78,6.97,-5.9,395.33,6.9476157722805825
2007-04-04,0.0,413.16,9.55,0.84,647.1,6.549661646899355
2007-04-05,0.0,469.06,14.06,2.16,715.11,6.516498803117586
2007-04-06,0.0,470.0,17.46,4.83,866.47,7.793268288715688
2007-04-07,6.53,234.37,10.79,4.4,840.45,11.739646698746187
2007-04-08,10.38,254.62,8.69,2.04,709.51,13.28171893459844
2007-04-09,13.86,249.61,5.29,-1.06,570.2,14.973023967468654
2007-04-10,5.02,315.59,5.76,-2.55,510.14,11.325111151474076
2007-04-11,2.39,398.09,8.16,-2.46,513.13,9.335340524567942
2007-04-12,4.08,217.34,5.27,-0.29,598.66,8.373618054896644
2007-04-13,8.05,236.03,5.48,-0.45,593.99,8.075152460860723
2007-04-14,7.01,262.48,6.05,-0.57,590.21,10.89399418231108
2007-04-15,0.0,434.35,6.08,-2.91,495.4,9.036874930532022
2007-04-16,0.22,365.39,6.14,-0.85,577.71,8.274129523551336
2007-04-17,8.74,254.93,4.66,-1.69,544.58,7.594291226025074
2007-04-18,5.87,311.96,5.36,-3.05,492.06,7.013941459844119
2007-04-19,0.0,464.12,5.79,-4.23,450.1,6.5330802250084705
2007-04-20,0.0,487.98,7.46,-3.72,468.64,6.168288943409013
2007-04-21,10.2,260.99,5.38,-1.45,552.21,6.26777747475432
2007-04-22,6.81,221.17,6.91,1.32,674.79,7.90933824195188
2007-04-23,0.0,441.59,10.67,1.16,665.86,7.030522881735004
2007-04-24,2.05,309.45,8.71,1.65,692.2,7.262662788207386
2007-04-25,3.55,276.27,6.8,0.61,641.74,7.494802694679769
2007-04-26,5.48,224.25,8.07,3.07,765.85,7.478221272788884
2007-04-27,8.11,171.94,7.65,3.61,793.76,9.584061852931208
2007-04-28,6.71,304.95,7.28,0.11,619.6,11.242204042019653
2007-04-29,0.0,349.03,7.51,1.25,670.88,9.103200618095558
2007-04-30,1.2,432.08,8.93,-0.59,587.53,8.158059570315146
2007-05-01,7.71,302.72,8.05,0.49,636.84,7.544546960352421
2007-05-02,8.26,299.1,7.28,0.01,617.12,10.429714369366314
2007-05-03,8.74,298.54,6.37,-0.8,578.92,9.932271712639782
2007-05-04,3.06,380.04,7.09,-1.19,563.48,8.439943742460182
2007-05-05,0.0,450.64,7.09,-1.3,558.5,7.494802694679769
2007-05-06,0.0,385.43,10.45,3.86,809.46,7.295825631989155
2007-05-07,0.0,502.57,16.61,5.52,906.52,9.21927057133175
2007-05-08,0.0,534.08,16.18,2.81,752.45,12.369740730599794
2007-05-09,0.0,499.91,10.96,0.29,628.28,12.104437980345644
2007-05-10,0.0,521.82,12.5,0.45,630.23,10.280481572348355
2007-05-11,0.0,522.2,12.76,0.65,639.36,9.882527446967128
2007-05-12,0.0,496.81,12.83,1.94,703.74,10.064923087766857
2007-05-13,0.0,342.69,8.35,2.11,713.23,9.783038915621821
2007-05-14,0.0,547.55,15.82,0.78,643.6,8.821316445950524
2007-05-15,0.0,532.98,20.66,5.75,918.11,9.799620337512707
2007-05-16,0.0,455.61,13.35,3.39,781.68,11.789390964418839
2007-05-17,0.0,445.21,10.74,1.45,679.1,11.209041198237884
2007-05-18,0.0,506.05,12.99,1.06,659.78,10.26390015045747
2007-05-19,3.17,293.57,9.36,2.77,751.12,9.799620337512707
2007-05-20,12.92,216.58,6.69,1.45,683.0,11.839135230091491
2007-05-21,14.29,307.95,9.19,1.16,665.84,10.214155884784818
2007-05-22,0.0,494.19,12.62,1.52,683.11,8.672083648932563
2007-05-23,0.0,473.64,13.34,2.98,758.94,8.688665070823447
2007-05-24,0.0,527.71,16.47,2.8,749.47,9.318759102677056
2007-05-25,0.0,493.81,16.44,4.5,844.98,10.71159854151135
2007-05-26,0.0,367.12,13.49,5.97,935.52,11.689902433073533
2007-05-27,0.0,351.65,9.12,2.06,713.97,11.689902433073533
2007-05-28,0.0,454.82,10.8,0.74,646.36,10.197574462893932
2007-05-29,0.0,547.09,19.67,2.77,749.42,9.451410477804133
2007-05-30,0.0,508.7,21.94,7.49,1039.38,11.209041198237884
2007-05-31,0.0,462.33,20.23,8.31,1104.74,13.762580169434088
2007-06-01,0.0,440.52,19.64,8.64,1130.89,14.923279701795998
2007-06-02,0.0,474.29,20.69,7.99,1078.88,15.851839327685529
2007-06-03,0.0,468.59,22.99,10.1,1247.61,16.316119140630292
2007-06-04,4.13,274.95,14.71,6.36,966.81,15.354396670958995
2007-06-05,5.94,200.03,9.59,3.83,809.54,12.552136371399524
2007-06-06,0.83,341.73,8.41,0.59,641.86,10.147830197221278
2007-06-07,0.0,294.08,9.93,3.75,801.95,8.721827914605218
2007-06-08,0.0,407.32,11.91,2.72,744.96,8.240966679769569
2007-06-09,9.21,173.52,10.22,5.46,903.47,9.335340524567942
2007-06-10,7.01,299.77,11.93,3.21,777.14,10.910575604201965
2007-06-11,2.7,304.89,8.82,1.17,669.41,9.7001318061674
2007-06-12,0.0,495.39,13.33,0.88,653.33,8.124896726533377
2007-06-13,0.0,332.96,11.5,4.63,853.6,7.8098497106065725
2007-06-14,0.0,289.92,9.17,3.45,787.42,7.710361179261265
2007-06-15,0.0,338.99,12.1,5.32,895.1,7.411895585225346
2007-06-16,0.0,398.23,12.13,3.88,809.8,7.3124070538800385
2007-06-17,0.0,338.26,11.63,5.05,879.89,7.163174256862079
2007-06-18,0.0,334.11,10.29,3.82,806.82,7.378732741443577
2007-06-19,0.0,524.94,18.34,3.86,802.84,6.997360037953235
2007-06-20,0.0,496.99,19.28,6.3,942.94,8.02540819518807
2007-06-21,2.62,298.38,14.12,6.69,985.37,8.638920805150795
2007-06-22,3.83,275.88,12.29,4.67,858.69,7.975663929515417
2007-06-23,3.27,311.01,11.9,3.15,771.26,6.997360037953235
2007-06-24,5.42,300.0,11.29,3.1,770.45,7.047104303625888
2007-06-25,4.77,316.0,10.9,1.99,707.5,6.897871506607928
2007-06-26,0.0,545.5,20.23,3.25,728.69,6.317521740426972
2007-06-27,0.0,438.75,17.44,7.23,1015.04,6.582824490681124
2007-06-28,9.68,244.58,14.29,7.7,1058.53,8.05857103896984
2007-06-29,10.31,290.88,12.2,4.8,866.53,10.164411619112164
2007-06-30,0.0,449.49,12.46,2.86,754.66,8.108315304642492
2007-07-01,0.0,471.91,16.01,5.22,886.63,7.047104303625888
2007-07-02,0.0,477.35,18.52,7.22,1014.99,6.897871506607928
2007-07-03,0.0,456.41,19.28,8.81,1140.03,7.080267147407658
2007-07-04,0.0,491.88,22.42,9.57,1172.31,7.743524023043036
2007-07-05,0.0,478.37,22.99,10.57,1259.83,8.14147814842426
2007-07-06,0.0,453.75,19.17,8.3,1101.29,7.90933824195188
2007-07-07,0.0,443.9,18.65,8.14,1086.13,7.3124070538800385
2007-07-08,0.0,361.65,16.88,9.08,1166.7,6.848127240935275
2007-07-09,0.0,486.71,21.67,8.47,1053.17,6.499917381226702
2007-07-10,0.0,491.41,26.39,11.72,1255.28,6.632568756353777
2007-07-11,0.0,485.06,29.95,14.45,1473.87,6.848127240935275
2007-07-12,0.0,396.35,25.34,14.96,1653.3,6.814964397153506
2007-07-13,0.0,370.85,21.59,12.68,1450.94,6.516498803117586
2007-07-14,0.0,448.34,22.76,10.68,1189.3,6.019056146391053
2007-07-15,0.0,420.38,20.24,9.48,1146.97,5.770334818027786
2007-07-16,0.0,374.82,18.2,9.12,1160.06,5.1734036299559465
2007-07-17,7.27,166.28,15.49,10.48,1278.25,5.123659364283293
2007-07-18,8.42,130.72,13.97,10.16,1253.01,5.040752254828871
2007-07-19,6.71,215.61,14.91,8.61,1129.62,5.156822208065061
2007-07-20,8.44,111.36,12.2,9.17,1173.57,6.1185446777363595
2007-07-21,24.78,118.65,13.31,10.1,1247.84,16.913050328702134
2007-07-22,28.26,147.53,15.84,11.8,1388.06,40.79029785157573
2007-07-23,8.12,182.55,14.98,9.99,1238.91,15.669443686885797
2007-07-24,0.0,415.74,15.28,5.73,924.74,9.96543455642155
2007-07-25,0.0,468.38,18.81,6.48,968.56,7.925919663842764
2007-07-26,0.0,408.97,19.31,9.68,1214.74,6.881290084717044
2007-07-27,0.0,456.47,19.52,7.8,1064.06,6.184870365299897
2007-07-28,0.0,412.24,18.37,8.54,1123.21,5.621102021009826
2007-07-29,0.0,321.53,14.74,7.8,1067.46,5.189985051846831
2007-07-30,0.0,428.13,15.25,4.99,874.27,4.792030926465604
2007-07-31,0.0,474.76,18.89,5.84,915.07,4.460402488647915
2007-08-01,0.0,485.46,22.22,7.64,995.15,4.211681160284649
2007-08-02,0.0,458.37,22.24,9.4,1125.71,4.045866941375804
2007-08-03,0.0,330.63,15.17,7.75,1064.24,3.9132155662487285
2007-08-04,0.0,324.62,14.56,7.5,1042.46,3.6810756597763468
2007-08-05,0.0,427.22,19.22,8.45,1097.75,3.5318428627583867
2007-08-06,0.0,369.88,18.85,10.23,1256.69,3.448935753303964
2007-08-07,0.0,318.68,15.92,8.97,1157.43,3.3162843781768885
2007-08-08,0.0,304.53,13.75,7.36,1036.21,3.1504701592680444
2007-08-09,0.0,296.95,12.09,5.97,937.65,3.0178187841409687
2007-08-10,0.0,344.91,12.58,5.42,902.34,2.8685859871230086
2007-08-11,0.0,446.0,15.05,4.28,831.69,2.7525160338868173
2007-08-12,3.33,239.33,12.72,6.22,956.61,2.6861903463232797
2007-08-13,0.0,409.3,15.46,6.2,951.35,2.6032832368688577
2007-08-14,0.0,482.84,21.41,6.82,947.05,2.5037947055235508
2007-08-15,0.0,452.99,23.37,10.48,1226.11,2.4540504398508975
2007-08-16,0.0,427.69,17.22,6.45,968.5,2.437469017960013
2007-08-17,0.0,397.21,14.96,5.49,907.18,2.470631861741782
2007-08-18,4.01,259.29,13.63,5.79,925.87,2.470631861741782
2007-08-19,6.42,180.68,12.01,6.8,994.99,2.5037947055235508
2007-08-20,5.38,214.16,14.13,7.88,1073.17,2.288236220942053
2007-08-21,5.29,180.42,14.44,9.09,1167.59,2.2219105333785154
2007-08-22,0.0,329.21,15.17,7.41,1037.48,2.139003423924093
2007-08-23,0.0,389.33,17.92,7.8,1063.95,2.0395148925787865
2007-08-24,0.0,405.89,20.22,9.06,1162.14,1.9731892050152489
2007-08-25,0.0,320.9,15.06,7.48,1043.55,1.9566077831243642
2007-08-26,0.0,311.72,11.9,4.78,865.87,1.9234449393425954
2007-08-27,0.0,384.81,13.3,3.63,796.85,1.8073749861064043
2007-08-28,0.0,447.6,18.99,4.77,853.95,1.7410492985428665
2007-08-29,0.0,445.11,24.52,8.8,1102.13,1.7078864547610977
2007-08-30,0.0,412.62,22.82,9.97,1225.16,1.6913050328702133
2007-08-31,0.0,292.38,13.97,6.9,999.76,1.6581421890884442
2007-09-01,0.0,414.98,16.94,4.84,865.84,1.5918165015249066
2007-09-02,0.0,376.75,17.33,7.01,1004.31,1.5420722358522532
2007-09-03,0.0,269.43,16.07,9.49,1198.95,1.5420722358522532
2007-09-04,4.3,164.67,14.8,9.56,1205.05,1.608397923415791
2007-09-05,0.0,334.06,17.14,8.49,1119.51,1.5420722358522532
2007-09-06,0.0,321.09,14.79,6.63,981.75,1.4757465482887153
2007-09-07,0.0,371.4,15.09,4.74,859.28,1.4094208607251777
2007-09-08,0.0,406.71,17.46,4.4,839.95,1.3596765950525243
2007-09-09,0.0,400.04,19.23,5.93,926.01,1.309932329379871
2007-09-10,0.0,410.15,24.37,8.7,1089.74,1.2601880637072178
2007-09-11,0.0,390.43,24.21,9.85,1196.72,1.2436066418163334
2007-09-12,0.0,334.91,19.68,9.25,1179.24,1.2436066418163334
2007-09-13,0.0,345.39,20.13,9.14,1170.45,1.2270252199254488
2007-09-14,0.0,244.51,16.69,9.95,1235.7,1.19386237614368
2007-09-15,0.0,268.04,15.14,7.75,1063.1,1.19386237614368
2007-09-16,8.49,85.64,10.22,7.38,1036.01,1.19386237614368
2007-09-17,6.0,156.06,10.28,4.91,875.08,1.1772809542527956
2007-09-18,4.58,196.09,9.6,2.51,734.54,1.1441181104710265
2007-09-19,0.0,324.6,11.89,2.18,717.44,1.0943738447983733
2007-09-20,0.0,296.27,12.01,3.29,776.0,1.0446295791257199
2007-09-21,0.0,301.56,13.67,4.56,848.41,1.0280481572348354
2007-09-22,0.0,262.03,10.19,2.71,746.2,1.011466735343951
2007-09-23,0.0,308.42,10.55,1.19,666.71,0.9948853134530665
2007-09-24,0.0,343.31,13.6,1.9,702.87,0.9783038915621821
2007-09-25,0.0,225.92,10.74,4.19,829.17,0.9451410477804132
2007-09-26,0.0,314.54,14.88,4.4,838.67,0.9451410477804132
2007-09-27,5.2,244.89,15.28,3.74,801.45,0.9451410477804132
2007-09-28,12.55,172.6,8.24,1.52,685.47,1.0446295791257199
2007-09-29,23.7,186.01,6.69,-0.58,588.72,1.1109552666892577
2007-09-30,25.38,100.97,6.84,3.19,771.66,16.2000491873941
2007-10-01,24.06,159.02,9.3,3.28,776.42,9.235851993222635
2007-10-02,9.2,151.49,9.28,3.61,795.03,9.186107727549981
2007-10-03,5.13,157.04,6.91,0.98,658.57,6.483335959335817
2007-10-04,4.47,139.5,5.33,0.11,620.31,4.493565332429684
2007-10-05,2.25,236.62,6.9,-1.2,560.29,3.482098597085733
2007-10-06,0.0,226.51,7.93,1.28,672.36,3.0841444717045063
2007-10-07,19.27,167.19,9.13,2.51,735.38,13.182230403253133
2007-10-08,6.62,234.74,8.41,0.54,639.07,8.754990758386986
2007-10-09,14.1,106.83,9.57,5.54,907.93,5.9693118807184
2007-10-10,9.65,162.53,9.43,3.2,775.93,7.925919663842764
2007-10-11,0.0,243.21,8.92,1.79,698.84,5.471869223991867
2007-10-12,0.0,269.64,10.67,2.15,715.11,4.377495379193493
2007-10-13,0.0,306.75,12.96,1.19,665.44,3.7308199254489995
2007-10-14,0.0,283.84,13.88,3.62,800.0,3.332865800067773
2007-10-15,3.95,205.14,10.85,3.3,776.79,3.13388873737716
2007-10-16,8.2,128.22,5.82,0.81,651.77,5.5879391772280576
2007-10-17,10.8,138.33,6.74,1.15,665.43,6.184870365299897
2007-10-18,24.13,147.53,7.43,1.32,674.86,18.902820955608266
2007-10-19,28.93,87.84,5.12,1.68,693.54,24.043061741782445
2007-10-20,23.95,137.85,5.91,0.83,651.22,17.244678766519822
2007-10-21,13.04,111.39,6.66,2.31,723.21,13.712835903761434
2007-10-22,5.5,182.54,12.64,5.11,881.5,14.243441404269737
2007-10-23,0.0,259.74,17.47,6.42,953.66,12.137600824127412
2007-10-24,0.0,273.32,12.41,0.01,618.59,9.799620337512707
2007-10-25,0.0,200.55,4.17,-2.64,506.94,7.594291226025074
2007-10-26,0.0,256.46,7.76,-2.82,497.35,6.334103162317858
2007-10-27,0.0,242.91,10.84,0.96,647.42,5.571357755337172
2007-10-28,0.0,236.57,11.64,1.85,702.78,4.974426567265334
2007-10-29,0.0,224.54,7.78,-1.01,569.16,4.5930538637749905
2007-10-30,0.0,221.49,6.6,-2.3,517.97,4.195099738393764
2007-10-31,0.0,193.56,7.46,-0.0,600.0,3.896634144357844
2007-11-01,0.0,166.36,3.95,-2.2,520.54,3.6479128159945775
2007-11-02,0.0,221.54,7.23,-2.55,506.81,3.448935753303964
2007-11-03,0.0,153.28,9.33,3.41,792.96,3.4323543314130798
2007-11-04,0.0,174.29,9.18,2.17,715.32,3.4157729095221954
2007-11-05,0.0,197.94,10.19,1.36,668.61,3.1504701592680444
2007-11-06,0.0,175.7,10.73,3.13,769.87,2.9680745184683155
2007-11-07,0.0,122.5,9.54,4.62,849.92,2.852004565232124
2007-11-08,6.26,91.14,10.77,5.79,921.62,2.852004565232124
2007-11-09,11.5,60.72,7.09,3.91,812.37,5.156822208065061
2007-11-10,14.23,113.25,6.18,-0.24,602.81,10.794505650965773
2007-11-11,14.57,77.65,3.92,-0.23,601.88,6.400428849881394
2007-11-12,34.02,86.73,4.15,-0.45,594.99,15.122256764486611
2007-11-13,21.06,112.56,2.96,-3.41,477.86,11.524088214164689
2007-11-14,13.6,144.49,5.54,-3.99,458.51,8.02540819518807
2007-11-15,19.14,59.64,6.0,2.82,751.97,24.043061741782445
2007-11-16,19.78,82.58,5.64,1.15,668.39,34.3235433141308
2007-11-17,5.79,96.88,5.07,-0.4,597.5,15.55337373364961
2007-11-18,6.58,92.04,2.28,-2.93,495.74,11.142715510674345
2007-11-19,1.28,121.28,1.67,-3.67,468.41,8.655502227041678
2007-11-20,0.0,133.26,1.06,-4.86,428.81,7.229499944425617
2007-11-21,0.0,126.77,1.27,-4.47,442.33,6.350684584208742
2007-11-22,0.0,149.81,2.74,-4.44,441.69,5.704009130464248
2007-11-23,0.0,167.88,6.89,-2.0,528.58,5.206566473737715
2007-11-24,0.0,156.5,4.02,-3.76,462.45,4.825193770247372
2007-11-25,0.0,149.07,2.53,-4.73,431.4,4.460402488647915
2007-11-26,7.12,118.43,5.32,-2.95,492.29,4.244844004066417
2007-11-27,8.0,80.78,1.31,-3.54,472.0,4.045866941375804
2007-11-28,8.18,73.0,0.54,-3.69,469.02,3.846889878685191
2007-11-29,9.14,82.9,-0.33,-4.96,426.83,3.6479128159945775
2007-11-30,0.0,122.89,-1.56,-6.83,367.57,3.4655171751948486
2007-12-01,14.93,70.48,-2.97,-6.55,377.38,3.3660286438495417
2007-12-02,41.58,121.11,3.15,-4.59,436.89,6.8647086628261595
2007-12-03,131.41,101.62,7.94,1.44,676.17,217.2166267705862
2007-12-04,38.28,79.94,6.96,2.44,732.22,130.32997606235173
2007-12-05,4.77,84.25,3.29,-1.52,550.04,55.87939177228058
2007-12-06,7.21,57.75,1.4,-1.73,541.01,35.650057065401555
2007-12-07,0.0,113.44,0.47,-4.21,451.67,24.872132836326667
2007-12-08,0.0,150.59,0.25,-6.95,363.0,17.57630720433751
2007-12-09,0.36,88.29,-0.17,-4.04,452.7,12.668206324635715
2007-12-10,0.96,120.23,0.53,-4.91,427.03,9.749876071840053
2007-12-11,0.0,132.47,4.01,-2.13,526.07,8.705246492714334
2007-12-12,0.0,120.67,0.57,-4.9,427.54,7.975663929515417
2007-12-13,0.0,95.42,1.46,-2.66,505.32,7.42847700711623
2007-12-14,9.61,54.46,2.83,-0.25,598.89,7.080267147407658
2007-12-15,19.18,51.55,1.62,-1.27,558.93,7.378732741443577
2007-12-16,16.51,33.15,1.16,-0.64,586.74,7.627454069806844
2007-12-17,16.81,78.23,-0.02,-4.52,441.22,7.494802694679769
2007-12-18,18.79,97.38,2.72,-3.38,478.14,7.3124070538800385
2007-12-19,35.68,53.46,1.42,-1.59,546.31,7.925919663842764
2007-12-20,15.9,108.68,0.36,-6.45,380.65,8.008826773297185
2007-12-21,0.0,144.02,-0.21,-6.93,363.97,6.964197194171466
2007-12-22,19.22,82.89,1.92,-2.8,500.44,6.516498803117586
2007-12-23,21.4,101.73,3.55,-2.61,508.18,7.3621513195526935
2007-12-24,15.93,99.54,0.71,-5.12,421.07,7.925919663842764
2007-12-25,7.2,68.87,-1.81,-5.44,409.8,6.8647086628261595
2007-12-26,10.75,85.56,-1.55,-6.03,392.71,6.218033209081667
2007-12-27,9.42,99.68,-0.7,-6.09,390.63,5.836660505591324
2007-12-28,14.48,66.89,-0.61,-3.95,460.52,5.505032067773635
2007-12-29,11.66,102.6,-0.8,-6.32,384.5,5.156822208065061
2007-12-30,18.43,54.44,-1.68,-4.34,445.19,4.957845145374448
2007-12-31,0.0,130.84,-1.26,-6.4,381.84,4.709123817011182
2008-01-01,0.0,130.25,2.26,-3.05,489.4,4.543309598102337
2008-01-02,21.4,44.12,1.54,-0.67,583.24,4.5930538637749905
2008-01-03,31.23,59.88,2.35,-0.69,585.57,7.6440354916977284
2008-01-04,52.17,57.39,2.79,-0.14,604.7,14.65797695154185
2008-01-05,35.7,98.09,0.7,-4.43,444.29,17.244678766519822
2008-01-06,13.69,89.59,-1.53,-6.0,393.53,10.081504509657742
2008-01-07,8.36,101.47,-2.96,-8.03,336.42,7.8098497106065725
2008-01-08,26.11,95.02,0.91,-3.78,466.14,6.931034350389697
2008-01-09,15.42,86.78,-0.51,-4.66,435.26,6.184870365299897
2008-01-10,33.14,82.81,2.29,-1.78,539.39,6.433591693663164
2008-01-11,16.78,82.54,2.6,-1.31,558.75,8.556013695696372
2008-01-12,12.0,86.97,3.64,-0.53,591.01,8.788153602168755
2008-01-13,5.21,135.43,4.74,-2.75,502.59,8.522850851914603
2008-01-14,11.59,156.93,4.65,-5.69,404.71,8.05857103896984
2008-01-15,0.0,164.85,-2.1,-8.18,331.72,7.859593976279226
2008-01-16,0.0,191.99,0.65,-6.85,365.27,6.997360037953235
2008-01-17,0.0,163.58,1.39,-4.39,444.13,6.466754537444933
2008-01-18,0.0,174.24,2.6,-3.64,469.81,5.952730458827515
2008-01-19,4.28,136.39,1.67,-4.88,430.18,5.5879391772280576
2008-01-20,0.0,156.24,-1.0,-6.2,388.71,5.272892161301253
2008-01-21,0.0,188.3,-2.33,-8.98,312.98,4.941263723483564
2008-01-22,0.0,183.85,0.29,-6.18,381.86,4.725705238902067
2008-01-23,0.0,196.18,1.21,-5.84,399.96,4.526728176211453
2008-01-24,0.0,224.67,1.44,-7.25,352.66,4.394076801084378
2008-01-25,0.0,232.84,0.63,-8.49,321.41,4.211681160284649
2008-01-26,0.0,223.63,1.08,-6.93,363.32,4.128774050830226
2008-01-27,4.71,149.03,-2.45,-8.66,319.55,3.9961226757031505
2008-01-28,7.34,166.93,-1.74,-9.01,312.79,3.846889878685191
2008-01-29,22.47,104.66,-1.99,-5.86,396.13,3.846889878685191
2008-01-30,17.88,138.09,-0.29,-5.48,408.9,3.7308199254489995
2008-01-31,18.08,97.71,-0.2,-3.64,469.2,3.714238503558115
2008-02-01,15.61,124.04,-0.23,-4.67,434.93,3.6479128159945775
2008-02-02,4.98,135.26,-1.46,-6.29,385.86,3.565005706540155
2008-02-03,5.28,161.99,-1.0,-7.06,362.6,3.448935753303964
2008-02-04,8.0,188.03,-0.44,-7.98,337.31,3.332865800067773
2008-02-05,24.0,138.22,1.07,-3.79,466.26,3.565005706540155
2008-02-06,29.28,148.69,0.08,-5.09,422.13,3.548424284649271
2008-02-07,29.67,117.05,1.58,-2.38,513.93,4.02928551948492
2008-02-08,16.49,133.84,3.05,-1.41,552.82,4.2614254259573014
2008-02-09,12.81,93.49,4.52,1.51,680.42,4.62621670755676
2008-02-10,7.44,112.05,2.96,-0.56,590.36,5.322636426973906
2008-02-11,4.36,160.37,4.3,-1.05,568.82,5.339217848864791
2008-02-12,2.38,244.66,5.01,-2.66,507.48,5.057333676719756
2008-02-13,0.0,281.76,2.45,-5.18,419.65,4.957845145374448
2008-02-14,0.0,302.87,2.88,-5.59,403.48,4.642798129447645
2008-02-15,0.0,241.89,3.97,-1.87,536.03,4.377495379193493
2008-02-16,0.98,243.86,3.32,-2.91,496.51,4.294588269739071
2008-02-17,0.0,341.04,6.58,-4.37,445.66,4.161936894611995
2008-02-18,0.0,330.11,9.67,-0.47,591.67,4.062448363266689
2008-02-19,0.0,308.25,8.74,0.19,615.33,4.195099738393764
2008-02-20,0.0,309.41,5.74,-2.45,511.39,4.410658222975262
2008-02-21,0.0,344.87,7.34,-3.06,488.5,4.443821066757031
2008-02-22,1.26,280.44,5.54,-1.83,536.48,4.4769839105388
2008-02-23,0.0,296.29,5.52,-1.89,534.77,4.576472441884106
2008-02-24,0.0,282.3,5.93,-0.85,575.37,4.576472441884106
2008-02-25,0.0,306.16,6.28,-1.07,566.57,4.5930538637749905
2008-02-26,0.0,358.91,8.33,-1.65,546.22,4.659379551338528
2008-02-27,4.07,227.42,8.46,1.18,664.95,4.792030926465604
2008-02-28,0.0,339.49,9.28,0.67,642.94,5.189985051846831
2008-02-29,4.78,285.67,7.76,-1.18,564.61,5.753753396136902
2008-03-01,10.09,237.29,3.63,-3.87,464.56,6.649150178244661
2008-03-02,0.0,366.63,3.42,-6.12,390.69,6.002474724500169
2008-03-03,7.7,211.17,4.05,-2.29,519.25,5.554776333446289
2008-03-04,0.0,335.04,3.7,-4.19,451.58,5.123659364283293
2008-03-05,0.0,420.89,8.91,-5.25,416.14,4.808612348356489
2008-03-06,0.0,381.76,9.58,-0.92,566.14,4.5930538637749905
2008-03-07,0.22,326.03,7.05,-0.93,573.55,4.493565332429684
2008-03-08,7.32,217.06,5.74,-0.79,579.7,4.5598910199932225
2008-03-09,0.0,374.74,9.11,-0.62,587.36,4.5930538637749905
2008-03-10,12.93,204.18,7.3,1.14,666.22,8.108315304642492
2008-03-11,13.14,216.99,3.98,-2.54,512.36,12.98325334056252
2008-03-12,6.15,289.78,4.7,-4.68,435.69,8.987130664859368
2008-03-13,8.45,185.62,4.42,-0.96,572.57,7.378732741443577
2008-03-14,16.33,154.52,2.62,-1.61,547.26,6.682313022026431
2008-03-15,8.05,211.29,3.15,-2.82,500.21,6.251196052863435
2008-03-16,7.39,243.19,2.72,-4.29,449.24,5.786916239918671
2008-03-17,9.15,245.9,5.25,-1.73,540.43,5.471869223991867
2008-03-18,4.18,263.53,3.09,-4.58,438.89,5.2231478956286
2008-03-19,6.19,249.93,4.12,-2.95,494.69,5.024170832937986
2008-03-20,9.77,225.66,1.84,-4.13,453.89,5.0075894110471015
2008-03-21,12.51,270.44,2.03,-5.42,410.88,4.825193770247372
2008-03-22,0.0,472.27,6.6,-5.94,394.29,4.609635285665875
2008-03-23,26.22,317.25,3.84,-5.66,405.21,5.123659364283293
2008-03-24,10.9,347.01,3.22,-7.58,349.8,5.140240786174178
2008-03-25,10.95,302.78,1.55,-6.75,369.35,4.77544950457472
2008-03-26,13.49,266.1,0.68,-6.04,392.57,4.576472441884106
2008-03-27,6.75,300.73,1.37,-6.46,380.01,4.3443325354117235
2008-03-28,15.95,227.04,0.18,-5.21,419.2,4.2614254259573014
2008-03-29,7.59,319.61,1.11,-7.15,360.81,4.045866941375804
2008-03-30,5.71,354.67,1.67,-8.1,333.84,3.88005272246696
2008-03-31,2.28,398.49,2.67,-7.36,354.48,3.763982769230769
2008-04-01,0.0,503.46,2.24,-8.59,321.28,3.6644942378854624
2008-04-02,0.0,527.59,5.99,-6.42,381.34,3.5815871284310394
2008-04-03,0.0,517.49,7.9,-4.02,455.18,3.565005706540155
2008-04-04,9.34,298.14,4.23,-3.24,484.73,3.5815871284310394
2008-04-05,5.07,333.56,2.87,-5.53,407.71,3.5318428627583867
2008-04-06,7.32,278.85,4.56,-1.99,531.73,3.6147499722128087
2008-04-07,8.29,286.06,4.98,-1.73,541.39,3.797145613012537
2008-04-08,5.98,300.74,2.97,-4.06,457.35,3.7805641911216528
2008-04-09,3.48,391.97,4.35,-5.97,393.17,3.6810756597763468
2008-04-10,4.42,361.2,7.28,-2.19,523.91,3.6147499722128087
2008-04-11,0.0,556.4,11.46,-1.96,530.86,3.6810756597763468
2008-04-12,0.0,556.12,17.98,2.96,757.2,4.493565332429684
2008-04-13,0.0,471.07,11.22,1.22,669.89,6.317521740426972
2008-04-14,6.11,315.21,4.19,-3.83,466.76,6.168288943409013
2008-04-15,6.31,305.78,2.9,-4.68,436.53,5.538194911555404
2008-04-16,0.0,428.61,6.3,-1.77,540.88,5.057333676719756
2008-04-17,0.0,414.29,7.31,-0.42,595.09,4.874938035920026
2008-04-18,10.2,330.23,3.3,-5.04,426.93,4.9246823015926795
2008-04-19,20.81,313.35,1.32,-6.32,385.72,4.659379551338528
2008-04-20,13.64,292.49,0.89,-6.07,390.96,4.427239644866146
2008-04-21,8.47,373.08,3.37,-6.27,387.34,4.2614254259573014
2008-04-22,7.66,367.88,3.85,-5.56,406.89,4.095611207048457
2008-04-23,6.1,257.61,5.22,-0.7,583.59,4.1453554727211115
2008-04-24,4.75,320.97,4.51,-2.39,516.6,4.062448363266689
2008-04-25,0.0,538.04,5.25,-5.5,409.61,3.929796988139613
2008-04-26,0.0,605.21,11.65,-3.88,462.25,3.896634144357844
2008-04-27,0.0,451.91,11.41,2.49,729.21,4.2614254259573014
2008-04-28,9.61,367.49,9.6,-0.04,615.61,6.516498803117586
2008-04-29,5.74,362.66,6.69,-2.6,509.21,8.174640992206031
2008-04-30,3.95,364.28,5.23,-4.07,456.33,6.549661646899355
2008-05-01,0.0,479.61,5.97,-2.98,493.84,5.753753396136902
2008-05-02,1.17,400.11,7.97,0.88,651.8,5.422124958319213
2008-05-03,0.0,338.21,8.09,2.39,727.71,5.505032067773635
2008-05-04,0.0,547.72,12.3,1.06,659.69,6.002474724500169
2008-05-05,0.0,501.91,12.6,2.88,753.48,7.328988475770925
2008-05-06,0.0,422.55,9.85,2.38,727.47,8.539432273805488
2008-05-07,0.0,413.82,7.75,0.62,641.61,8.191222414096915
2008-05-08,0.0,401.11,5.78,-1.15,564.49,7.743524023043036
2008-05-09,0.0,539.75,8.45,-2.2,519.97,7.063685725516773
2008-05-10,0.01,447.22,9.14,1.25,671.17,6.798382975262622
2008-05-11,0.0,397.16,5.94,-0.68,585.72,6.848127240935275
2008-05-12,0.0,505.09,6.9,-2.12,525.6,6.5330802250084705
2008-05-13,1.01,350.1,8.48,2.74,747.15,6.516498803117586
2008-05-14,7.94,338.91,13.32,5.55,908.22,9.053456352422906
2008-05-15,0.0,574.29,18.17,5.67,916.09,13.580184528634359
2008-05-16,0.0,595.4,24.78,8.71,1137.09,17.244678766519822
2008-05-17,0.0,581.37,24.07,9.11,1168.49,24.208875960691287
2008-05-18,0.0,513.53,18.32,7.45,1037.95,21.22422002033209
2008-05-19,0.0,497.43,15.81,6.02,942.08,17.57630720433751
2008-05-20,4.93,351.7,11.49,2.91,760.42,15.487048046086072
2008-05-21,6.79,249.73,7.46,1.89,705.85,11.374855417146728
2008-05-22,1.94,331.08,7.62,1.64,691.38,8.987130664859368
2008-05-23,0.0,421.18,10.14,2.73,745.32,7.942501085733649
2008-05-24,0.0,546.77,16.42,4.82,863.81,8.854479289732293
2008-05-25,1.15,470.12,16.44,6.38,965.64,11.142715510674345
2008-05-26,0.0,422.52,13.33,5.8,924.2,12.518973527617755
2008-05-27,0.0,455.42,14.14,5.91,932.73,11.689902433073533
2008-05-28,0.0,426.79,13.31,5.8,924.54,11.49092537038292
2008-05-29,0.0,422.47,10.09,2.89,756.33,11.04322697932904
2008-05-30,0.0,473.44,10.19,1.87,704.57,9.202689149440866
2008-05-31,0.0,578.22,14.08,1.58,684.12,8.456525164351067
2008-06-01,0.0,428.75,10.87,3.35,781.79,8.307292367333106
2008-06-02,0.0,330.2,8.85,3.39,784.13,7.793268288715688
2008-06-03,14.01,263.62,9.06,3.31,781.01,7.942501085733649
2008-06-04,6.46,289.97,8.09,1.71,696.37,7.876175398170111
2008-06-05,7.19,233.24,6.57,1.6,690.64,7.411895585225346
2008-06-06,10.53,220.81,6.84,2.24,720.95,7.892756820060995
2008-06-07,0.0,399.95,9.1,2.62,742.64,7.445058429007115
2008-06-08,0.02,408.32,8.87,2.32,724.45,7.1465928349711945
2008-06-09,11.1,328.71,7.63,0.93,659.37,7.246081366316502
2008-06-10,8.87,394.59,8.82,1.17,669.01,7.6440354916977284
2008-06-11,0.0,331.73,8.6,3.45,785.1,6.964197194171466
2008-06-12,0.0,545.64,12.55,2.15,714.37,6.814964397153506
2008-06-13,0.0,515.37,13.15,3.69,799.82,7.6440354916977284
2008-06-14,0.0,414.73,8.85,2.04,709.83,7.776686866824805
2008-06-15,0.0,561.08,12.13,1.36,676.75,7.1465928349711945
2008-06-16,0.0,568.18,14.64,3.39,781.85,7.445058429007115
2008-06-17,0.0,417.01,9.99,3.31,778.06,7.461639850897999
2008-06-18,0.0,331.37,7.85,2.84,754.83,6.732057287699083
2008-06-19,0.0,541.96,12.63,2.9,757.01,6.350684584208742
2008-06-20,0.0,590.72,19.49,5.97,930.13,6.665731600135546
2008-06-21,0.0,579.79,19.17,6.21,951.94,7.57770980413419
2008-06-22,0.0,432.83,12.3,4.81,865.12,7.279244210098271
2008-06-23,0.0,565.12,14.2,2.73,743.79,6.831545819044391
2008-06-24,0.0,499.49,12.68,3.62,795.42,6.599405912572008
2008-06-25,0.0,551.99,15.33,4.23,824.08,6.6988944439173155
2008-06-26,0.0,487.22,13.04,4.22,830.74,6.732057287699083
2008-06-27,0.0,596.57,20.99,5.8,858.67,6.964197194171466
2008-06-28,0.0,587.53,27.46,10.74,1145.63,8.556013695696372
2008-06-29,0.0,564.48,29.07,13.59,1374.71,9.865946025076244
2008-06-30,0.0,497.03,24.01,13.01,1412.74,10.114667353439511
2008-07-01,0.0,468.53,22.22,12.41,1391.86,9.534317587258556
2008-07-02,0.0,534.55,24.37,11.42,1246.17,8.572595117587257
2008-07-03,6.38,333.7,19.72,10.4,1271.87,8.02540819518807
2008-07-04,4.57,289.7,16.43,8.93,1154.3,7.163174256862079
2008-07-05,3.93,327.49,16.43,8.63,1128.25,7.013941459844119
2008-07-06,0.01,289.01,12.1,6.7,987.9,6.649150178244661
2008-07-07,0.0,514.64,17.7,5.99,891.15,5.952730458827515
2008-07-08,0.0,554.6,22.51,7.68,932.42,6.035637568281937
2008-07-09,0.0,514.59,22.13,9.29,1065.55,6.218033209081667
2008-07-10,0.0,448.72,16.76,6.62,942.6,5.9693118807184
2008-07-11,0.0,550.22,19.46,4.58,764.69,5.52161348966452
2008-07-12,0.0,544.91,23.43,7.93,937.08,5.455287802100982
2008-07-13,0.0,516.23,23.99,9.85,1085.94,5.5879391772280576
2008-07-14,0.0,480.05,21.02,8.66,1037.0,5.355799270755675
2008-07-15,0.0,512.42,22.24,8.29,968.73,5.123659364283293
2008-07-16,0.0,452.19,19.69,8.43,1039.23,4.957845145374448
2008-07-17,0.0,425.72,18.35,8.06,1039.09,4.908100879701795
2008-07-18,0.0,369.76,15.15,6.56,959.22,4.74228666079295
2008-07-19,0.0,418.7,16.71,6.61,904.5,4.543309598102337
2008-07-20,0.0,496.17,20.32,6.96,798.28,4.460402488647915
2008-07-21,0.0,442.53,19.95,8.76,925.42,4.394076801084378
2008-07-22,0.0,378.64,15.44,6.48,860.39,4.2614254259573014
2008-07-23,0.0,311.84,13.7,6.67,923.75,4.012704097594035
2008-07-24,0.0,520.77,19.32,4.63,592.25,3.863471300576075
2008-07-25,0.0,410.66,19.1,8.88,908.18,3.813727034903422
2008-07-26,0.0,370.16,17.22,8.32,937.29,3.7805641911216528
2008-07-27,0.0,296.47,14.13,7.39,973.97,3.6976570816672307
2008-07-28,0.0,515.77,19.18,4.86,574.35,3.565005706540155
2008-07-29,5.5,308.49,14.95,5.63,817.61,3.6644942378854624
2008-07-30,0.0,206.99,9.35,4.88,860.12,3.6147499722128087
2008-07-31,0.0,411.26,12.84,3.36,626.96,3.399191487631311
2008-08-01,7.78,291.45,15.09,6.76,906.25,3.9463784100304977
2008-08-02,0.0,279.61,11.39,5.39,862.18,3.4157729095221954
2008-08-03,0.0,452.3,16.1,5.07,674.01,3.1836330030498132
2008-08-04,0.0,506.33,22.32,7.83,706.84,3.100725893595391
2008-08-05,0.0,505.79,25.76,10.3,803.31,3.100725893595391
2008-08-06,0.0,476.09,27.35,13.22,1005.91,3.117307315486275
2008-08-07,0.0,395.35,21.98,11.86,1083.91,3.0841444717045063
2008-08-08,0.0,393.0,19.23,9.44,951.32,3.0012373622500843
2008-08-09,0.02,254.13,12.7,6.92,974.37,3.034400206031853
2008-08-10,4.11,274.6,13.67,6.79,941.51,3.0178187841409687
2008-08-11,0.0,359.0,17.78,9.39,1031.67,2.785678877668586
2008-08-12,0.0,343.04,17.52,9.56,1053.62,2.7359346119959334
2008-08-13,0.0,395.81,19.49,9.98,964.2,2.702771768214164
2008-08-14,0.0,506.58,26.99,10.54,799.79,2.6696089244323953
2008-08-15,0.0,449.01,27.85,14.92,1147.18,2.702771768214164
2008-08-16,0.0,439.29,27.88,15.23,1190.47,2.6861903463232797
2008-08-17,0.0,411.19,26.43,15.06,1240.13,2.6530275025415113
2008-08-18,2.69,271.97,18.41,10.89,1226.92,2.619864658759742
2008-08-19,12.43,159.31,14.3,9.51,1199.91,2.6530275025415113
2008-08-20,19.01,168.1,12.13,7.21,1026.41,4.360913957302609
2008-08-21,10.53,217.29,12.25,6.38,965.51,3.813727034903422
2008-08-22,0.0,435.25,17.93,6.08,839.96,2.852004565232124
2008-08-23,0.0,448.31,22.24,9.05,975.19,2.487213283632667
2008-08-24,19.15,227.09,16.06,8.8,1141.66,3.2333772687224664
2008-08-25,16.05,207.98,11.73,5.37,900.97,3.448935753303964
2008-08-26,9.59,265.91,11.87,3.21,774.81,2.802260299559471
2008-08-27,10.64,203.57,12.73,6.8,990.7,3.13388873737716
2008-08-28,0.0,309.0,16.14,8.89,1149.52,2.885167409013893
2008-08-29,0.0,387.76,15.85,5.67,916.34,2.7525160338868173
2008-08-30,0.0,315.16,10.89,3.42,786.15,2.5535389711962044
2008-08-31,0.0,339.14,10.81,2.56,737.18,2.3213990647238223
2008-09-01,0.0,371.04,13.22,3.62,793.36,2.1887476895967466
2008-09-02,0.0,411.58,15.37,3.61,781.96,2.0892591582514397
2008-09-03,0.0,324.72,13.21,5.12,880.79,2.0063520487970177
2008-09-04,0.0,389.95,16.31,5.63,893.58,1.9566077831243642
2008-09-05,0.0,373.89,17.07,7.02,973.7,1.9234449393425954
2008-09-06,0.0,292.41,15.08,7.92,1068.02,1.8902820955608264
2008-09-07,0.0,391.78,18.39,7.08,968.51,1.8571192517790576
2008-09-08,0.0,402.27,20.41,7.79,988.52,1.8073749861064043
2008-09-09,0.0,392.89,18.88,6.86,929.42,1.7742121423246355
2008-09-10,0.0,403.44,18.01,5.03,819.17,1.7410492985428665
2008-09-11,0.0,413.97,21.92,6.93,903.86,1.7078864547610977
2008-09-12,0.0,367.7,18.48,6.95,955.88,1.6747236109793289
2008-09-13,0.0,369.75,17.79,6.22,910.03,1.6581421890884442
2008-09-14,0.0,392.66,21.24,7.38,958.08,1.608397923415791
2008-09-15,0.0,396.63,23.81,8.71,1033.89,1.5752350796340222
2008-09-16,0.0,398.57,25.9,9.46,1072.31,1.5420722358522532
2008-09-17,0.0,362.24,24.5,11.18,1255.88,1.5254908139613688
2008-09-18,0.0,259.52,17.22,9.46,1184.69,1.4923279701796
2008-09-19,0.0,284.55,17.21,8.29,1089.93,1.4923279701796
2008-09-20,0.08,183.5,11.9,6.62,980.83,1.459165126397831
2008-09-21,0.0,237.31,12.29,5.35,899.22,1.4425837045069465
2008-09-22,0.0,258.39,9.11,1.53,688.84,1.4094208607251777
2008-09-23,0.0,351.91,11.91,-0.41,589.67,1.3762580169434087
2008-09-24,0.89,213.62,11.0,4.41,840.02,1.5089093920704844
2008-09-25,8.7,133.05,10.38,5.26,891.88,2.5867018149779732
2008-09-26,0.92,259.94,14.32,5.55,908.49,2.2219105333785154
2008-09-27,0.0,257.71,13.9,5.56,909.52,1.6747236109793289
2008-09-28,0.0,338.74,18.91,5.34,893.33,1.4757465482887153
2008-09-29,0.0,345.26,23.47,7.72,1034.51,1.3430951731616398
2008-09-30,0.0,299.38,22.73,10.57,1275.62,1.2601880637072178
2008-10-01,0.0,257.99,20.63,10.94,1311.99,1.19386237614368
2008-10-02,7.88,145.7,15.4,8.7,1136.08,1.4757465482887153
2008-10-03,38.39,66.97,10.3,7.5,1043.47,14.85695401423246
2008-10-04,42.15,132.59,9.64,3.89,813.58,47.7544950457472
2008-10-05,10.87,140.45,7.42,1.95,707.64,13.314881778380208
2008-10-06,10.85,92.64,8.74,4.79,861.96,7.212918522534733
2008-10-07,11.98,139.69,7.76,1.68,696.66,17.078864547610976
2008-10-08,0.0,225.37,7.12,-0.44,593.93,7.345569897661809
2008-10-09,4.74,138.47,4.02,-1.95,532.44,5.206566473737715
2008-10-10,0.0,249.76,5.46,-3.11,487.46,4.2282625821755335
2008-10-11,0.0,268.4,6.25,-3.37,478.42,3.565005706540155
2008-10-12,0.0,266.29,9.96,0.25,621.18,3.13388873737716
2008-10-13,0.05,213.16,10.71,3.53,790.26,2.9680745184683155
2008-10-14,2.25,179.84,5.48,-1.29,558.01,2.8188417214503554
2008-10-15,5.33,191.08,5.99,-2.68,505.58,2.5867018149779732
2008-10-16,5.29,163.75,9.68,2.97,757.89,2.6696089244323953
2008-10-17,0.17,202.58,12.76,6.02,933.28,2.487213283632667
2008-10-18,2.03,198.91,7.64,-0.08,608.82,2.3379804866147063
2008-10-19,0.0,266.66,9.0,-1.32,557.23,2.1721662677058617
2008-10-20,6.16,147.5,6.8,0.16,621.27,2.5867018149779732
2008-10-21,0.0,233.6,5.85,-2.71,504.68,2.5369575493053196
2008-10-22,0.0,271.11,13.44,0.78,640.49,2.2384919552694
2008-10-23,0.0,233.17,8.87,-0.24,599.65,2.1224220020332085
2008-10-24,0.0,209.42,8.26,0.4,628.58,1.989770626906133
2008-10-25,0.0,199.93,7.9,0.41,629.78,1.906863517451711
2008-10-26,0.0,237.29,12.94,2.43,721.51,1.8571192517790576
2008-10-27,0.0,244.71,16.39,4.2,819.34,1.7907935642155197
2008-10-28,0.0,229.72,13.82,3.31,779.47,1.724467876651982
2008-10-29,0.0,183.91,10.5,3.31,777.18,1.6747236109793289
2008-10-30,0.0,166.27,10.7,4.35,833.68,1.6415607671975598
2008-10-31,14.49,82.15,9.26,5.3,894.02,5.48845064588275
2008-11-01,15.72,85.34,9.77,5.6,911.81,5.057333676719756
2008-11-02,15.14,102.16,7.21,2.11,717.05,9.351921946458825
2008-11-03,16.06,65.0,4.95,1.81,701.02,9.832783181294475
2008-11-04,14.36,96.94,3.34,-1.5,552.03,8.02540819518807
2008-11-05,3.05,145.56,3.38,-3.42,478.32,5.554776333446289
2008-11-06,46.38,122.26,8.59,1.76,694.08,30.178187841409684
2008-11-07,61.31,53.98,10.15,7.34,1026.88,63.506845842087415
2008-11-08,36.49,59.09,8.41,5.37,899.86,67.154758658082
2008-11-09,12.88,70.39,7.79,4.12,825.64,43.2775111352084
2008-11-10,9.45,61.32,5.18,2.05,711.8,24.374690179600133
2008-11-11,30.47,122.58,8.92,1.84,702.83,27.525160338868176
2008-11-12,39.07,99.7,9.91,4.41,840.83,59.195676150457466
2008-11-13,13.48,103.58,5.25,-0.48,594.07,30.84144471704506
2008-11-14,0.0,182.66,8.43,-0.51,591.02,18.405378298881732
2008-11-15,0.0,151.92,11.03,4.1,810.38,13.712835903761434
2008-11-16,0.0,163.77,12.35,4.31,824.79,11.026645557438156
2008-11-17,0.0,176.25,13.18,3.58,796.12,9.202689149440866
2008-11-18,0.0,149.95,6.69,-0.28,599.59,8.091733882751608
2008-11-19,0.0,162.35,7.82,-0.39,593.97,7.179755678752963
2008-11-20,11.93,122.41,6.68,-1.7,543.2,8.2078038359878
2008-11-21,10.92,77.54,2.89,-1.62,545.83,7.859593976279226
2008-11-22,7.33,91.32,2.45,-2.97,493.57,7.3621513195526935
2008-11-23,0.0,143.17,3.51,-3.26,480.23,6.433591693663164
2008-11-24,0.0,136.38,5.38,-1.17,560.59,5.869823349373093
2008-11-25,0.0,164.55,5.95,-2.97,492.23,5.538194911555404
2008-11-26,4.22,157.34,5.15,-3.78,465.98,5.1734036299559465
2008-11-27,0.0,134.02,5.72,-0.72,582.2,4.808612348356489
2008-11-28,0.0,109.39,6.14,1.21,666.38,4.758868082683835
2008-11-29,4.88,81.9,9.28,5.12,881.71,5.621102021009826
2008-11-30,0.0,98.06,10.09,5.55,907.23,5.505032067773635
2008-12-01,0.0,137.77,10.01,2.71,744.89,5.206566473737715
2008-12-02,5.69,80.2,6.36,1.81,698.7,5.322636426973906
2008-12-03,0.0,126.38,6.21,-0.24,600.45,4.4769839105388
2008-12-04,0.0,149.04,7.19,-1.66,542.93,4.062448363266689
2008-12-05,0.0,125.0,8.57,1.83,702.18,3.797145613012537
2008-12-06,0.0,131.12,8.77,1.41,672.83,3.565005706540155
2008-12-07,9.59,94.54,5.78,-1.16,562.78,3.7474013473398844
2008-12-08,1.67,87.87,2.76,-2.05,528.43,3.4323543314130798
2008-12-09,2.23,101.03,5.22,-0.79,581.41,3.299702956286004
2008-12-10,5.05,72.16,5.57,0.54,638.37,3.4323543314130798
2008-12-11,2.24,103.74,6.39,-0.07,609.11,3.1504701592680444
2008-12-12,20.97,85.39,4.45,-1.79,539.28,3.332865800067773
2008-12-13,15.56,72.86,-0.37,-5.07,423.0,3.2665401125042353
2008-12-14,9.65,90.04,-3.72,-9.29,308.43,3.0012373622500843
2008-12-15,0.0,99.11,-8.23,-12.58,234.67,2.7525160338868173
2008-12-16,0.0,167.28,-3.49,-13.24,221.6,2.6530275025415113
2008-12-17,10.2,102.7,-1.55,-8.15,330.25,2.6696089244323953
2008-12-18,7.03,94.86,-5.36,-11.11,265.67,2.5867018149779732
2008-12-19,0.0,137.59,-7.84,-14.22,205.9,2.437469017960013
2008-12-20,8.11,129.93,-3.46,-13.74,214.61,2.354561908505591
2008-12-21,17.32,63.7,-1.37,-5.04,436.51,2.437469017960013
2008-12-22,3.45,98.06,-2.7,-8.09,333.45,2.3048176428329374
2008-12-23,0.0,116.91,-3.7,-8.76,317.24,2.205329111487631
2008-12-24,14.76,69.74,-2.14,-6.01,392.81,2.255073377160284
2008-12-25,10.12,101.19,-2.3,-8.23,331.37,2.139003423924093
2008-12-26,15.4,125.0,0.18,-8.27,330.48,2.0726777363605557
2008-12-27,27.71,77.24,2.49,-1.74,540.83,2.885167409013893
2008-12-28,10.14,62.58,-0.11,-3.41,475.62,2.83542314334124
2008-12-29,11.83,83.04,-0.21,-4.68,434.73,2.6364460806506265
2008-12-30,10.1,88.42,-0.7,-5.48,408.9,2.4540504398508975
2008-12-31,10.97,85.73,-0.46,-5.08,421.81,2.4208875960691287
2009-01-01,25.66,89.96,2.61,-3.74,467.68,2.4540504398508975
2009-01-02,3.72,110.22,-1.98,-7.98,336.42,2.38772475228736
2009-01-03,8.1,81.27,-2.13,-6.98,362.78,2.255073377160284
2009-01-04,26.16,87.01,-0.03,-5.22,417.62,2.2384919552694
2009-01-05,19.33,59.51,1.89,-1.53,548.62,2.38772475228736
2009-01-06,44.88,103.34,5.99,-0.61,586.64,4.74228666079295
2009-01-07,60.03,62.25,5.87,2.22,717.82,64.83335959335818
2009-01-08,27.9,115.96,3.79,-4.03,458.6,57.869162399186706
2009-01-09,3.56,114.24,1.57,-5.45,408.94,24.043061741782445
2009-01-10,19.53,75.16,3.37,-0.94,573.39,12.950090496780751
2009-01-11,20.79,84.45,6.7,1.77,694.48,12.402903574381565
2009-01-12,11.03,111.82,8.65,1.97,705.14,12.253670777363602
2009-01-13,0.0,156.2,8.8,1.04,656.89,10.496040056929854
2009-01-14,0.0,143.07,10.08,3.27,776.89,8.240966679769569
2009-01-15,0.0,131.55,10.5,4.48,838.36,7.843012554388341
2009-01-16,0.0,128.5,9.68,3.95,811.7,8.705246492714334
2009-01-17,0.0,139.19,9.94,3.67,799.2,10.297062994239239
2009-01-18,0.0,173.81,12.38,3.3,776.56,12.104437980345644
2009-01-19,0.0,176.13,11.27,2.18,718.73,12.20392651169095
2009-01-20,0.0,167.23,8.65,0.72,640.16,11.092971245001692
2009-01-21,0.0,144.45,6.5,0.29,619.8,9.683550384276515
2009-01-22,0.0,147.96,6.48,0.17,616.37,8.522850851914603
2009-01-23,0.0,143.7,5.43,-0.48,592.3,7.57770980413419
2009-01-24,0.0,160.83,2.17,-4.49,441.61,6.798382975262622
2009-01-25,7.21,115.01,-2.61,-8.08,333.87,6.201451787190782
2009-01-26,0.0,219.34,0.14,-9.39,302.31,5.604520599118942
2009-01-27,7.79,134.66,2.1,-4.57,437.87,5.322636426973906
2009-01-28,0.0,154.27,1.86,-3.53,473.37,4.908100879701795
2009-01-29,0.0,205.68,5.55,-2.48,510.58,4.5598910199932225
2009-01-30,0.0,242.26,8.15,-3.62,466.0,4.360913957302609
2009-01-31,0.95,177.8,1.37,-5.5,406.76,4.128774050830226
2009-02-01,0.7,210.51,4.11,-4.62,436.16,3.863471300576075
2009-02-02,0.0,203.2,8.47,0.42,633.23,3.797145613012537
2009-02-03,0.0,225.21,12.04,1.57,684.41,3.714238503558115
2009-02-04,0.0,224.53,12.03,1.44,675.65,3.7308199254489995
2009-02-05,0.0,211.27,8.36,-0.49,600.0,3.7474013473398844
2009-02-06,4.63,110.68,2.86,-2.4,514.09,3.846889878685191
2009-02-07,0.0,228.6,6.48,-3.17,482.71,3.6644942378854624
2009-02-08,5.31,157.09,4.8,-3.3,480.17,3.515261440867502
2009-02-09,4.64,166.67,0.2,-7.46,353.25,3.332865800067773
2009-02-10,12.22,133.56,-2.06,-7.63,347.62,3.1836330030498132
2009-02-11,0.0,239.86,2.86,-5.41,409.91,3.067563049813622
2009-02-12,0.0,216.0,1.65,-5.32,413.05,2.918330252795662
2009-02-13,0.0,182.47,1.4,-4.16,450.98,2.785678877668586
2009-02-14,0.0,209.47,1.54,-4.88,428.47,2.6861903463232797
2009-02-15,0.0,227.56,1.49,-5.64,401.42,2.570120393087089
2009-02-16,0.0,270.35,4.21,-5.05,423.4,2.487213283632667
2009-02-17,0.0,258.35,5.82,-2.66,503.0,2.437469017960013
2009-02-18,0.0,266.3,6.19,-2.65,503.1,2.3379804866147063
2009-02-19,0.0,293.92,8.92,-1.73,541.27,2.2716547990511686
2009-02-20,0.0,304.8,10.2,-1.49,560.0,2.2219105333785154
2009-02-21,0.0,298.24,10.96,-0.13,600.17,2.205329111487631
2009-02-22,19.75,135.8,7.08,1.65,687.12,4.725705238902067
2009-02-23,14.08,140.87,5.47,-0.05,610.67,8.83789786784141
2009-02-24,24.48,104.01,3.79,-0.12,606.85,10.280481572348355
2009-02-25,22.26,212.85,1.53,-7.05,365.62,8.191222414096915
2009-02-26,8.3,233.56,0.81,-8.64,319.08,5.803497661809556
2009-02-27,0.0,311.14,2.48,-6.76,369.59,4.62621670755676
2009-02-28,10.38,247.75,6.15,-4.42,442.88,4.079029785157573
2009-03-01,25.06,128.01,6.69,2.32,723.4,10.844249916638425
2009-03-02,24.21,165.94,5.52,-0.24,602.63,32.8312153439512
2009-03-03,6.83,189.27,5.03,-1.62,546.02,16.05081639037614
2009-03-04,5.45,251.23,5.45,-3.32,481.96,10.346807259911893
2009-03-05,7.84,225.98,2.08,-5.92,397.32,8.091733882751608
2009-03-06,1.89,340.24,3.73,-7.59,348.06,6.483335959335817
2009-03-07,8.9,232.85,0.96,-6.95,365.5,5.604520599118942
2009-03-08,4.35,256.51,0.89,-8.04,334.03,4.941263723483564
2009-03-09,5.05,253.65,-0.97,-9.39,305.42,4.4769839105388
2009-03-10,2.46,320.96,0.08,-9.95,289.07,4.02928551948492
2009-03-11,0.0,391.38,2.6,-8.07,334.11,3.7308199254489995
2009-03-12,0.0,425.94,8.46,-5.56,407.87,3.4986800189766174
2009-03-13,0.0,407.95,10.41,-1.99,520.85,3.399191487631311
2009-03-14,26.87,214.97,2.06,-4.59,437.74,3.5318428627583867
2009-03-15,27.34,169.11,0.05,-4.87,428.95,3.299702956286004
2009-03-16,36.7,184.48,0.9,-4.39,444.86,3.200214424940697
2009-03-17,23.27,232.07,2.35,-4.51,440.21,3.067563049813622
2009-03-18,11.71,242.38,4.01,-3.23,482.89,2.9680745184683155
2009-03-19,10.29,210.69,5.88,0.35,627.14,3.1836330030498132
2009-03-20,19.43,296.69,4.04,-5.48,411.39,6.715475865808199
2009-03-21,0.0,444.13,4.93,-6.86,364.99,6.7818015533717375
2009-03-22,6.14,288.75,4.81,-4.02,457.37,4.974426567265334
2009-03-23,8.55,235.38,1.81,-4.6,438.47,4.244844004066417
2009-03-24,8.15,193.95,3.64,-1.45,551.65,3.88005272246696
2009-03-25,5.15,295.05,4.35,-4.42,443.1,3.797145613012537
2009-03-26,1.66,365.3,5.12,-4.77,432.22,3.548424284649271
2009-03-27,0.0,385.92,7.23,-1.22,560.13,3.4655171751948486
2009-03-28,9.6,246.35,2.78,-3.81,468.52,3.5981685503219247
2009-03-29,0.0,442.16,4.83,-5.38,412.64,3.3494472219586577
2009-03-30,8.93,266.88,3.69,-3.47,477.21,3.200214424940697
2009-03-31,9.12,273.16,3.33,-4.01,460.02,3.4157729095221954
2009-04-01,15.8,313.96,3.95,-5.04,424.07,3.2831215343951197
2009-04-02,13.79,288.92,5.79,-2.15,525.11,3.6147499722128087
2009-04-03,2.43,384.24,4.14,-4.98,425.72,3.448935753303964
2009-04-04,0.0,501.56,8.0,-5.0,424.03,3.1836330030498132
2009-04-05,0.0,496.37,13.18,-0.06,608.93,3.13388873737716
2009-04-06,0.0,499.9,16.9,2.58,726.71,3.5981685503219247
2009-04-07,0.0,507.34,17.61,2.65,735.88,4.891519457810911
2009-04-08,0.0,427.36,9.54,0.07,617.77,5.869823349373093
2009-04-09,3.01,306.37,7.63,0.01,614.57,5.306055005083023
2009-04-10,5.71,246.84,6.63,0.15,621.56,4.725705238902067
2009-04-11,7.32,236.16,5.99,0.0,614.28,4.394076801084378
2009-04-12,44.16,187.56,4.34,-0.16,607.37,13.895231544561165
2009-04-13,19.19,289.52,3.47,-3.95,461.99,12.751113434090136
2009-04-14,2.3,438.36,6.19,-5.19,417.45,7.57770980413419
2009-04-15,0.0,514.19,9.21,-3.56,472.57,6.035637568281937
2009-04-16,0.36,489.93,9.74,-2.27,517.56,5.322636426973906
2009-04-17,5.46,374.58,8.75,-0.67,583.02,5.803497661809556
2009-04-18,0.0,508.13,10.95,-1.91,533.7,5.438706380210097
2009-04-19,0.0,483.75,14.81,2.82,750.21,5.388962114537445
2009-04-20,0.0,516.66,18.75,4.0,800.0,6.848127240935275
2009-04-21,0.0,511.99,18.52,4.1,810.92,9.136363461877329
2009-04-22,0.0,488.93,9.22,-2.74,504.84,9.451410477804133
2009-04-23,0.0,477.61,7.22,-4.24,448.79,7.163174256862079
2009-04-24,0.0,505.17,10.21,-2.84,497.76,5.720590552355134
2009-04-25,0.0,395.14,7.5,-1.19,561.47,5.073915098610639
2009-04-26,0.0,460.79,9.28,-1.6,546.85,4.576472441884106
2009-04-27,0.0,479.76,10.64,-1.25,559.27,4.410658222975262
2009-04-28,7.4,218.72,6.21,0.09,619.29,4.327751113520839
2009-04-29,4.33,263.99,7.74,0.46,634.96,4.045866941375804
2009-04-30,0.0,483.87,11.13,-0.89,574.36,3.8303084567943064
2009-05-01,0.0,499.1,15.29,1.92,705.46,3.8303084567943064
2009-05-02,14.59,296.57,10.54,1.51,687.08,7.378732741443577
2009-05-03,6.75,327.54,10.18,-0.08,610.29,10.927157026092848
2009-05-04,35.83,156.61,6.24,1.94,706.09,10.77792422907489
2009-05-05,41.66,193.85,6.1,0.99,659.81,45.76472441884107
2009-05-06,22.15,197.57,6.05,0.98,658.96,26.032832368688577
2009-05-07,12.46,294.31,7.74,-0.14,608.18,19.234449393425955
2009-05-08,0.0,403.35,7.42,-0.77,580.71,12.53555494950864
2009-05-09,0.0,521.98,12.31,-0.6,588.06,9.799620337512707
2009-05-10,1.94,501.54,13.36,1.25,669.45,8.738409336496101
2009-05-11,5.37,339.29,9.81,-0.26,604.36,8.987130664859368
2009-05-12,3.99,325.59,7.56,-1.91,536.34,8.754990758386986
2009-05-13,14.54,210.06,4.89,-0.65,586.36,7.246081366316502
2009-05-14,13.65,276.43,8.6,1.01,658.21,7.942501085733649
2009-05-15,0.0,527.99,14.12,0.56,635.73,7.544546960352421
2009-05-16,0.0,529.19,19.23,4.72,857.63,7.776686866824805
2009-05-17,0.0,502.31,19.78,6.6,967.84,11.175878354456115
2009-05-18,0.02,477.91,14.29,2.97,761.98,12.98325334056252
2009-05-19,6.06,262.04,8.07,0.98,657.92,10.827668494747542
2009-05-20,0.0,437.54,9.76,0.46,635.98,8.357036633005759
2009-05-21,0.0,530.22,13.79,0.37,629.44,7.5611283822433055
2009-05-22,0.0,513.91,16.0,3.22,771.58,7.72694260115215
2009-05-23,0.0,503.55,16.72,4.27,822.28,8.77157218027787
2009-05-24,0.0,488.48,16.75,5.07,883.71,9.7001318061674
2009-05-25,0.0,465.89,15.81,5.01,878.21,9.932271712639782
2009-05-26,1.77,364.15,12.95,3.88,809.73,9.584061852931208
2009-05-27,0.0,494.87,14.83,3.0,759.02,8.672083648932563
2009-05-28,0.0,538.22,20.62,4.98,878.49,8.307292367333106
2009-05-29,0.0,486.53,22.45,9.45,1196.37,10.612110010166045
2009-05-30,0.0,497.39,21.85,8.28,1102.02,11.325111151474076
2009-05-31,0.0,490.48,22.14,8.87,1149.51,10.081504509657742
2009-06-01,0.0,488.94,22.55,9.15,1171.85,9.799620337512707
2009-06-02,0.0,462.82,23.01,10.62,1289.97,9.733294649949167
2009-06-03,0.0,469.48,24.46,11.26,1341.13,9.385084790240596
2009-06-04,0.0,479.62,26.17,11.84,1387.23,8.9539678210776
2009-06-05,0.0,400.86,22.0,11.68,1374.71,9.07003777431379
2009-06-06,0.0,315.16,14.73,7.51,1045.46,7.876175398170111
2009-06-07,0.0,283.39,12.57,6.17,951.5,6.4501731155540485
2009-06-08,0.0,458.76,16.66,4.71,856.54,5.836660505591324
2009-06-09,0.0,480.45,19.23,5.94,932.16,5.687427708573364
2009-06-10,0.0,393.61,18.14,8.35,1107.91,5.869823349373093
2009-06-11,0.0,388.34,17.89,8.29,1102.97,5.902986193154861
2009-06-12,0.0,413.56,19.43,8.76,1140.63,5.687427708573364
2009-06-13,0.0,433.15,20.27,8.67,1133.27,5.753753396136902
2009-06-14,0.0,375.35,17.98,8.68,1134.42,5.554776333446289
2009-06-15,0.0,411.1,17.91,7.49,1039.49,5.107077942392409
2009-06-16,0.0,385.1,16.82,7.43,1034.27,4.725705238902067
2009-06-17,0.0,357.73,16.85,8.36,1109.48,4.4769839105388
2009-06-18,1.24,329.3,15.72,7.96,1079.71,4.311169691629956
2009-06-19,5.32,277.98,13.99,5.21,891.38,4.1453554727211115
2009-06-20,0.0,312.05,10.8,3.83,807.51,3.929796988139613
2009-06-21,0.0,409.27,12.56,2.93,758.18,3.631331394103693
2009-06-22,0.0,375.19,12.34,3.83,806.38,3.3826100657404266
2009-06-23,0.0,496.78,16.54,3.02,762.03,3.249958690613351
2009-06-24,7.2,219.7,13.43,7.02,1008.78,3.3162843781768885
2009-06-25,2.93,310.27,12.43,4.66,857.05,3.846889878685191
2009-06-26,0.0,463.61,14.7,3.12,768.56,3.3162843781768885
2009-06-27,0.0,503.66,18.87,4.78,860.63,3.0841444717045063
2009-06-28,0.0,438.84,16.39,5.65,914.15,3.0012373622500843
2009-06-29,0.0,495.74,17.15,3.72,799.5,2.885167409013893
2009-06-30,0.0,499.45,18.51,4.61,850.01,2.802260299559471
2009-07-01,0.0,524.84,21.8,5.18,887.54,2.6696089244323953
2009-07-02,0.0,515.73,25.23,8.25,1094.48,2.5867018149779732
2009-07-03,0.0,479.15,25.48,11.03,1320.14,2.6032832368688577
2009-07-04,0.0,459.1,24.65,11.46,1355.74,2.5867018149779732
2009-07-05,0.0,460.57,20.92,8.27,1100.74,2.5037947055235508
2009-07-06,2.73,248.36,13.02,6.23,957.62,2.4043061741782443
2009-07-07,0.69,295.07,11.92,5.32,897.05,2.2716547990511686
2009-07-08,0.0,277.64,11.68,5.61,915.56,2.2219105333785154
2009-07-09,0.0,391.06,15.42,6.16,950.53,2.2219105333785154
2009-07-10,0.0,505.58,22.16,6.38,959.98,2.0892591582514397
2009-07-11,0.0,445.97,24.21,11.56,1362.84,2.0726777363605557
2009-07-12,5.0,226.87,15.5,10.0,1240.22,2.139003423924093
2009-07-13,0.31,331.27,15.93,8.33,1106.0,2.056096314469671
2009-07-14,0.0,419.97,18.6,7.95,1071.84,1.989770626906133
2009-07-15,0.0,475.44,22.48,8.63,1083.28,1.906863517451711
2009-07-16,0.0,456.54,24.34,11.01,1276.36,1.8902820955608264
2009-07-17,0.0,436.23,25.13,12.5,1407.34,1.8571192517790576
2009-07-18,0.0,428.72,21.49,9.59,1186.19,1.8073749861064043
2009-07-19,0.0,464.34,20.97,7.21,992.72,1.7742121423246355
2009-07-20,0.0,476.99,23.75,8.44,1059.9,1.7078864547610977
2009-07-21,0.0,415.3,24.52,12.23,1404.55,1.6747236109793289
2009-07-22,0.0,352.37,21.69,12.13,1408.67,1.6581421890884442
2009-07-23,0.0,360.72,20.5,10.84,1305.22,1.6249793453066754
2009-07-24,0.0,422.81,23.33,10.7,1276.36,1.5918165015249066
2009-07-25,0.0,410.81,25.49,12.9,1466.22,1.5586536577431376
2009-07-26,0.0,423.96,27.14,13.56,1523.48,1.5586536577431376
2009-07-27,0.0,431.75,30.18,15.42,1696.26,1.5254908139613688
2009-07-28,0.0,406.74,31.59,17.68,1961.66,1.5254908139613688
2009-07-29,0.0,409.46,31.98,17.8,1958.29,1.4923279701796
2009-07-30,0.0,400.21,29.03,16.0,1768.24,1.4425837045069465
2009-07-31,0.0,399.58,27.31,14.65,1632.22,1.392839438834293
2009-08-01,0.0,412.68,27.28,14.08,1533.55,1.3265137512707557
2009-08-02,0.0,397.38,26.48,14.16,1544.47,1.309932329379871
2009-08-03,0.0,379.09,24.6,13.46,1400.9,1.2933509074889866
2009-08-04,0.0,353.88,21.62,11.93,1145.66,1.2601880637072178
2009-08-05,3.07,320.95,19.5,9.6,937.64,1.2104437980345644
2009-08-06,0.0,331.36,17.18,8.44,807.57,1.1772809542527956
2009-08-07,0.0,301.38,16.61,8.73,878.69,1.1606995323619111
2009-08-08,0.0,271.27,15.8,8.81,941.51,1.1606995323619111
2009-08-09,0.0,279.96,16.43,9.31,943.4,1.1441181104710265
2009-08-10,7.6,172.32,14.32,8.59,1073.33,1.1606995323619111
2009-08-11,5.41,179.91,15.44,9.36,1131.35,1.2933509074889866
2009-08-12,6.41,176.84,14.56,8.64,1040.46,1.2104437980345644
2009-08-13,14.02,203.23,13.15,6.42,810.66,1.19386237614368
2009-08-14,0.0,341.56,14.47,5.9,662.3,1.127536688580142
2009-08-15,0.0,298.47,13.97,6.73,760.45,1.077792422907489
2009-08-16,0.0,439.67,18.91,6.39,527.12,1.0446295791257199
2009-08-17,0.0,460.02,23.74,9.43,578.1,1.0280481572348354
2009-08-18,0.0,456.36,25.75,11.5,600.12,1.011466735343951
2009-08-19,0.0,479.93,29.65,12.63,607.28,1.011466735343951
2009-08-20,0.0,445.89,25.77,11.78,630.63,0.9948853134530665
2009-08-21,0.0,256.3,15.93,9.52,935.93,0.9783038915621821
2009-08-22,0.0,365.88,15.98,6.26,598.44,0.9285596258895288
2009-08-23,0.0,305.2,13.5,5.77,676.67,0.9119782039986444
2009-08-24,0.0,468.05,20.64,5.02,414.1,0.8788153602168755
2009-08-25,0.0,348.83,15.74,6.58,626.09,0.862233938325991
2009-08-26,0.0,470.42,20.76,4.62,392.6,0.862233938325991
2009-08-27,0.0,471.83,27.05,9.52,514.35,0.8124896726533377
2009-08-28,0.0,391.42,20.34,9.06,638.56,0.7959082507624533
2009-08-29,1.42,228.65,16.97,10.55,1062.49,0.8290710945442221
2009-08-30,0.0,369.1,20.65,10.38,754.14,0.8290710945442221
2009-08-31,0.0,343.35,20.21,10.96,834.46,0.8124896726533377
2009-09-01,0.0,317.33,18.01,9.76,842.66,0.7959082507624533
2009-09-02,0.0,419.22,21.78,8.79,601.81,0.7959082507624533
2009-09-03,4.8,229.48,15.25,7.14,874.81,0.8788153602168755
2009-09-04,0.0,401.17,19.06,6.93,618.76,0.8788153602168755
2009-09-05,13.79,201.98,14.45,7.36,967.64,1.1441181104710265
2009-09-06,34.84,119.88,9.08,5.15,888.95,5.48845064588275
2009-09-07,19.3,179.92,10.62,4.87,867.87,4.526728176211453
2009-09-08,0.0,386.09,14.71,2.8,727.6,2.255073377160284
2009-09-09,0.0,329.29,15.9,6.33,955.24,1.7078864547610977
2009-09-10,0.0,382.14,19.12,6.29,912.91,1.5586536577431376
2009-09-11,0.0,390.72,26.12,10.98,1200.53,1.309932329379871
2009-09-12,0.0,370.17,25.67,11.69,1283.1,1.1772809542527956
2009-09-13,0.0,288.74,22.2,12.76,1450.58,1.0943738447983733
2009-09-14,0.0,224.3,16.68,9.91,1232.99,1.0280481572348354
2009-09-15,0.0,335.96,20.96,9.32,1156.87,0.9617224696712977
2009-09-16,0.0,303.71,17.41,7.67,1054.18,0.9285596258895288
2009-09-17,0.0,329.16,16.78,5.88,923.29,0.9119782039986444
2009-09-18,0.0,378.53,23.33,8.11,1009.58,0.862233938325991
2009-09-19,17.59,243.36,15.52,4.65,856.74,1.011466735343951
2009-09-20,0.0,320.19,13.26,2.66,742.03,0.9119782039986444
2009-09-21,0.0,375.13,22.56,6.5,941.41,0.8456525164351066
2009-09-22,0.0,370.61,28.62,10.62,1232.1,0.7959082507624533
2009-09-23,0.0,355.9,24.95,9.3,1140.51,0.7793268288715688
2009-09-24,0.0,286.3,17.34,7.08,1004.25,0.7627454069806844
2009-09-25,0.0,349.82,20.49,5.72,908.2,0.7461639850898
2009-09-26,0.0,302.21,16.52,5.46,903.45,0.7295825631989155
2009-09-27,0.0,337.16,17.89,4.15,815.44,0.713001141308031
2009-09-28,5.81,232.63,13.87,1.85,698.08,0.7295825631989155
2009-09-29,5.16,151.89,8.13,1.32,673.9,0.8953967821077599
2009-09-30,1.37,214.35,8.78,0.39,629.34,0.8124896726533377
2009-10-01,4.47,142.09,9.91,3.48,786.41,0.7627454069806844
2009-10-02,3.74,178.89,8.88,1.29,671.88,0.7959082507624533
2009-10-03,0.0,214.48,7.19,-0.18,603.49,0.7461639850898
2009-10-04,0.0,283.03,11.32,0.41,626.09,0.6964197194171465
2009-10-05,0.0,293.05,12.88,0.97,652.92,0.6798382975262621
2009-10-06,0.0,286.54,15.28,3.18,774.31,0.6632568756353778
2009-10-07,0.0,253.83,12.89,2.65,738.88,0.6632568756353778
2009-10-08,0.0,260.34,13.84,3.07,765.95,0.6466754537444933
2009-10-09,0.0,207.15,11.77,3.72,799.35,0.6466754537444933
2009-10-10,0.0,189.36,7.84,0.67,641.51,0.6300940318536089
2009-10-11,0.0,220.95,7.9,-0.6,584.82,0.6466754537444933
2009-10-12,0.0,117.19,4.96,0.78,645.23,0.6300940318536089
2009-10-13,16.53,72.97,6.08,2.67,743.54,0.7959082507624533
2009-10-14,44.92,80.38,8.24,4.41,841.6,14.07762718536089
2009-10-15,23.33,117.22,10.36,4.62,851.77,6.218033209081667
2009-10-16,56.79,78.02,12.67,8.89,1151.49,34.65517175194849
2009-10-17,74.02,107.04,12.18,7.0,1008.76,63.83847427990511
2009-10-18,1.5,153.26,10.35,4.8,863.22,25.535389711962043
2009-10-19,0.0,184.07,10.75,4.01,817.03,10.180993041003047
2009-10-20,0.0,199.16,10.94,3.51,788.55,6.632568756353777
2009-10-21,9.53,134.87,9.74,3.23,773.98,6.499917381226702
2009-10-22,8.91,108.53,7.48,2.5,734.22,5.289473583192137
2009-10-23,28.78,170.14,10.66,1.89,704.11,12.701369168417484
2009-10-24,5.65,157.84,7.94,0.16,618.64,8.05857103896984
2009-10-25,15.96,152.35,8.21,0.85,648.59,5.9693118807184
2009-10-26,22.72,152.91,7.67,0.23,626.55,10.131248775330395
2009-10-27,0.0,194.9,5.76,-1.14,562.34,7.378732741443577
2009-10-28,8.29,121.37,3.83,-1.6,547.9,5.820079083700439
2009-10-29,15.48,158.63,8.99,0.81,647.44,6.798382975262622
2009-10-30,34.09,77.93,9.97,6.44,962.98,13.314881778380208
2009-10-31,14.32,135.99,8.05,1.42,679.25,32.49958690613351
2009-11-01,0.0,197.33,6.98,-0.59,587.53,12.253670777363602
2009-11-02,0.0,211.25,8.57,-0.09,607.71,8.539432273805488
2009-11-03,0.0,231.54,11.18,0.02,612.06,6.848127240935275
2009-11-04,0.0,199.36,12.77,4.29,825.58,5.886404771263978
2009-11-05,59.29,130.07,8.59,1.89,700.23,33.82610065740427
2009-11-06,40.27,60.31,3.7,0.96,656.15,37.30819925449
2009-11-07,31.42,91.2,3.91,-0.31,598.7,24.70631861741782
2009-11-08,13.82,115.19,4.8,-0.8,580.43,18.405378298881732
2009-11-09,32.7,66.25,4.39,1.34,675.73,41.619368946119955
2009-11-10,29.2,61.73,2.58,-0.19,602.38,32.167958468315824
2009-11-11,19.91,120.47,4.15,-1.95,532.25,22.219105333785155
2009-11-12,6.21,124.53,4.46,-2.12,525.78,16.133723499830563
2009-11-13,17.46,129.69,2.23,-4.49,442.11,13.745998747543203
2009-11-14,13.0,149.49,2.05,-6.12,390.43,10.9769012917655
2009-11-15,45.83,86.7,4.95,0.84,647.59,20.8925915825144
2009-11-16,108.63,68.48,6.1,2.83,751.38,89.2080497729583
2009-11-17,49.4,121.42,4.5,-1.86,536.17,69.80778616062351
2009-11-18,25.84,103.05,2.05,-3.1,488.77,33.66028643849542
2009-11-19,100.86,77.56,4.52,0.66,641.36,41.7851831650288
2009-11-20,29.74,101.61,4.62,-0.7,583.34,64.83335959335818
2009-11-21,20.7,96.5,2.01,-2.99,492.67,33.66028643849542
2009-11-22,53.36,74.53,2.11,-1.66,545.03,24.872132836326667
2009-11-23,25.62,99.22,4.25,-1.07,566.47,21.058405801423245
2009-11-24,17.37,89.3,7.5,2.73,746.97,24.043061741782445
2009-11-25,27.55,65.35,7.53,4.12,824.38,26.861903463232796
2009-11-26,19.45,97.95,6.33,0.91,654.08,36.810756597763465
2009-11-27,0.0,136.21,4.13,-1.61,546.1,23.379804866147065
2009-11-28,12.96,87.87,4.66,-0.11,605.91,16.913050328702134
2009-11-29,2.49,74.35,6.0,2.74,746.51,15.072512498813959
2009-11-30,0.0,135.94,5.85,-0.12,607.4,13.795743013215857
2009-12-01,0.0,136.32,3.51,-2.65,505.18,12.4692292619451
2009-12-02,0.0,162.34,6.79,-2.03,526.81,10.77792422907489
2009-12-03,0.0,153.38,7.12,-0.79,578.28,9.749876071840053
2009-12-04,0.0,150.41,2.06,-5.38,412.35,9.186107727549981
2009-12-05,1.55,132.58,-0.9,-7.53,346.94,8.489688008132834
2009-12-06,0.0,127.47,-4.22,-9.73,295.04,7.76010544493392
2009-12-07,0.0,141.93,-6.44,-13.01,228.28,7.047104303625888
2009-12-08,0.0,147.04,-6.15,-13.34,220.02,6.599405912572008
2009-12-09,0.0,147.6,-4.66,-12.12,244.86,6.184870365299897
2009-12-10,0.0,153.51,-1.66,-10.02,280.0,5.820079083700439
2009-12-11,0.0,155.16,-0.86,-9.51,294.19,5.5879391772280576
2009-12-12,0.0,120.64,-2.52,-8.34,326.52,5.272892161301253
2009-12-13,0.0,122.36,-1.84,-7.62,343.9,4.991007989156217
2009-12-14,13.41,97.33,1.63,-4.74,431.4,4.808612348356489
2009-12-15,28.52,48.04,3.66,0.74,639.43,6.748638709589969
2009-12-16,28.65,41.95,4.5,1.91,701.0,21.72166267705862
2009-12-17,33.07,57.41,4.93,1.39,674.41,20.395148925787865
2009-12-18,9.44,54.95,6.43,3.01,761.15,15.768932218231107
2009-12-19,14.41,47.0,6.27,3.43,783.73,15.354396670958995
2009-12-20,35.8,57.83,7.12,3.55,791.45,41.12192628939342
2009-12-21,15.83,108.14,5.65,-2.93,496.22,54.055435364283284
2009-12-22,5.87,96.87,1.65,-4.84,429.33,27.856788776685864
2009-12-23,0.0,132.39,2.55,-4.2,450.0,18.73700673669942
2009-12-24,0.0,126.87,5.76,-0.72,582.49,14.707721217214502
2009-12-25,0.0,132.25,8.0,0.89,644.75,12.518973527617755
2009-12-26,0.0,141.6,6.71,-1.65,545.83,11.059808401219923
2009-12-27,0.0,126.63,4.36,-2.51,518.83,9.865946025076244
2009-12-28,0.27,105.91,3.67,-1.75,541.46,8.987130664859368
2009-12-29,0.03,89.31,1.55,-2.79,497.8,8.390199476787528
2009-12-30,12.37,60.85,2.45,-1.4,553.71,7.942501085733649
2009-12-31,18.6,91.16,5.08,-1.17,561.37,8.224385257878684
2010-01-01,39.99,58.32,4.47,1.66,687.41,29.017488309047774
2010-01-02,21.4,89.62,3.85,-0.57,590.24,27.525160338868176
2010-01-03,7.51,107.86,4.57,-1.32,556.56,13.082741871907826
2010-01-04,22.64,70.13,6.28,2.8,748.87,22.384919552694
2010-01-05,10.97,76.17,7.83,3.95,813.41,19.068635174517112
2010-01-06,2.41,98.5,6.88,2.27,720.76,13.364626044052862
2010-01-07,7.97,103.58,7.73,2.14,720.0,10.064923087766857
2010-01-08,35.71,70.36,6.81,3.32,776.88,21.887476895967467
2010-01-09,19.86,72.06,6.97,3.36,779.01,29.017488309047774
2010-01-10,18.91,66.96,7.3,3.92,810.2,18.902820955608266
2010-01-11,89.28,48.25,6.83,4.53,846.41,73.78732741443578
2010-01-12,42.28,42.84,5.5,3.51,787.67,76.27454069806845
2010-01-13,21.07,62.97,5.52,2.57,738.39,53.88962114537444
2010-01-14,33.22,73.17,4.49,1.09,663.63,44.60402488647915
2010-01-15,50.4,102.73,4.1,-1.03,569.8,55.381949115554036
2010-01-16,27.3,120.36,3.4,-3.08,489.51,35.8158712843104
2010-01-17,31.9,59.81,4.29,1.59,684.52,34.820985970857336
2010-01-18,36.8,71.8,4.78,1.54,684.62,49.08100879701795
2010-01-19,17.79,60.1,4.81,2.11,711.87,31.670515811589286
2010-01-20,9.83,87.07,4.83,0.83,648.51,24.540504398508975
2010-01-21,6.22,83.31,3.62,-0.2,600.81,20.229334706879023
2010-01-22,0.0,169.74,5.28,-1.1,567.5,16.581421890884446
2010-01-23,3.13,140.5,4.39,-1.27,558.23,14.110790029142663
2010-01-24,17.46,95.86,2.98,-1.15,561.86,12.883764809217212
2010-01-25,20.53,83.53,3.76,0.27,624.78,16.183467765503217
2010-01-26,2.95,153.34,4.89,-1.71,543.16,14.906698279905113
2010-01-27,0.0,186.97,3.72,-2.88,497.02,12.237089355472719
2010-01-28,0.0,163.43,5.88,0.66,638.41,10.695017119620466
2010-01-29,2.27,132.21,6.25,1.92,703.03,9.783038915621821
2010-01-30,5.55,84.76,5.18,1.94,703.2,9.501154743476786
2010-01-31,2.42,143.45,5.46,0.68,643.76,8.804735024059639
2010-02-01,5.41,104.94,3.68,0.1,616.65,8.32387378922399
2010-02-02,5.2,133.0,5.86,0.43,631.72,7.959082507624532
2010-02-03,4.4,84.67,4.19,1.12,663.8,7.892756820060995
2010-02-04,7.83,96.56,4.97,1.43,678.31,8.738409336496101
2010-02-05,8.04,99.77,5.35,1.73,692.71,11.192459776347
2010-02-06,2.16,162.51,6.91,1.06,660.44,9.617224696712977
2010-02-07,3.39,147.33,6.66,1.0,656.98,8.622339383259911
2010-02-08,0.0,217.82,5.53,-1.11,564.66,7.843012554388341
2010-02-09,0.0,228.6,5.6,-1.61,545.8,7.212918522534733
2010-02-10,5.07,122.91,2.92,-0.76,579.49,6.897871506607928
2010-02-11,31.05,105.36,5.16,1.55,681.73,14.276604248051505
2010-02-12,33.34,93.21,3.37,0.27,627.06,24.70631861741782
2010-02-13,36.22,127.95,5.02,0.69,644.83,25.86701814977973
2010-02-14,21.03,153.13,5.77,0.33,627.82,47.588680826838356
2010-02-15,8.99,191.62,6.64,-1.48,551.74,22.384919552694
2010-02-16,17.16,178.36,6.46,-0.38,594.04,26.696089244323954
2010-02-17,0.0,276.19,6.43,-3.03,489.23,17.9079356421552
2010-02-18,0.0,278.81,9.32,-0.67,583.81,13.530440262961706
2010-02-19,0.0,281.6,9.67,-0.49,600.0,11.126134088783461
2010-02-20,0.0,288.25,9.15,-1.48,560.0,9.617224696712977
2010-02-21,0.0,290.1,8.12,-2.33,520.0,8.539432273805488
2010-02-22,0.0,296.59,9.79,-1.33,556.73,7.693779757370382
2010-02-23,11.03,136.16,4.44,-0.3,598.83,7.328988475770925
2010-02-24,18.71,137.97,5.21,0.53,635.51,7.262662788207386
2010-02-25,11.55,152.8,5.9,0.69,644.17,7.8098497106065725
2010-02-26,30.14,93.03,5.32,2.4,727.77,18.073749861064044
2010-02-27,21.17,106.57,5.19,1.92,705.13,27.856788776685864
2010-02-28,0.32,262.21,7.32,0.19,621.11,17.742121423246356
2010-03-01,4.13,197.05,8.72,1.63,687.17,12.253670777363602
2010-03-02,4.45,147.03,6.21,1.5,681.71,10.844249916638425
2010-03-03,0.0,303.66,7.93,-0.82,576.93,9.617224696712977
2010-03-04,2.43,249.8,6.84,-1.48,551.03,8.406780898678413
2010-03-05,0.0,312.11,9.04,-0.16,603.1,7.544546960352421
2010-03-06,0.0,339.71,11.47,-0.32,600.0,6.9476157722805825
2010-03-07,4.01,234.55,7.16,-2.1,525.09,6.5330802250084705
2010-03-08,4.45,191.37,0.52,-5.57,405.01,6.085381833954591
2010-03-09,7.16,241.65,0.91,-6.91,362.89,5.637683442900711
2010-03-10,8.52,226.51,3.48,-3.54,474.78,5.372380692646559
2010-03-11,33.79,151.04,2.6,-1.62,545.69,5.405543536428328
2010-03-12,33.66,188.37,3.16,-2.23,522.12,6.052218990172822
2010-03-13,9.95,248.02,4.19,-3.69,469.88,5.753753396136902
2010-03-14,3.92,249.5,4.51,-3.12,485.26,5.372380692646559
2010-03-15,7.83,259.2,11.21,1.93,701.97,5.621102021009826
2010-03-16,16.14,231.17,7.89,0.42,633.45,7.328988475770925
2010-03-17,5.5,268.9,5.96,-3.43,478.17,8.738409336496101
2010-03-18,0.0,402.48,7.54,-4.81,431.18,7.179755678752963
2010-03-19,0.0,408.47,11.54,-2.28,518.7,6.41701027177228
2010-03-20,2.52,338.14,12.97,0.51,640.0,6.1185446777363595
2010-03-21,12.45,196.09,7.06,0.85,649.61,8.32387378922399
2010-03-22,5.8,264.89,7.42,-1.73,541.37,8.02540819518807
2010-03-23,0.0,380.37,9.56,-1.06,565.9,6.98077861606235
2010-03-24,0.0,386.42,13.35,2.09,720.0,6.566243068790239
2010-03-25,14.3,205.88,7.56,1.24,670.92,7.660616913588613
2010-03-26,7.15,234.86,6.44,-0.96,572.73,8.14147814842426
2010-03-27,1.47,355.39,9.79,-0.74,582.19,6.98077861606235
2010-03-28,31.81,156.51,6.04,1.42,680.0,9.385084790240596
2010-03-29,46.07,186.89,4.21,-1.32,558.64,16.74723610979329
2010-03-30,19.13,234.82,4.58,-2.64,506.47,12.20392651169095
2010-03-31,5.26,263.32,4.53,-3.87,464.84,9.302177680786173
2010-04-01,9.94,247.58,4.38,-3.28,483.03,7.843012554388341
2010-04-02,36.88,116.35,1.57,-1.64,545.27,7.859593976279226
2010-04-03,23.35,219.83,3.0,-3.25,481.68,8.05857103896984
2010-04-04,15.81,135.1,2.33,-1.31,555.99,7.90933824195188
2010-04-05,12.5,206.9,3.88,-1.71,542.66,8.091733882751608
2010-04-06,28.22,243.64,5.06,-1.67,544.44,7.279244210098271
2010-04-07,13.12,168.4,4.39,0.04,613.81,6.8647086628261595
2010-04-08,11.12,250.95,3.44,-3.36,480.17,7.6440354916977284
2010-04-09,5.08,317.62,4.45,-4.96,426.9,6.582824490681124
2010-04-10,0.0,467.58,6.46,-5.31,414.91,5.820079083700439
2010-04-11,0.0,416.65,9.6,0.18,621.13,5.322636426973906
2010-04-12,2.65,268.94,7.38,1.19,669.52,5.355799270755675
2010-04-13,3.25,266.06,7.12,0.35,631.15,5.820079083700439
2010-04-14,0.0,440.71,9.1,-1.69,542.64,6.151707521518128
2010-04-15,0.0,290.5,8.58,2.7,737.84,6.300940318536089
2010-04-16,0.0,426.68,13.13,2.85,747.65,6.682313022026431
2010-04-17,19.79,205.07,7.95,2.64,741.94,13.032997606235172
2010-04-18,0.0,432.83,13.07,3.1,767.16,18.073749861064044
2010-04-19,13.96,322.56,13.87,3.91,812.13,15.752350796340222
2010-04-20,8.88,196.22,8.44,3.6,793.49,19.4002636123348
2010-04-21,1.37,341.15,8.74,1.37,676.16,14.989605389359538
2010-04-22,1.14,447.86,10.41,0.42,629.36,11.955205183327683
2010-04-23,3.46,370.63,10.09,-1.36,555.36,10.595528588275158
2010-04-24,12.34,284.6,6.88,-0.48,592.46,9.4845733215859
2010-04-25,0.0,469.44,9.73,-1.13,564.78,8.47310658624195
2010-04-26,37.85,271.4,9.78,2.77,748.36,12.071275136563875
2010-04-27,22.38,274.94,7.58,0.61,641.49,33.16284378176889
2010-04-28,5.6,306.11,7.62,-0.58,588.98,18.73700673669942
2010-04-29,3.5,331.09,8.31,-1.15,564.93,13.09932329379871
2010-04-30,3.97,323.45,8.85,-0.2,604.33,10.811087072856656
2010-05-01,2.78,360.65,9.58,1.15,665.75,9.799620337512707
2010-05-02,24.32,239.12,6.4,0.53,638.9,9.235851993222635
2010-05-03,26.83,268.76,5.0,-1.73,543.69,14.210278560487968
2010-05-04,9.55,318.9,5.16,-3.52,475.55,10.379970103693662
2010-05-05,0.0,457.25,5.71,-4.13,453.32,8.804735024059639
2010-05-06,1.22,440.91,8.63,-1.91,533.59,7.892756820060995
2010-05-07,0.0,489.44,11.33,-0.89,574.96,7.42847700711623
2010-05-08,0.0,481.92,12.18,0.23,621.76,7.13001141308031
2010-05-09,1.69,424.07,12.9,0.3,624.76,7.030522881735004
2010-05-10,8.01,266.64,9.21,2.0,706.45,7.5611283822433055
2010-05-11,0.0,459.84,13.26,2.48,732.96,7.461639850897999
2010-05-12,0.0,397.53,12.09,3.63,795.55,8.2078038359878
2010-05-13,0.0,491.96,14.96,2.0,706.33,8.821316445950524
2010-05-14,0.0,460.57,15.96,4.62,851.54,10.230737306675701
2010-05-15,0.0,458.03,16.05,4.7,857.62,11.640158167400878
2010-05-16,0.0,438.08,16.56,6.01,934.01,11.955205183327683
2010-05-17,0.0,380.39,15.27,6.8,986.24,12.767694855981022
2010-05-18,12.72,242.58,11.11,4.43,843.85,14.127371451033547
2010-05-19,27.57,284.51,10.62,2.54,736.59,19.234449393425955
2010-05-20,24.16,232.12,7.27,1.06,662.14,21.22422002033209
2010-05-21,12.61,232.89,6.9,0.74,646.04,14.243441404269737
2010-05-22,6.42,312.21,9.05,0.15,621.93,11.474343948492034
2010-05-23,8.0,274.72,8.83,1.36,677.22,9.982015978312434
2010-05-24,0.02,434.3,9.55,0.03,613.26,9.086619196204675
2010-05-25,14.61,196.58,8.55,3.52,789.66,13.513858841070821
2010-05-26,12.47,229.84,9.33,3.4,782.42,16.581421890884446
2010-05-27,6.1,281.39,9.84,2.19,716.65,16.034234968485258
2010-05-28,11.55,143.77,7.41,3.93,813.86,14.59165126397831
2010-05-29,0.32,292.8,8.03,2.48,733.04,13.331463200271092
2010-05-30,11.27,337.64,10.82,1.7,691.63,11.855716651982377
2010-05-31,13.14,276.59,12.05,4.74,861.11,16.249793453066754
2010-06-01,10.75,213.27,9.31,4.02,819.11,15.188582452050149
2010-06-02,26.63,287.61,10.56,2.93,759.67,32.167958468315824
2010-06-03,7.48,318.42,9.8,1.01,660.26,22.71654799051169
2010-06-04,4.99,289.36,10.82,3.17,771.9,15.90158359335818
2010-06-05,0.0,489.92,13.55,2.0,709.09,13.513858841070821
2010-06-06,3.62,220.35,11.6,6.21,954.39,13.066160450016941
2010-06-07,1.64,363.41,12.92,4.9,870.58,13.364626044052862
2010-06-08,4.68,362.34,14.82,3.68,798.93,13.215393247034902
2010-06-09,11.33,303.83,12.46,4.46,845.63,14.989605389359538
2010-06-10,6.35,261.66,10.49,4.11,824.98,14.276604248051505
2010-06-11,1.51,342.61,12.23,5.1,881.16,12.53555494950864
2010-06-12,0.0,521.65,18.75,4.7,855.86,12.220507933581834
2010-06-13,0.0,488.21,15.69,4.55,848.51,14.226859982378853
2010-06-14,0.0,475.35,12.83,2.63,742.26,13.513858841070821
2010-06-15,0.0,417.08,9.8,1.89,703.94,11.540669636055572
2010-06-16,0.0,436.46,12.36,3.73,800.96,10.114667353439511
2010-06-17,0.0,352.88,11.03,4.68,857.8,9.63380611860386
2010-06-18,0.0,474.35,14.49,4.21,829.99,9.318759102677056
2010-06-19,6.89,243.75,12.28,6.42,967.95,10.081504509657742
2010-06-20,1.44,317.94,13.19,6.87,996.03,10.429714369366314
2010-06-21,0.0,403.34,13.76,6.01,937.6,10.612110010166045
2010-06-22,0.0,471.11,16.87,6.43,967.84,10.529202900711622
2010-06-23,0.0,462.57,19.49,9.05,1164.07,11.656739589291764
2010-06-24,0.0,421.74,17.08,8.32,1105.22,12.717950590308368
2010-06-25,0.0,443.16,17.41,7.81,1065.49,12.767694855981022
2010-06-26,0.0,438.7,16.68,7.28,1024.41,11.9386237614368
2010-06-27,0.0,377.07,14.93,7.41,1032.93,10.960319869874617
2010-06-28,0.0,416.98,14.21,5.53,909.93,10.877412760420194
2010-06-29,0.0,388.94,11.13,3.36,780.82,9.932271712639782
2010-06-30,0.0,456.69,11.99,2.0,708.19,8.406780898678413
2010-07-01,5.57,207.64,9.84,4.67,856.96,7.892756820060995
2010-07-02,3.9,298.46,12.18,5.48,905.45,7.876175398170111
2010-07-03,0.0,445.61,13.8,4.11,823.81,7.843012554388341
2010-07-04,0.0,408.76,13.84,5.36,897.16,7.594291226025074
2010-07-05,0.0,422.82,13.77,4.9,868.22,7.627454069806844
2010-07-06,0.0,522.27,20.89,5.09,880.12,7.511384116570653
2010-07-07,0.0,502.17,25.62,10.0,1239.76,8.9539678210776
2010-07-08,0.0,477.15,27.78,13.41,1542.17,10.595528588275158
2010-07-09,0.0,462.28,26.09,13.04,1488.49,11.789390964418839
2010-07-10,0.0,411.89,22.74,12.53,1442.35,11.872298073873262
2010-07-11,0.0,430.21,22.05,11.14,1330.91,11.673321011182647
2010-07-12,0.0,375.62,13.81,5.64,916.29,10.4462957912572
2010-07-13,0.0,453.05,15.67,4.67,856.14,8.158059570315146
2010-07-14,0.0,498.53,20.8,6.25,950.58,7.229499944425617
2010-07-15,0.0,440.07,21.13,9.81,1224.57,7.693779757370382
2010-07-16,0.0,403.79,18.23,8.6,1127.92,7.90933824195188
2010-07-17,0.0,406.4,18.0,8.21,1096.6,7.511384116570653
2010-07-18,0.0,396.52,17.79,8.36,1108.56,7.378732741443577
2010-07-19,0.0,413.41,18.57,8.34,1106.8,7.13001141308031
2010-07-20,0.0,401.95,19.62,9.59,1207.02,6.964197194171466
2010-07-21,0.0,448.05,22.41,9.89,1231.1,7.080267147407658
2010-07-22,0.0,375.27,17.98,8.88,1150.14,7.1465928349711945
2010-07-23,0.0,463.14,21.32,8.04,1083.55,6.599405912572008
2010-07-24,0.0,459.95,24.03,10.19,1255.2,6.41701027177228
2010-07-25,0.0,441.63,23.86,10.89,1311.14,6.615987334462893
2010-07-26,0.0,424.14,23.54,11.44,1355.13,6.4501731155540485
2010-07-27,0.0,380.22,22.15,11.96,1397.15,6.23461463097255
2010-07-28,0.0,385.47,22.22,11.78,1382.74,5.737171974246017
2010-07-29,0.0,393.87,20.86,10.14,1251.55,5.289473583192137
2010-07-30,0.0,396.55,20.74,9.89,1230.9,5.040752254828871
2010-07-31,0.0,337.64,18.62,9.92,1233.27,4.9246823015926795
2010-08-01,0.0,323.32,18.21,9.92,1233.75,4.659379551338528
2010-08-02,0.0,356.59,19.43,9.96,1236.53,4.427239644866146
2010-08-03,0.0,331.75,18.76,10.09,1247.4,4.2614254259573014
2010-08-04,0.0,414.87,22.54,10.24,1259.19,4.1453554727211115
2010-08-05,0.0,371.39,22.85,12.44,1435.26,4.2282625821755335
2010-08-06,0.0,371.19,20.97,10.89,1310.93,4.195099738393764
2010-08-07,0.0,194.3,14.51,9.98,1238.64,3.88005272246696
2010-08-08,0.42,265.37,15.45,9.12,1169.42,3.5981685503219247
2010-08-09,0.0,240.44,14.34,8.84,1147.14,3.3826100657404266
2010-08-10,0.0,356.81,16.72,7.92,1073.9,3.167051581158929
2010-08-11,0.0,415.69,19.96,8.48,1118.18,3.0509816279227375
2010-08-12,0.0,374.88,20.55,10.66,1292.41,3.1504701592680444
2010-08-13,0.0,435.83,23.83,10.44,1274.9,3.13388873737716
2010-08-14,0.0,437.26,27.52,12.97,1476.64,3.034400206031853
2010-08-15,0.0,430.97,28.37,13.77,1579.31,2.9514930965774306
2010-08-16,0.0,416.8,27.66,14.09,1607.49,2.901748830904778
2010-08-17,0.0,396.52,25.32,13.21,1513.44,2.885167409013893
2010-08-18,0.0,351.86,20.71,11.06,1324.68,2.7359346119959334
2010-08-19,0.0,373.65,17.34,7.11,1010.74,2.5369575493053196
2010-08-20,0.0,399.23,16.44,5.16,886.6,2.4043061741782443
2010-08-21,0.0,362.75,15.66,5.84,925.6,2.2716547990511686
2010-08-22,0.0,336.09,14.61,5.88,929.63,2.1721662677058617
2010-08-23,0.0,437.53,18.72,5.0,842.96,2.0395148925787865
2010-08-24,0.0,440.9,25.13,9.9,1087.37,2.0063520487970177
2010-08-25,0.0,417.49,25.15,11.46,1188.06,2.0726777363605557
2010-08-26,0.0,359.48,16.9,6.91,963.78,2.056096314469671
2010-08-27,0.0,310.51,13.2,5.1,872.63,1.9566077831243642
2010-08-28,0.0,397.97,15.48,3.84,734.22,1.8902820955608264
2010-08-29,0.0,309.38,13.57,5.46,879.77,1.7907935642155197
2010-08-30,0.0,335.54,14.02,5.0,786.68,1.7078864547610977
2010-08-31,26.42,160.79,12.14,6.74,987.66,1.9731892050152489
2010-09-01,5.57,253.15,14.47,6.83,938.92,2.2716547990511686
2010-09-02,0.0,420.25,20.62,6.93,692.59,1.757630720433751
2010-09-03,0.0,397.97,22.11,9.58,809.66,1.6581421890884442
2010-09-04,0.0,338.26,15.05,5.6,739.94,1.608397923415791
2010-09-05,0.0,306.55,12.92,4.65,727.41,1.5254908139613688
2010-09-06,7.11,168.47,11.56,5.68,913.68,1.5089093920704844
2010-09-07,6.6,128.98,10.87,6.42,968.16,1.6249793453066754
2010-09-08,1.51,211.57,12.91,7.03,947.86,1.5752350796340222
2010-09-09,0.0,252.34,13.1,6.41,846.95,1.4923279701796
2010-09-10,0.0,198.03,11.17,6.04,894.0,1.426002282616062
2010-09-11,0.0,307.47,12.76,4.34,662.46,1.3762580169434087
2010-09-12,3.54,187.47,14.04,8.25,1021.45,1.3596765950525243
2010-09-13,0.0,311.77,17.07,8.45,853.77,1.4094208607251777
2010-09-14,0.0,333.13,17.83,8.39,812.81,1.3430951731616398
2010-09-15,6.21,190.95,15.42,8.72,1074.87,1.3430951731616398
2010-09-16,11.05,133.77,13.09,8.68,1133.92,1.7742121423246355
2010-09-17,13.51,131.36,14.45,10.08,1246.61,2.255073377160284
2010-09-18,17.94,191.82,16.47,9.78,1217.3,4.095611207048457
2010-09-19,19.94,143.42,13.14,8.47,1119.11,10.545784322602506
2010-09-20,9.84,191.53,11.31,4.92,874.28,7.3953141633344615
2010-09-21,0.0,309.55,11.85,3.53,789.62,4.012704097594035
2010-09-22,0.0,325.35,12.74,3.76,802.13,2.785678877668586
2010-09-23,20.24,173.74,9.81,4.21,830.85,2.852004565232124
2010-09-24,8.55,205.42,12.68,5.79,923.46,4.642798129447645
2010-09-25,11.69,224.64,16.68,8.41,1113.02,2.9680745184683155
2010-09-26,24.63,157.06,15.21,10.06,1244.85,6.615987334462893
2010-09-27,13.87,169.29,16.14,10.54,1283.53,6.068800412063706
2010-09-28,6.95,215.63,15.84,8.1,1089.67,5.438706380210097
2010-09-29,0.0,349.94,17.07,5.4,900.45,3.813727034903422
2010-09-30,0.0,343.5,20.53,8.25,1099.93,3.100725893595391
2010-10-01,0.0,307.16,18.52,8.97,1157.98,2.702771768214164
2010-10-02,0.0,283.48,16.53,8.38,1110.57,2.4540504398508975
2010-10-03,0.0,231.5,11.95,6.02,939.12,2.288236220942053
2010-10-04,0.01,282.12,10.77,2.91,755.25,2.139003423924093
2010-10-05,0.0,337.28,13.71,1.84,697.75,2.022933470687902
2010-10-06,0.0,328.56,18.68,6.13,937.25,1.9234449393425954
2010-10-07,0.15,263.55,13.63,5.64,916.06,1.8405378298881734
2010-10-08,17.32,117.34,10.91,6.7,984.12,1.94002636123348
2010-10-09,61.72,100.67,12.09,8.5,1120.15,16.581421890884446
2010-10-10,27.3,209.24,12.26,3.17,772.04,25.701203930870886
2010-10-11,3.43,199.48,8.8,1.16,664.92,8.423362320569298
2010-10-12,0.0,279.86,13.15,3.58,790.84,5.836660505591324
2010-10-13,0.0,302.27,18.61,5.91,925.73,4.5598910199932225
2010-10-14,0.0,288.36,12.32,1.6,685.89,3.863471300576075
2010-10-15,0.0,245.77,7.82,-0.25,599.41,3.4157729095221954
2010-10-16,0.0,260.17,9.18,-0.08,608.05,3.117307315486275
2010-10-17,0.0,268.83,10.41,0.15,614.19,2.885167409013893
2010-10-18,0.0,237.72,12.17,3.47,793.25,2.702771768214164
2010-10-19,0.0,260.41,14.97,4.17,814.62,2.5535389711962044
2010-10-20,0.0,256.04,17.31,6.18,939.96,2.437469017960013
2010-10-21,7.1,161.06,12.91,4.62,849.78,2.371143330396475
2010-10-22,10.86,93.21,8.17,3.89,810.61,3.7805641911216528
2010-10-23,47.69,74.98,7.24,3.85,808.58,11.9386237614368
2010-10-24,47.37,75.27,6.28,2.88,755.93,42.94588269739071
2010-10-25,54.85,67.8,5.08,2.08,712.51,43.940768010843776
2010-10-26,22.58,94.03,6.28,1.96,704.46,28.354231433412398
2010-10-27,5.08,105.35,6.52,1.53,682.86,16.183467765503217
2010-10-28,9.91,58.65,6.22,3.55,791.03,15.33781524906811
2010-10-29,6.5,116.88,8.06,2.63,742.22,15.42072235852253
2010-10-30,14.83,120.75,7.64,1.73,695.82,12.734532012199253
2010-10-31,12.99,102.45,5.64,0.87,652.17,19.897706269061334
2010-11-01,58.15,78.65,7.89,4.24,830.24,40.12704097594035
2010-11-02,19.98,159.63,10.57,3.06,762.69,24.872132836326667
2010-11-03,0.0,199.97,16.07,7.13,1010.06,15.122256764486611
2010-11-04,0.0,198.29,15.03,6.18,938.23,11.90546091765503
2010-11-05,0.0,144.06,9.96,4.59,850.5,10.297062994239239
2010-11-06,18.9,74.6,7.51,3.95,813.83,11.374855417146728
2010-11-07,8.53,91.59,5.66,1.2,668.01,17.9079356421552
2010-11-08,4.07,105.39,4.66,-0.74,581.95,11.225622620128767
2010-11-09,10.96,59.21,2.21,-0.62,586.33,10.330225838021008
2010-11-10,0.0,159.51,5.37,-0.85,576.39,9.318759102677056
2010-11-11,7.07,110.48,4.53,-1.18,562.27,9.020293508641137
2010-11-12,4.33,139.32,5.69,-2.4,515.71,8.539432273805488
2010-11-13,5.88,119.37,7.34,0.91,651.91,7.8098497106065725
2010-11-14,1.77,123.3,10.63,5.3,893.93,8.721827914605218
2010-11-15,12.98,106.31,8.94,3.35,780.76,9.600643274822092
2010-11-16,4.37,89.82,5.97,1.49,684.35,11.076389823110809
2010-11-17,26.38,97.96,3.58,-1.35,556.22,10.645272853947812
2010-11-18,17.3,104.1,1.95,-3.31,478.79,9.7001318061674
2010-11-19,15.45,78.99,1.07,-2.69,505.5,8.672083648932563
2010-11-20,10.09,117.77,0.63,-5.16,419.34,8.041989617078956
2010-11-21,4.88,122.06,-0.84,-6.72,370.32,7.295825631989155
2010-11-22,10.34,152.05,-3.88,-12.48,237.08,6.599405912572008
2010-11-23,0.0,196.99,-7.31,-15.46,185.54,5.869823349373093
2010-11-24,8.14,154.84,-3.49,-12.93,226.99,5.471869223991867
2010-11-25,10.57,103.01,1.03,-4.02,443.86,5.1734036299559465
2010-11-26,22.44,88.48,1.56,-2.73,500.81,5.770334818027786
2010-11-27,11.33,119.3,1.74,-4.7,433.1,5.48845064588275
2010-11-28,1.4,151.98,1.39,-4.95,426.29,4.941263723483564
2010-11-29,21.98,98.99,1.54,-3.59,470.85,4.692542395120298
2010-11-30,46.96,75.11,3.15,-0.64,587.04,6.26777747475432
2010-12-01,0.0,108.72,1.39,-2.86,498.03,6.748638709589969
2010-12-02,0.0,121.53,1.5,-3.36,477.49,5.720590552355134
2010-12-03,0.0,154.18,2.69,-4.08,453.64,5.057333676719756
2010-12-04,0.0,167.32,3.62,-4.39,443.27,4.5930538637749905
2010-12-05,0.0,135.8,6.8,0.6,640.0,4.278006847848186
2010-12-06,5.4,83.05,5.81,1.48,678.36,4.360913957302609
2010-12-07,43.12,49.67,5.34,2.62,740.6,23.54561908505591
2010-12-08,37.09,39.06,4.36,2.23,718.09,51.73403629955946
2010-12-09,23.69,48.0,3.91,1.18,665.93,38.137270349034225
2010-12-10,25.74,89.86,4.7,-0.81,579.41,18.902820955608266
2010-12-11,64.86,107.26,6.49,-0.85,577.49,16.46535193764825
2010-12-12,115.2,75.52,8.01,3.39,781.76,98.32783181294475
2010-12-13,17.22,58.63,5.31,1.88,701.32,42.28262582175533
2010-12-14,21.29,84.03,3.15,-1.93,533.21,32.167958468315824
2010-12-15,10.94,53.4,0.51,-2.52,510.13,21.887476895967467
2010-12-16,7.4,77.27,1.59,-2.99,493.19,17.078864547610976
2010-12-17,7.47,92.57,2.31,-3.65,468.12,14.276604248051505
2010-12-18,13.62,80.11,2.28,-2.64,505.03,12.817439121653676
2010-12-19,15.3,76.21,1.85,-2.73,505.07,11.789390964418839
2010-12-20,16.29,50.48,1.28,-1.64,545.92,11.092971245001692
2010-12-21,22.37,35.94,1.97,-0.02,610.41,12.220507933581834
2010-12-22,25.32,69.89,2.54,-1.48,550.54,13.464114575398167
2010-12-23,31.11,58.97,2.86,-0.43,592.49,13.679673059979665
2010-12-24,45.8,29.3,3.21,1.74,694.18,25.701203930870886
2010-12-25,51.39,56.09,4.13,1.13,665.24,41.619368946119955
2010-12-26,27.46,67.09,1.59,-2.03,529.64,24.374690179600133
2010-12-27,34.0,93.04,2.75,-2.63,508.09,17.742121423246356
2010-12-28,27.89,103.69,3.24,-2.91,496.33,14.608232685869194
2010-12-29,8.46,122.03,-1.04,-7.77,343.26,12.65162490274483
2010-12-30,0.0,146.68,-3.54,-9.78,291.03,11.01006413554727
2010-12-31,0.79,168.76,-0.56,-9.75,290.36,9.99859740020332
2011-01-01,0.0,142.64,2.43,-5.35,415.97,9.318759102677056
2011-01-02,0.0,144.15,3.44,-4.46,440.0,8.423362320569298
2011-01-03,0.0,146.06,4.31,-3.82,456.96,7.6440354916977284
2011-01-04,0.0,101.27,1.81,-2.87,494.73,7.047104303625888
2011-01-05,27.93,70.24,3.21,-1.01,563.26,7.494802694679769
2011-01-06,28.33,57.6,5.09,1.7,696.36,11.04322697932904
2011-01-07,16.67,103.13,4.38,-2.42,515.61,14.143952872924432
2011-01-08,6.89,108.98,1.74,-4.43,441.62,12.767694855981022
2011-01-09,3.14,100.02,-1.72,-7.09,360.45,10.612110010166045
2011-01-10,0.01,137.94,-2.09,-7.73,345.34,9.385084790240596
2011-01-11,8.2,110.64,-0.13,-6.25,387.14,8.423362320569298
2011-01-12,37.95,91.1,3.66,-1.26,558.85,9.766457493730936
2011-01-13,56.09,75.45,5.87,1.79,696.59,21.22422002033209
2011-01-14,33.39,77.66,7.37,3.25,773.55,31.83633003049813
2011-01-15,30.58,94.52,8.67,3.3,777.35,25.203761274144355
2011-01-16,55.26,86.99,9.02,4.16,827.75,45.59891019993222
2011-01-17,11.88,107.77,5.97,-0.27,602.05,42.11681160284649
2011-01-18,4.21,78.96,1.23,-2.91,495.62,24.374690179600133
2011-01-19,0.0,166.77,3.04,-4.44,442.06,17.742121423246356
2011-01-20,9.35,124.35,5.29,-2.12,526.55,14.492162732633004
2011-01-21,11.35,117.17,7.29,0.55,631.64,14.276604248051505
2011-01-22,0.0,172.58,7.9,0.17,616.73,13.381207465943746
2011-01-23,5.5,107.67,6.89,1.18,665.5,12.220507933581834
2011-01-24,8.81,81.97,6.3,2.28,721.31,12.784276277871905
2011-01-25,0.0,157.95,7.91,1.67,688.61,13.049579028126056
2011-01-26,0.0,179.72,11.09,3.25,778.11,11.75622812063707
2011-01-27,0.0,184.89,10.99,2.95,756.58,11.209041198237884
2011-01-28,19.83,114.48,6.52,0.8,641.08,12.253670777363602
2011-01-29,8.91,50.63,4.37,2.17,715.4,14.044464341579122
2011-01-30,3.37,116.56,4.62,-0.82,579.47,12.386322152490678
2011-01-31,0.0,174.33,4.08,-2.19,522.71,10.844249916638425
2011-02-01,0.0,218.76,6.28,-3.33,476.76,9.716713228058284
2011-02-02,0.0,218.16,9.28,-0.27,598.63,8.788153602168755
2011-02-03,12.2,108.62,7.32,2.46,728.01,8.9539678210776
2011-02-04,11.89,114.31,6.79,1.73,692.6,12.35315930870891
2011-02-05,6.01,92.33,4.99,1.11,663.3,12.071275136563875
2011-02-06,7.34,111.83,6.2,1.47,681.21,10.678435697729581
2011-02-07,6.41,139.2,4.18,-1.91,534.9,10.910575604201965
2011-02-08,5.71,143.89,2.54,-3.84,463.0,9.666968962385631
2011-02-09,0.0,241.52,4.27,-5.1,420.79,8.539432273805488
2011-02-10,0.0,240.37,7.08,-2.2,520.0,7.57770980413419
2011-02-11,0.0,200.98,6.61,0.0,600.0,6.897871506607928
2011-02-12,29.27,140.62,4.76,-1.16,562.12,9.617224696712977
2011-02-13,19.88,135.69,4.29,-1.26,559.78,11.34169257336496
2011-02-14,39.62,104.51,3.36,-0.64,586.46,19.566077831243643
2011-02-15,30.12,98.4,1.38,-2.28,516.59,16.481933359539138
2011-02-16,25.97,141.02,1.73,-3.63,470.3,12.004949449000337
2011-02-17,13.74,200.93,1.72,-5.91,395.36,9.832783181294475
2011-02-18,7.67,132.72,-0.01,-4.56,437.05,8.522850851914603
2011-02-19,7.83,227.67,2.36,-7.4,353.74,7.279244210098271
2011-02-20,0.0,325.14,3.12,-8.32,325.59,6.3672660060996265
2011-02-21,0.0,297.29,2.81,-5.93,394.01,5.803497661809556
2011-02-22,6.56,209.03,2.03,-5.63,404.15,5.339217848864791
2011-02-23,16.08,218.14,0.27,-7.66,345.82,4.9246823015926795
2011-02-24,6.08,194.5,-3.55,-9.79,292.8,4.5598910199932225
2011-02-25,0.0,353.59,-1.88,-12.91,229.33,4.211681160284649
2011-02-26,0.0,340.21,-1.71,-11.29,261.06,4.012704097594035
2011-02-27,32.28,117.25,-0.25,-3.7,461.61,3.9961226757031505
2011-02-28,26.61,144.24,-0.31,-4.51,438.39,3.896634144357844
2011-03-01,12.16,204.22,1.74,-4.63,435.05,3.6644942378854624
2011-03-02,43.13,195.47,2.66,-3.36,478.59,5.1734036299559465
2011-03-03,23.38,247.45,2.55,-5.66,403.14,4.792030926465604
2011-03-04,25.94,258.38,2.35,-6.12,390.44,4.443821066757031
2011-03-05,22.86,250.13,3.9,-4.06,456.32,4.858356614029142
2011-03-06,0.0,362.32,3.04,-6.02,392.01,4.377495379193493
2011-03-07,0.0,349.36,3.41,-4.97,425.43,3.9463784100304977
2011-03-08,16.79,242.14,5.86,-1.63,546.82,3.813727034903422
2011-03-09,57.67,152.98,5.11,0.76,643.82,10.678435697729581
2011-03-10,44.73,193.1,4.11,-1.26,561.46,19.897706269061334
2011-03-11,25.9,192.15,2.9,-2.32,520.07,14.309767091833274
2011-03-12,29.85,170.13,3.93,-0.5,591.13,11.971786605218567
2011-03-13,69.66,151.42,4.26,0.37,629.11,22.550733771602843
2011-03-14,44.96,155.65,4.52,0.57,639.83,28.851674090138932
2011-03-15,55.33,136.1,3.89,0.49,637.31,25.701203930870886
2011-03-16,21.76,263.65,5.4,-2.06,528.16,20.8925915825144
2011-03-17,3.2,312.44,3.16,-3.76,468.05,14.210278560487968
2011-03-18,12.88,176.16,3.2,-1.27,557.5,11.606995323619111
2011-03-19,6.28,320.37,6.14,-2.49,511.02,10.114667353439511
2011-03-20,8.27,304.68,6.62,-3.0,490.79,8.83789786784141
2011-03-21,12.49,270.03,5.69,-1.74,541.58,7.826431132497457
2011-03-22,2.84,311.0,4.44,-3.09,488.81,7.030522881735004
2011-03-23,14.23,324.25,8.5,-2.08,525.36,6.317521740426972
2011-03-24,6.43,288.76,8.53,0.21,621.31,6.433591693663164
2011-03-25,13.12,267.48,6.62,-0.42,593.34,6.8647086628261595
2011-03-26,5.63,266.1,5.83,-0.49,590.73,7.1134299911894265
2011-03-27,9.18,252.13,4.79,-1.36,556.11,7.163174256862079
2011-03-28,12.65,277.46,5.1,-1.84,536.52,6.6988944439173155
2011-03-29,20.06,198.91,5.15,0.58,637.87,7.047104303625888
2011-03-30,21.06,167.35,6.81,3.02,759.54,11.922042339545914
2011-03-31,24.6,234.77,8.28,2.78,751.21,22.550733771602843
2011-04-01,27.0,167.75,4.65,0.95,656.19,18.902820955608266
2011-04-02,15.89,301.99,5.76,-1.84,537.31,15.868420749576412
2011-04-03,8.81,312.5,3.65,-3.15,487.23,12.286833621145373
2011-04-04,15.39,228.21,4.23,-0.74,582.67,10.77792422907489
2011-04-05,15.16,291.97,4.66,-2.13,524.7,10.180993041003047
2011-04-06,10.76,359.38,5.45,-4.84,430.15,9.36850336834971
2011-04-07,0.0,502.87,5.38,-6.14,390.02,8.075152460860723
2011-04-08,0.0,518.51,9.63,-4.39,442.46,7.063685725516773
2011-04-09,1.47,445.52,8.4,-0.71,583.29,6.566243068790239
2011-04-10,17.15,219.89,5.36,0.46,635.71,7.892756820060995
2011-04-11,12.41,328.58,5.32,-3.15,487.07,12.270252199254488
2011-04-12,3.19,375.62,6.72,-4.51,439.85,9.81620175940359
2011-04-13,10.38,294.23,4.99,-2.25,520.19,8.439943742460182
2011-04-14,24.31,270.86,2.34,-4.03,457.41,7.6440354916977284
2011-04-15,14.29,352.12,5.08,-4.18,451.59,6.6988944439173155
2011-04-16,9.55,341.91,6.3,-2.9,497.47,6.549661646899355
2011-04-17,0.0,511.07,6.02,-5.82,398.8,6.251196052863435
2011-04-18,0.0,518.73,6.09,-6.23,387.68,5.786916239918671
2011-04-19,13.42,386.48,6.52,-5.49,408.33,5.372380692646559
2011-04-20,1.59,474.91,5.84,-4.62,436.31,5.024170832937986
2011-04-21,17.7,379.11,6.82,-4.64,435.81,4.709123817011182
2011-04-22,0.0,540.63,9.67,-4.14,453.04,4.4769839105388
2011-04-23,0.0,538.83,13.02,-1.31,557.44,4.493565332429684
2011-04-24,7.98,283.74,8.22,1.46,679.41,4.891519457810911
2011-04-25,11.94,213.23,5.91,0.85,650.37,5.919567615045746
2011-04-26,7.58,331.36,8.25,-0.67,584.79,6.1185446777363595
2011-04-27,25.99,239.41,3.54,-2.23,522.13,6.483335959335817
2011-04-28,26.48,299.23,4.41,-3.14,486.86,6.3672660060996265
2011-04-29,0.0,537.93,8.56,-4.66,435.42,5.820079083700439
2011-04-30,3.31,389.01,8.69,-2.99,493.0,5.438706380210097
2011-05-01,0.0,540.4,12.45,-1.84,536.39,5.355799270755675
2011-05-02,10.94,268.79,7.5,0.4,632.84,6.350684584208742
2011-05-03,1.21,398.56,8.5,0.02,612.82,6.665731600135546
2011-05-04,0.0,538.19,13.37,-1.02,568.55,6.682313022026431
2011-05-05,1.7,332.54,8.91,2.19,716.87,7.826431132497457
2011-05-06,6.43,171.36,6.49,2.14,714.49,8.970549242968485
2011-05-07,12.05,252.76,7.74,1.25,670.86,9.451410477804133
2011-05-08,2.36,384.87,8.33,-0.15,607.52,9.152944883768212
2011-05-09,0.0,479.08,11.38,0.89,651.86,8.589176539478142
2011-05-10,0.0,477.09,13.72,2.99,761.93,9.385084790240596
2011-05-11,14.41,297.89,7.53,-0.42,597.19,11.374855417146728
2011-05-12,9.81,330.2,7.45,-1.67,544.51,11.805972386309723
2011-05-13,0.0,525.21,12.68,-0.25,599.04,10.230737306675701
2011-05-14,20.35,342.82,13.67,3.3,777.25,10.545784322602506
2011-05-15,25.33,175.37,7.11,2.7,745.35,19.897706269061334
2011-05-16,6.64,295.81,7.51,1.09,662.86,18.073749861064044
2011-05-17,0.0,527.37,11.17,-1.7,543.6,14.061045763470007
2011-05-18,0.0,530.68,13.58,0.15,616.66,12.303415043036257
2011-05-19,0.0,518.48,14.59,1.7,692.18,12.253670777363602
2011-05-20,0.0,504.16,14.91,2.77,748.11,13.265137512707554
2011-05-21,3.54,209.59,8.87,3.47,785.94,14.790628326668923
2011-05-22,0.2,342.35,8.82,2.23,718.93,13.745998747543203
2011-05-23,1.8,337.82,9.32,1.77,694.07,12.618462058963061
2011-05-24,0.0,436.52,11.19,2.33,724.42,11.955205183327683
2011-05-25,10.31,256.51,8.6,2.17,717.76,12.50239210572687
2011-05-26,7.91,313.71,8.79,0.52,637.87,13.9615572321247
2011-05-27,12.45,266.91,8.15,1.44,682.21,14.110790029142663
2011-05-28,2.04,377.01,9.54,0.2,625.08,12.585299215181292
2011-05-29,0.0,460.0,12.16,2.49,733.34,11.623576745509995
2011-05-30,2.78,306.9,10.38,3.05,764.29,12.121019402236529
2011-05-31,4.33,304.78,9.85,2.01,707.06,12.20392651169095
2011-06-01,3.2,296.31,10.48,3.0,762.93,12.170763667909181
2011-06-02,3.38,305.52,9.3,3.03,764.19,12.021530870891223
2011-06-03,0.0,498.43,14.61,3.67,796.27,12.336577886818025
2011-06-04,0.0,539.69,20.14,5.45,905.11,14.492162732633004
2011-06-05,0.0,510.66,19.69,6.78,982.96,19.068635174517112
2011-06-06,0.0,452.24,17.44,7.44,1036.91,21.887476895967467
2011-06-07,0.0,340.66,11.43,4.86,868.38,21.22422002033209
2011-06-08,0.0,442.19,14.05,4.73,858.07,17.078864547610976
2011-06-09,0.0,416.17,14.74,6.24,954.11,16.581421890884446
2011-06-10,0.0,385.7,12.5,4.92,872.05,17.244678766519822
2011-06-11,0.0,418.3,12.46,3.95,814.3,16.2000491873941
2011-06-12,0.0,467.14,13.11,3.12,767.67,15.006186811250421
2011-06-13,2.75,334.08,12.55,4.27,834.82,15.437303780413416
2011-06-14,0.83,369.72,10.62,3.57,793.75,15.536792311758724
2011-06-15,0.0,439.06,11.47,2.42,729.42,13.928394388342932
2011-06-16,0.0,495.55,13.22,2.01,707.03,13.231974668925787
2011-06-17,0.0,509.82,15.63,3.47,785.1,13.69625448187055
2011-06-18,2.94,275.36,12.31,5.95,936.26,15.437303780413416
2011-06-19,0.0,404.9,13.54,5.67,917.51,15.652862264994914
2011-06-20,0.0,464.57,14.79,4.87,868.39,15.387559514740763
2011-06-21,0.0,482.05,17.99,6.84,992.07,16.38244482819383
2011-06-22,0.0,485.69,16.84,5.54,911.13,19.068635174517112
2011-06-23,0.0,402.67,11.77,3.69,799.46,17.9079356421552
2011-06-24,0.0,426.48,12.24,3.37,781.28,14.624814107760077
2011-06-25,0.0,468.3,12.98,2.57,737.26,13.497277419179937
2011-06-26,0.0,500.1,15.85,3.61,793.34,12.966671918671635
2011-06-27,2.75,301.61,15.01,7.56,1048.53,14.210278560487968
2011-06-28,2.99,311.98,15.64,8.36,1110.1,16.913050328702134
2011-06-29,0.0,356.1,12.47,5.43,905.76,17.244678766519822
2011-06-30,0.0,347.9,11.02,4.22,831.07,15.603117999322262
2011-07-01,0.0,522.59,16.8,2.86,753.48,13.712835903761434
2011-07-02,0.0,499.44,19.79,6.56,965.63,14.558488420196541
2011-07-03,0.0,431.56,15.6,5.83,926.13,16.11714207793968
2011-07-04,0.0,509.61,18.17,4.6,849.6,15.304652405286342
2011-07-05,0.0,505.96,21.47,7.42,1033.27,15.918165015249064
2011-07-06,0.0,482.54,22.31,9.38,1190.24,18.23956407997289
2011-07-07,0.0,432.11,15.07,5.13,889.75,19.068635174517112
2011-07-08,0.0,419.9,13.25,3.8,805.49,15.752350796340222
2011-07-09,0.0,487.95,16.03,3.39,782.81,13.397788887834631
2011-07-10,0.0,431.45,17.22,6.86,993.79,12.850601965435443
2011-07-11,0.0,375.54,15.77,7.32,1029.89,13.082741871907826
2011-07-12,7.58,236.61,14.11,7.33,1031.32,13.032997606235172
2011-07-13,6.15,241.75,13.4,6.55,980.99,12.386322152490678
2011-07-14,4.83,159.39,11.54,7.25,1026.92,12.004949449000337
2011-07-15,6.53,179.27,12.29,7.48,1043.46,12.038112292782106
2011-07-16,12.78,235.12,14.43,7.94,1078.16,14.492162732633004
2011-07-17,8.09,234.93,13.4,7.03,1008.93,13.944975810233817
2011-07-18,0.0,419.78,15.72,6.22,953.16,12.436066418163334
2011-07-19,0.0,378.64,15.5,7.31,1029.37,12.004949449000337
2011-07-20,0.0,337.54,15.09,8.03,1085.12,11.673321011182647
2011-07-21,0.0,392.21,14.35,5.92,934.93,11.557251057946456
2011-07-22,0.0,465.55,15.47,4.26,832.31,10.993482713656386
2011-07-23,0.0,495.41,20.01,6.2,943.04,10.56236574449339
2011-07-24,0.0,482.6,23.81,9.81,1222.64,11.573832479837343
2011-07-25,0.0,405.25,18.1,8.6,1127.64,12.485810683835986
2011-07-26,0.0,371.0,15.77,7.62,1052.48,11.391436839037612
2011-07-27,0.0,422.92,16.69,6.68,983.54,10.230737306675701
2011-07-28,0.0,481.19,20.62,7.11,987.22,10.114667353439511
2011-07-29,0.0,402.51,19.21,9.36,1187.59,10.56236574449339
2011-07-30,0.0,439.06,20.22,8.68,1118.92,10.578947166384275
2011-07-31,0.0,363.21,16.72,8.34,1106.95,10.728179963402233
2011-08-01,0.0,491.84,20.21,5.57,878.89,10.031760243985088
2011-08-02,0.0,386.68,18.81,9.37,1187.4,9.584061852931208
2011-08-03,0.0,375.23,19.1,10.11,1247.33,9.501154743476786
2011-08-04,0.0,419.57,20.05,9.45,1179.66,9.351921946458825
2011-08-05,0.0,390.46,19.2,9.87,1217.71,9.25243341511352
2011-08-06,0.0,359.61,18.0,9.77,1218.01,8.738409336496101
2011-08-07,0.0,410.95,18.33,8.3,1082.11,8.075152460860723
2011-08-08,0.0,385.83,18.3,9.21,1162.19,7.793268288715688
2011-08-09,0.0,395.34,16.95,7.62,1044.09,7.246081366316502
2011-08-10,0.0,436.42,17.84,6.69,940.59,6.566243068790239
2011-08-11,0.0,438.24,18.16,6.72,921.23,6.26777747475432
2011-08-12,0.0,429.76,19.03,7.69,986.3,6.085381833954591
2011-08-13,0.0,416.48,18.16,7.32,931.41,6.019056146391053
2011-08-14,0.0,284.13,14.17,7.61,1019.98,5.654264864791595
2011-08-15,0.0,388.66,16.47,6.62,828.09,5.189985051846831
2011-08-16,0.0,470.15,19.26,4.8,646.29,4.957845145374448
2011-08-17,0.0,439.51,20.16,7.31,789.53,4.858356614029142
2011-08-18,0.0,384.66,17.97,7.6,881.63,4.758868082683835
2011-08-19,0.0,446.05,20.42,6.68,753.49,4.609635285665875
2011-08-20,0.0,471.66,25.43,8.5,771.21,4.576472441884106
2011-08-21,0.0,412.69,24.44,11.61,1039.7,4.8417751921382575
2011-08-22,15.32,175.2,16.17,10.79,1292.63,5.206566473737715
2011-08-23,0.0,346.9,18.35,9.0,1058.55,5.306055005083023
2011-08-24,0.0,413.08,22.71,10.04,963.6,4.493565332429684
2011-08-25,0.0,382.85,22.41,11.11,1034.1,4.460402488647915
2011-08-26,0.0,400.83,23.56,11.29,927.94,4.2614254259573014
2011-08-27,0.0,383.99,22.87,11.42,953.16,4.062448363266689
2011-08-28,0.0,378.12,23.1,11.77,986.15,3.9961226757031505
2011-08-29,0.0,354.93,19.92,9.79,912.26,3.846889878685191
2011-08-30,0.0,311.96,15.14,6.7,811.91,3.5318428627583867
2011-08-31,0.0,315.56,14.54,6.07,760.85,3.216795846831582
2011-09-01,0.0,379.92,17.21,6.14,652.09,2.9514930965774306
2011-09-02,0.0,388.37,16.94,5.27,608.12,2.8188417214503554
2011-09-03,0.0,439.72,22.17,6.31,559.74,2.702771768214164
2011-09-04,0.0,409.35,23.67,9.57,722.81,2.619864658759742
2011-09-05,0.0,382.05,22.65,10.05,797.03,2.6530275025415113
2011-09-06,0.0,387.33,23.1,9.92,781.73,2.6364460806506265
2011-09-07,0.0,404.39,25.19,10.27,761.91,2.5535389711962044
2011-09-08,0.0,379.35,25.54,11.9,887.17,2.5369575493053196
2011-09-09,0.0,372.03,25.0,11.63,894.44,2.6032832368688577
2011-09-10,0.0,388.43,26.66,11.76,861.13,2.5535389711962044
2011-09-11,0.0,370.21,27.49,13.4,990.21,2.437469017960013
2011-09-12,0.0,263.12,21.71,13.11,1223.94,2.4208875960691287
2011-09-13,0.0,277.61,18.83,9.74,990.08,2.2716547990511686
2011-09-14,0.0,220.7,14.37,7.48,968.15,2.139003423924093
2011-09-15,0.0,229.84,12.31,5.25,830.99,2.022933470687902
2011-09-16,0.0,264.55,10.73,2.48,665.99,1.94002636123348
2011-09-17,0.0,231.72,12.71,5.58,837.96,1.8571192517790576
2011-09-18,12.47,154.94,13.89,7.53,1021.04,2.205329111487631
2011-09-19,0.0,281.83,14.11,5.24,813.83,2.022933470687902
2011-09-20,0.0,374.13,20.05,5.51,684.74,1.8405378298881734
2011-09-21,0.0,280.63,19.68,10.14,1085.34,1.724467876651982
2011-09-22,15.51,96.93,16.06,11.99,1399.37,2.487213283632667
2011-09-23,6.75,133.0,18.3,12.64,1459.83,3.0509816279227375
2011-09-24,0.0,262.74,19.32,10.53,1241.77,2.4208875960691287
2011-09-25,28.58,173.43,12.71,5.48,906.6,5.902986193154861
2011-09-26,68.09,127.75,10.52,5.45,904.81,21.887476895967467
2011-09-27,27.06,147.87,10.31,4.4,842.14,15.487048046086072
2011-09-28,0.0,308.41,12.67,2.1,711.88,7.411895585225346
2011-09-29,0.0,342.14,20.56,6.19,935.28,4.9246823015926795
2011-09-30,0.0,275.56,15.53,5.97,931.67,3.962959831921382
2011-10-01,0.0,192.06,11.11,5.07,880.11,3.448935753303964
2011-10-02,18.37,149.77,10.68,4.36,836.37,3.2333772687224664
2011-10-03,25.45,107.98,8.89,4.59,852.97,14.061045763470007
2011-10-04,29.85,81.15,6.71,3.62,794.6,15.022768233141306
2011-10-05,14.23,79.64,6.83,3.87,809.29,24.043061741782445
2011-10-06,0.0,242.1,11.06,3.67,797.1,12.087856558454758
2011-10-07,2.05,170.87,10.61,5.05,878.18,8.638920805150795
2011-10-08,0.0,229.48,11.75,4.95,871.93,6.732057287699083
2011-10-09,16.75,159.4,10.42,4.28,834.58,5.820079083700439
2011-10-10,29.38,135.19,9.61,4.63,854.36,6.201451787190782
2011-10-11,39.45,110.0,8.28,4.39,841.48,19.73189205015249
2011-10-12,10.09,164.25,8.37,2.18,715.54,14.608232685869194
2011-10-13,0.0,258.41,8.91,1.12,662.94,10.761342807184004
2011-10-14,0.0,236.12,9.87,2.88,753.15,8.390199476787528
2011-10-15,0.0,285.04,11.04,1.05,657.12,6.881290084717044
2011-10-16,0.0,264.38,10.86,2.0,719.09,5.9693118807184
2011-10-17,0.0,271.41,12.22,2.5,725.33,5.306055005083023
2011-10-18,0.0,282.49,17.62,5.63,915.72,4.8417751921382575
2011-10-19,0.0,236.59,12.99,4.81,864.88,4.493565332429684
2011-10-20,0.0,171.39,10.07,4.89,867.0,4.211681160284649
2011-10-21,16.36,125.01,9.66,4.64,854.46,4.510146754320568
2011-10-22,26.21,150.66,11.38,4.86,868.04,7.212918522534733
2011-10-23,2.47,187.54,8.39,1.91,704.37,6.101963255845475
2011-10-24,0.0,225.88,7.14,-0.68,585.59,4.725705238902067
2011-10-25,0.0,234.09,7.6,-0.95,572.65,4.195099738393764
2011-10-26,1.37,193.85,6.01,-1.02,569.81,3.896634144357844
2011-10-27,0.0,241.23,8.7,-0.93,572.86,3.6644942378854624
2011-10-28,24.46,146.33,8.69,1.75,692.34,5.140240786174178
2011-10-29,8.97,151.58,8.19,0.87,649.43,4.908100879701795
2011-10-30,10.1,174.39,10.14,0.39,629.52,4.957845145374448
2011-10-31,0.36,180.51,5.66,-1.0,568.88,4.5598910199932225
2011-11-01,0.0,221.9,6.57,-2.47,511.66,3.9961226757031505
2011-11-02,10.67,170.61,8.47,-1.85,533.59,3.979541253812266
2011-11-03,5.92,139.81,4.53,-2.83,497.89,4.079029785157573
2011-11-04,0.0,180.8,3.41,-3.77,465.47,3.6644942378854624
2011-11-05,0.0,179.06,3.73,-3.44,475.0,3.4323543314130798
2011-11-06,0.0,180.88,4.54,-2.98,491.66,3.249958690613351
2011-11-07,1.56,131.71,3.4,-2.38,515.22,3.117307315486275
2011-11-08,1.51,128.46,6.23,0.63,637.6,3.100725893595391
2011-11-09,4.42,81.21,7.75,3.37,779.86,3.4323543314130798
2011-11-10,0.0,172.79,9.91,1.87,708.38,3.3494472219586577
2011-11-11,15.73,142.6,6.54,-2.89,496.48,4.2614254259573014
2011-11-12,13.58,124.7,4.29,-3.32,478.36,4.211681160284649
2011-11-13,7.5,64.85,3.36,-0.22,600.41,4.2614254259573014
2011-11-14,3.15,109.47,3.83,-2.07,527.3,3.8303084567943064
2011-11-15,1.22,152.3,3.35,-4.31,447.23,3.4157729095221954
2011-11-16,33.53,130.31,5.66,-3.06,489.05,5.090496520501524
2011-11-17,25.59,104.09,2.44,-3.65,470.1,11.30852972958319
2011-11-18,9.53,125.05,1.1,-5.89,395.48,6.615987334462893
2011-11-19,0.0,169.67,1.0,-6.64,374.1,5.1734036299559465
2011-11-20,0.0,172.68,0.38,-7.73,343.28,4.443821066757031
2011-11-21,35.7,118.08,3.28,-4.09,453.32,4.642798129447645
2011-11-22,102.85,93.07,6.56,0.92,652.63,38.30308456794307
2011-11-23,43.84,123.9,6.4,-2.0,530.48,68.6470866282616
2011-11-24,17.84,74.96,1.52,-2.85,499.05,21.887476895967467
2011-11-25,20.09,94.31,1.66,-4.0,458.89,15.03934965503219
2011-11-26,19.38,109.08,6.49,-0.56,588.39,14.558488420196541
2011-11-27,46.05,109.13,6.97,-0.42,594.65,38.46889878685191
2011-11-28,13.76,93.95,2.97,-3.04,490.05,22.384919552694
2011-11-29,7.48,76.18,3.36,-1.34,555.02,15.652862264994914
2011-11-30,0.01,112.41,3.5,-1.98,531.71,13.115904715689595
2011-12-01,0.0,150.69,7.2,-1.22,560.0,11.507506792273803
2011-12-02,0.0,122.9,3.02,-3.06,488.49,9.882527446967128
2011-12-03,0.0,144.58,5.46,-2.51,516.22,8.50626943002372
2011-12-04,0.0,129.8,5.1,-1.68,542.16,7.544546960352421
2011-12-05,0.0,114.19,6.39,0.6,637.23,6.831545819044391
2011-12-06,0.0,117.53,5.93,-0.07,600.0,6.284358896645204
2011-12-07,0.0,117.21,2.87,-3.05,490.6,5.820079083700439
2011-12-08,0.0,132.63,6.4,-0.99,569.11,5.388962114537445
2011-12-09,0.0,132.8,8.52,0.78,642.88,5.123659364283293
2011-12-10,0.0,136.73,5.08,-2.88,489.66,4.891519457810911
2011-12-11,0.0,110.05,0.32,-5.35,412.21,4.5930538637749905
2011-12-12,0.0,143.69,1.3,-7.33,348.98,4.278006847848186
2011-12-13,0.0,124.66,4.1,-2.97,491.02,4.112192628939342
2011-12-14,0.0,89.51,2.38,-2.24,520.0,3.929796988139613
2011-12-15,2.67,84.64,4.27,-1.14,564.93,3.797145613012537
2011-12-16,0.0,93.85,6.66,1.75,699.78,3.631331394103693
2011-12-17,0.0,137.43,10.3,1.48,678.69,3.631331394103693
2011-12-18,0.0,84.54,4.08,-0.25,598.76,3.7308199254489995
2011-12-19,0.0,109.62,5.85,-0.03,609.48,3.5318428627583867
2011-12-20,0.0,125.78,5.03,-2.15,522.07,3.3660286438495417
2011-12-21,0.0,116.93,2.17,-4.2,450.57,3.216795846831582
2011-12-22,0.08,137.25,5.66,-2.71,503.6,3.0509816279227375
2011-12-23,2.59,82.2,3.81,-0.88,569.3,3.034400206031853
2011-12-24,11.35,80.64,7.71,1.87,708.64,3.299702956286004
2011-12-25,16.87,109.18,7.02,-2.62,507.57,3.5981685503219247
2011-12-26,14.76,61.38,1.98,-2.1,524.91,3.4986800189766174
2011-12-27,59.69,76.73,6.02,0.67,638.72,7.063685725516773
2011-12-28,61.99,60.13,6.39,2.39,727.99,40.12704097594035
2011-12-29,26.45,68.61,4.79,0.24,624.7,25.03794705523551
2011-12-30,13.6,86.55,3.05,-2.94,495.36,17.244678766519822
2011-12-31,0.0,130.14,0.61,-6.31,385.66,12.286833621145373
2012-01-01,8.21,137.2,7.72,-2.03,529.16,9.882527446967128
2012-01-02,0.0,142.63,7.98,0.43,626.75,10.363388681802778
2012-01-03,25.53,71.92,5.32,0.82,646.63,15.138838186377496
2012-01-04,25.22,71.56,6.06,1.64,687.86,31.00725893595391
2012-01-05,51.43,90.24,2.88,-2.72,503.98,25.86701814977973
2012-01-06,16.07,78.41,0.43,-4.21,449.88,15.354396670958995
2012-01-07,7.14,96.88,3.64,-2.1,525.24,12.336577886818025
2012-01-08,0.0,126.86,7.7,1.82,705.79,10.943738447983733
2012-01-09,1.69,130.24,6.02,-1.18,561.19,9.982015978312434
2012-01-10,3.09,107.82,2.2,-4.48,440.35,8.638920805150795
2012-01-11,0.0,177.01,6.62,-3.0,482.17,7.494802694679769
2012-01-12,0.0,160.04,7.14,-0.63,585.27,6.831545819044391
2012-01-13,0.0,162.03,6.57,-1.23,561.57,6.284358896645204
2012-01-14,6.48,160.54,2.36,-7.04,361.66,6.002474724500169
2012-01-15,7.94,123.26,-2.28,-8.99,312.98,5.48845064588275
2012-01-16,7.85,122.43,-3.04,-9.47,302.33,5.123659364283293
2012-01-17,10.2,92.83,-3.31,-7.74,344.09,4.957845145374448
2012-01-18,15.39,137.99,0.07,-7.34,352.17,4.77544950457472
2012-01-19,20.91,76.14,1.39,-2.1,522.62,4.543309598102337
2012-01-20,22.79,64.96,2.77,-0.21,599.46,7.90933824195188
2012-01-21,42.08,133.48,3.49,-3.32,478.45,17.244678766519822
2012-01-22,23.5,79.37,0.86,-2.75,501.36,11.291948307692305
2012-01-23,41.54,128.19,1.82,-4.35,444.26,8.788153602168755
2012-01-24,37.05,149.39,5.1,-2.67,505.85,10.811087072856656
2012-01-25,44.8,102.77,3.4,-1.24,558.63,18.405378298881732
2012-01-26,36.23,170.18,3.66,-5.59,406.14,14.110790029142663
2012-01-27,8.4,190.07,1.53,-6.79,366.82,10.86083133852931
2012-01-28,0.0,232.76,5.52,-3.6,467.85,8.788153602168755
2012-01-29,28.19,97.14,5.66,1.5,679.93,13.911812966452048
2012-01-30,17.43,112.0,5.09,0.42,630.43,14.458999888851235
2012-01-31,13.59,78.47,3.78,0.66,639.22,11.656739589291764
2012-02-01,9.9,147.24,4.68,-1.54,549.19,11.076389823110809
2012-02-02,1.8,232.64,7.28,-2.0,530.39,9.584061852931208
2012-02-03,0.0,247.69,10.7,1.07,652.21,8.47310658624195
2012-02-04,0.0,260.37,10.47,-0.42,593.54,7.478221272788884
2012-02-05,0.0,255.17,10.03,0.01,609.58,6.7818015533717375
2012-02-06,0.0,257.41,10.67,0.19,617.7,6.383847427990511
2012-02-07,0.0,240.77,10.32,1.36,668.88,6.035637568281937
2012-02-08,5.32,95.71,5.59,2.19,716.14,7.793268288715688
2012-02-09,14.1,80.73,6.19,3.14,766.23,12.452647840054217
2012-02-10,16.48,109.95,6.46,2.35,725.0,18.073749861064044
2012-02-11,15.41,96.17,4.6,1.11,663.23,17.410492985428668
2012-02-12,0.42,164.39,5.04,0.52,635.15,12.717950590308368
2012-02-13,4.97,148.85,4.46,-0.99,570.66,10.811087072856656
2012-02-14,4.63,146.66,1.48,-3.77,467.56,9.21927057133175
2012-02-15,5.17,200.63,4.11,-4.15,451.58,7.793268288715688
2012-02-16,3.43,188.8,4.38,-1.5,549.47,7.013941459844119
2012-02-17,14.25,140.8,4.06,-0.74,582.81,7.229499944425617
2012-02-18,34.55,101.81,2.23,-1.09,566.39,8.77157218027787
2012-02-19,35.65,182.42,1.79,-4.62,437.25,8.091733882751608
2012-02-20,15.36,206.3,4.0,-2.78,502.79,6.914452928498813
2012-02-21,18.97,144.24,6.07,2.15,714.84,9.136363461877329
2012-02-22,20.47,184.27,4.95,-1.3,559.22,15.93474643713995
2012-02-23,11.74,212.04,4.45,-3.18,486.43,11.656739589291764
2012-02-24,23.13,149.33,3.03,-1.5,549.31,9.932271712639782
2012-02-25,26.25,170.51,0.89,-4.31,447.74,8.50626943002372
2012-02-26,11.93,247.58,2.01,-6.76,369.64,7.163174256862079
2012-02-27,0.49,375.63,3.89,-10.01,285.34,6.26777747475432
2012-02-28,8.51,174.11,-0.7,-5.85,395.06,5.836660505591324
2012-02-29,24.79,194.16,1.06,-4.61,435.84,5.604520599118942
2012-03-01,15.09,260.83,3.77,-5.37,411.98,5.073915098610639
2012-03-02,0.0,298.41,3.23,-3.52,473.58,4.825193770247372
2012-03-03,7.74,151.45,6.09,1.84,698.4,5.2563107394103685
2012-03-04,0.0,266.93,7.12,1.47,679.69,5.455287802100982
2012-03-05,13.08,291.3,3.23,-4.3,448.94,6.4501731155540485
2012-03-06,27.59,297.98,2.38,-7.54,349.03,5.869823349373093
2012-03-07,0.0,428.66,5.55,-6.78,368.05,5.2231478956286
2012-03-08,0.0,428.55,13.05,-0.4,594.67,4.908100879701795
2012-03-09,0.0,296.31,6.85,0.78,640.37,5.0075894110471015
2012-03-10,19.86,117.63,3.06,0.19,620.98,6.516498803117586
2012-03-11,21.18,195.27,1.84,-3.07,489.58,6.400428849881394
2012-03-12,37.94,136.01,-0.15,-3.43,477.91,6.085381833954591
2012-03-13,58.01,237.54,0.27,-5.64,403.21,5.505032067773635
2012-03-14,29.04,251.75,2.0,-4.38,443.47,5.024170832937986
2012-03-15,46.15,182.89,3.83,-0.62,584.8,11.922042339545914
2012-03-16,53.01,233.07,4.38,-1.29,556.16,12.966671918671635
2012-03-17,16.07,292.41,5.0,-2.79,501.17,10.164411619112164
2012-03-18,10.16,330.92,2.49,-7.27,357.73,7.959082507624532
2012-03-19,13.36,332.01,1.27,-8.2,330.02,6.499917381226702
2012-03-20,16.57,244.11,1.51,-4.28,446.93,5.919567615045746
2012-03-21,30.09,355.16,3.81,-6.91,366.37,5.239729317519484
2012-03-22,0.0,426.71,2.22,-6.15,390.02,4.808612348356489
2012-03-23,0.0,476.77,5.07,-5.54,403.81,4.443821066757031
2012-03-24,0.0,496.53,9.39,-2.81,499.38,4.178518316502879
2012-03-25,0.0,476.92,11.77,0.51,636.61,4.1453554727211115
2012-03-26,7.61,287.35,6.74,0.56,635.9,4.510146754320568
2012-03-27,18.93,131.09,4.57,1.51,682.89,8.672083648932563
2012-03-28,47.06,134.38,3.0,0.01,614.16,17.9079356421552
2012-03-29,63.94,137.03,3.33,0.39,631.04,15.503629467976955
2012-03-30,47.93,290.59,4.99,-1.86,537.85,12.850601965435443
2012-03-31,17.34,265.1,3.78,-2.16,523.44,11.142715510674345
2012-04-01,20.65,298.16,5.16,-1.78,539.79,9.849364603185359
2012-04-02,8.61,299.62,6.76,-0.43,593.65,8.274129523551336
2012-04-03,11.41,387.84,4.88,-3.66,472.37,9.51773616536767
2012-04-04,17.52,356.33,4.45,-4.86,429.48,9.020293508641137
2012-04-05,16.32,354.16,5.14,-3.99,458.33,7.461639850897999
2012-04-06,0.0,514.04,5.58,-4.94,427.34,6.433591693663164
2012-04-07,0.0,547.29,7.76,-5.04,424.01,5.687427708573364
2012-04-08,0.0,497.19,12.0,1.76,693.91,5.372380692646559
2012-04-09,0.0,493.65,13.51,3.0,760.06,5.803497661809556
2012-04-10,0.0,482.51,12.96,3.06,761.5,7.411895585225346
2012-04-11,0.88,306.2,7.34,1.78,698.21,9.434829055913248
2012-04-12,3.51,310.98,7.25,-0.3,598.62,9.81620175940359
2012-04-13,4.59,402.21,10.71,-1.84,537.45,8.937386399186714
2012-04-14,0.0,514.64,10.91,-0.37,594.59,8.307292367333106
2012-04-15,3.13,349.48,10.39,1.73,693.13,8.622339383259911
2012-04-16,14.02,328.51,8.04,-0.31,600.89,11.623576745509995
2012-04-17,9.34,261.41,4.14,-2.05,525.98,12.187345089800067
2012-04-18,6.66,299.48,7.23,0.07,615.48,10.827668494747542
2012-04-19,16.17,335.79,6.93,-1.6,548.68,10.26390015045747
2012-04-20,22.36,294.33,8.27,1.19,667.09,14.74088406099627
2012-04-21,7.39,414.13,14.3,0.43,628.8,13.066160450016941
2012-04-22,0.0,510.44,18.0,6.26,941.09,14.59165126397831
2012-04-23,0.0,509.8,17.29,5.79,921.33,19.234449393425955
2012-04-24,0.0,298.9,9.94,4.78,861.7,20.063520487970177
2012-04-25,14.22,151.33,7.38,4.09,822.92,24.872132836326667
2012-04-26,25.72,288.35,7.54,0.83,651.09,26.530275025415108
2012-04-27,6.68,311.78,7.3,-0.23,601.69,18.73700673669942
2012-04-28,2.06,359.26,9.53,2.5,734.76,15.022768233141306
2012-04-29,0.0,386.56,9.79,2.96,760.55,13.99472007590647
2012-04-30,11.77,258.74,6.89,1.43,681.35,14.790628326668923
2012-05-01,9.49,325.22,7.41,-0.47,593.42,14.674558373432733
2012-05-02,5.19,324.26,5.88,-2.0,530.25,12.601880637072178
2012-05-03,10.19,226.68,6.04,0.99,657.65,11.739646698746187
2012-05-04,10.0,300.59,6.59,-0.34,598.24,11.076389823110809
2012-05-05,0.0,454.17,6.8,-1.36,556.05,10.297062994239239
2012-05-06,0.0,549.93,12.19,0.2,619.14,9.7001318061674
2012-05-07,0.0,561.04,17.53,4.01,805.62,10.529202900711622
2012-05-08,0.0,529.12,13.09,2.02,708.89,12.253670777363602
2012-05-09,0.0,530.09,8.29,-2.39,516.71,12.270252199254488
2012-05-10,0.0,540.8,7.63,-3.5,475.39,11.01006413554727
2012-05-11,0.0,590.29,13.3,-1.89,534.87,9.99859740020332
2012-05-12,0.0,569.98,19.03,4.07,811.13,10.214155884784818
2012-05-13,0.0,560.05,21.05,6.24,939.81,12.386322152490678
2012-05-14,0.0,555.64,22.64,7.69,1055.02,15.802095062012876
2012-05-15,0.0,525.21,19.58,7.07,1005.58,18.23956407997289
2012-05-16,0.0,489.31,14.07,3.48,784.77,17.244678766519822
2012-05-17,0.0,477.84,11.49,1.45,678.42,15.03934965503219
2012-05-18,0.0,475.69,10.93,1.04,658.69,13.149067559471364
2012-05-19,0.0,539.99,13.48,0.83,646.03,12.038112292782106
2012-05-20,0.0,274.45,9.72,4.54,848.51,12.303415043036257
2012-05-21,17.48,241.45,9.49,3.61,794.3,17.742121423246356
2012-05-22,21.84,183.44,6.91,2.65,742.92,18.73700673669942
2012-05-23,9.76,233.54,7.87,2.55,737.69,15.238326717722805
2012-05-24,4.02,295.99,9.58,2.37,726.79,13.447533153507283
2012-05-25,2.03,521.37,14.27,2.58,739.12,12.485810683835986
2012-05-26,0.0,504.57,16.51,5.32,897.34,12.850601965435443
2012-05-27,0.0,415.13,12.59,4.47,845.77,13.563603106743475
2012-05-28,1.77,315.68,9.04,2.65,742.65,12.850601965435443
2012-05-29,0.0,443.66,9.39,0.64,642.4,11.706483854964416
2012-05-30,0.14,458.36,13.6,4.13,825.9,11.04322697932904
2012-05-31,4.98,280.73,13.7,6.43,962.88,12.767694855981022
2012-06-01,11.39,293.17,13.92,6.32,962.83,17.078864547610976
2012-06-02,4.72,291.75,10.95,3.39,785.82,15.42072235852253
2012-06-03,0.0,352.96,9.14,2.37,726.63,12.817439121653676
2012-06-04,2.39,253.63,8.53,2.92,758.1,11.408018260928497
2012-06-05,4.3,261.4,8.74,2.34,725.29,10.9769012917655
2012-06-06,8.47,340.6,9.22,0.24,624.21,10.595528588275158
2012-06-07,15.43,304.12,9.67,2.06,710.55,16.266374874957638
2012-06-08,26.35,285.68,8.49,1.56,688.02,14.641395529650962
2012-06-09,8.57,440.65,11.86,1.2,667.75,12.071275136563875
2012-06-10,0.0,496.32,13.93,3.74,800.7,11.557251057946456
2012-06-11,0.0,529.02,16.72,4.96,871.63,11.855716651982377
2012-06-12,0.0,399.25,13.47,6.18,950.79,12.999834762453403
2012-06-13,0.0,440.68,11.97,3.98,816.16,12.999834762453403
2012-06-14,0.0,449.42,10.8,2.7,744.42,11.955205183327683
2012-06-15,0.0,568.53,16.64,2.73,746.96,11.325111151474076
2012-06-16,0.0,429.63,16.74,8.77,1141.39,13.016416184344289
2012-06-17,4.08,296.75,12.6,5.76,925.97,14.923279701795998
2012-06-18,4.13,320.27,10.78,4.49,847.8,12.585299215181292
2012-06-19,0.0,359.62,10.21,4.1,823.88,11.192459776347
2012-06-20,0.0,559.82,16.64,3.24,772.93,10.645272853947812
2012-06-21,0.0,470.81,17.74,8.11,1088.47,11.258785463910536
2012-06-22,0.0,331.86,12.8,6.93,999.39,11.75622812063707
2012-06-23,7.01,263.4,10.06,4.02,819.1,12.021530870891223
2012-06-24,9.57,339.96,11.36,2.81,750.85,11.49092537038292
2012-06-25,2.54,413.51,13.02,3.79,803.9,10.595528588275158
2012-06-26,0.0,355.71,10.36,4.11,824.04,10.098085931548626
2012-06-27,0.0,549.04,15.67,2.71,745.47,9.169526305659097
2012-06-28,0.0,480.88,16.4,6.5,962.71,9.28559625889529
2012-06-29,4.11,340.22,15.54,8.65,1131.73,11.42459968281938
2012-06-30,3.32,285.66,15.19,8.64,1130.87,11.9386237614368
2012-07-01,1.89,348.67,13.84,6.65,982.32,11.391436839037612
2012-07-02,4.44,327.97,12.31,5.45,904.5,10.379970103693662
2012-07-03,10.77,260.59,10.39,4.33,838.02,11.540669636055572
2012-07-04,1.96,453.28,13.97,3.72,799.99,10.529202900711622
2012-07-05,0.0,542.93,18.19,4.57,847.77,9.55089900914944
2012-07-06,0.0,494.06,19.68,8.41,1113.0,9.832783181294475
2012-07-07,0.0,530.72,23.11,8.87,1147.87,10.363388681802778
2012-07-08,0.0,508.99,25.02,11.51,1359.85,11.04322697932904
2012-07-09,0.0,477.61,23.59,11.94,1395.0,11.922042339545914
2012-07-10,0.0,468.16,21.67,10.63,1290.19,11.374855417146728
2012-07-11,0.0,451.86,21.97,11.52,1361.68,11.026645557438156
2012-07-12,0.0,421.24,20.5,11.23,1338.34,11.04322697932904
2012-07-13,2.61,295.33,18.28,11.26,1341.18,10.744761385293119
2012-07-14,4.6,334.1,22.4,11.92,1393.7,10.230737306675701
2012-07-15,0.0,291.1,15.08,9.42,1193.79,9.666968962385631
2012-07-16,0.0,493.64,21.96,9.42,1192.39,8.224385257878684
2012-07-17,0.0,409.61,21.92,12.73,1458.58,8.539432273805488
2012-07-18,0.0,427.05,20.52,10.81,1304.89,8.357036633005759
2012-07-19,0.0,470.43,22.76,10.79,1299.21,7.6108726479159605
2012-07-20,2.96,316.19,17.15,9.44,1194.92,7.743524023043036
2012-07-21,6.06,292.63,16.41,8.08,1088.24,6.814964397153506
2012-07-22,0.0,344.17,13.01,6.02,941.82,6.101963255845475
2012-07-23,0.0,442.91,15.33,5.28,893.21,5.48845064588275
2012-07-24,0.0,482.76,19.3,6.93,994.5,5.306055005083023
2012-07-25,0.0,477.99,22.79,9.92,1226.55,5.372380692646559
2012-07-26,0.0,386.68,20.58,11.5,1360.0,5.48845064588275
2012-07-27,0.0,353.07,17.05,9.35,1188.14,5.339217848864791
2012-07-28,0.0,379.07,17.59,9.18,1173.2,4.908100879701795
2012-07-29,0.0,403.63,18.75,9.37,1187.95,4.5598910199932225
2012-07-30,0.0,343.51,16.18,8.65,1132.09,4.410658222975262
2012-07-31,0.0,441.03,18.04,7.15,1008.96,4.211681160284649
2012-08-01,0.0,448.47,19.69,8.12,1079.17,4.02928551948492
2012-08-02,0.0,388.69,17.89,8.5,1119.64,3.962959831921382
2012-08-03,0.0,477.03,22.82,8.98,1107.53,3.7805641911216528
2012-08-04,0.0,486.82,28.51,12.38,1344.38,3.8303084567943064
2012-08-05,0.0,428.03,27.63,15.08,1666.71,3.979541253812266
2012-08-06,0.0,357.56,24.09,15.0,1707.4,3.962959831921382
2012-08-07,0.0,399.22,22.7,12.39,1414.18,3.7308199254489995
2012-08-08,0.0,293.79,16.03,9.46,1196.86,3.482098597085733
2012-08-09,0.0,426.95,19.57,8.54,1115.12,3.200214424940697
2012-08-10,0.0,433.42,20.37,8.86,1134.32,3.067563049813622
2012-08-11,0.0,458.31,24.0,10.41,1230.22,3.0012373622500843
2012-08-12,0.0,452.47,25.85,11.77,1339.04,2.9349116746865467
2012-08-13,0.0,415.02,24.73,12.78,1448.88,2.901748830904778
2012-08-14,0.0,418.17,22.75,10.72,1283.57,2.8685859871230086
2012-08-15,0.0,451.06,24.99,10.62,1253.19,2.8188417214503554
2012-08-16,0.0,431.21,28.31,14.04,1564.31,2.7359346119959334
2012-08-17,0.0,423.48,28.17,14.24,1591.09,2.702771768214164
2012-08-18,0.0,327.12,23.91,14.89,1691.08,2.6364460806506265
2012-08-19,0.0,355.65,19.72,10.04,1238.99,2.5203761274144356
2012-08-20,0.0,384.28,19.6,8.68,1129.1,2.371143330396475
2012-08-21,1.77,263.68,14.89,7.21,1020.67,2.2716547990511686
2012-08-22,0.0,353.95,15.99,6.34,957.9,2.139003423924093
2012-08-23,0.0,376.31,14.54,4.17,820.44,2.056096314469671
2012-08-24,0.0,421.47,16.33,3.73,774.62,1.9731892050152489
2012-08-25,0.0,450.45,21.36,5.96,861.42,1.9234449393425954
2012-08-26,0.0,378.08,17.6,6.49,949.58,1.906863517451711
2012-08-27,0.0,359.43,15.79,5.44,897.03,1.9731892050152489
2012-08-28,0.0,286.82,14.8,6.93,999.01,1.8737006736699422
2012-08-29,0.0,243.9,13.48,6.94,1002.56,1.8239564079972888
2012-08-30,0.0,326.81,15.11,5.86,927.24,1.7742121423246355
2012-08-31,0.0,366.86,15.35,4.42,822.61,1.724467876651982
2012-09-01,0.0,375.6,16.73,5.26,856.89,1.6249793453066754
2012-09-02,0.0,362.16,17.32,6.37,925.96,1.5918165015249066
2012-09-03,0.0,364.11,17.8,6.77,947.37,1.5752350796340222
2012-09-04,0.0,384.44,20.13,7.77,980.79,1.5586536577431376
2012-09-05,0.0,394.57,21.58,8.24,964.91,1.5586536577431376
2012-09-06,0.0,399.51,22.27,8.41,907.48,1.5586536577431376
2012-09-07,0.0,401.28,25.21,10.68,853.82,1.5420722358522532
2012-09-08,0.0,369.27,23.42,11.01,882.87,1.5089093920704844
2012-09-09,0.0,219.64,13.8,7.51,985.52,1.4923279701796
2012-09-10,2.35,254.38,10.71,2.66,693.45,1.5420722358522532
2012-09-11,0.0,380.28,13.46,1.03,507.82,1.426002282616062
2012-09-12,0.0,424.28,19.04,2.39,488.78,1.3596765950525243
2012-09-13,0.0,410.85,23.61,7.18,657.31,1.309932329379871
2012-09-14,0.0,378.93,22.78,8.7,781.38,1.2767694855981022
2012-09-15,0.0,324.52,19.54,8.7,886.56,1.2767694855981022
2012-09-16,0.0,364.82,20.95,7.84,746.45,1.2601880637072178
2012-09-17,0.0,380.08,23.83,8.99,729.91,1.2436066418163334
2012-09-18,0.0,351.04,23.64,10.46,856.68,1.2436066418163334
2012-09-19,0.0,323.53,22.72,11.05,953.5,1.2270252199254488
2012-09-20,0.0,284.51,21.83,11.89,1096.78,1.2104437980345644
2012-09-21,0.0,271.83,17.4,8.18,923.79,1.2104437980345644
2012-09-22,0.0,288.12,15.16,5.28,709.55,1.2104437980345644
2012-09-23,0.0,353.98,18.87,5.1,507.76,1.1772809542527956
2012-09-24,0.0,309.62,17.75,6.6,605.33,1.1606995323619111
2012-09-25,0.0,275.07,14.78,5.29,630.79,1.1441181104710265
2012-09-26,0.0,323.63,17.81,5.56,552.7,1.127536688580142
2012-09-27,0.0,323.17,20.35,7.57,609.94,1.0943738447983733
2012-09-28,0.0,291.11,19.45,8.26,662.16,1.077792422907489
2012-09-29,0.0,250.04,15.28,6.11,641.1,1.0943738447983733
2012-09-30,0.0,318.07,17.27,4.33,434.85,1.077792422907489
2012-10-01,0.0,328.32,19.64,5.6,389.13,1.011466735343951
2012-10-02,0.0,300.49,14.06,2.08,262.19,1.011466735343951
2012-10-03,0.0,325.63,13.31,-0.75,207.56,0.9948853134530665
2012-10-04,0.0,306.04,14.45,1.45,241.22,0.9617224696712977
2012-10-05,0.0,295.83,15.22,2.65,261.4,0.9285596258895288
2012-10-06,0.0,304.86,17.7,4.18,294.43,0.9119782039986444
2012-10-07,0.0,309.71,20.15,5.82,329.45,0.8953967821077599
2012-10-08,0.0,274.72,17.73,5.98,337.78,0.8953967821077599
2012-10-09,0.0,234.61,16.59,6.92,414.02,0.8788153602168755
2012-10-10,0.0,222.54,15.02,5.82,422.63,0.8788153602168755
2012-10-11,0.0,205.49,15.66,7.24,505.25,0.8788153602168755
2012-10-12,6.76,97.25,11.63,6.48,837.23,0.8788153602168755
2012-10-13,27.18,60.01,10.81,7.79,1062.38,1.4094208607251777
2012-10-14,50.93,44.62,9.98,7.94,1075.42,11.590413901728226
2012-10-15,49.07,119.84,11.41,5.19,887.09,9.36850336834971
2012-10-16,25.81,130.0,8.6,1.84,701.09,8.92080497729583
2012-10-17,6.83,178.99,9.24,0.69,641.78,3.5318428627583867
2012-10-18,9.56,179.28,13.45,5.0,880.0,3.6644942378854624
2012-10-19,27.5,155.06,10.34,1.9,701.83,8.290710945442223
2012-10-20,11.46,116.04,5.07,-0.89,576.04,4.543309598102337
2012-10-21,10.4,122.47,4.55,-1.76,541.64,3.515261440867502
2012-10-22,6.94,79.54,2.87,-1.05,567.21,3.0509816279227375
2012-10-23,9.01,81.75,3.2,-0.73,583.5,2.9680745184683155
2012-10-24,7.39,86.69,4.29,0.07,615.02,3.6810756597763468
2012-10-25,6.46,136.36,5.78,-1.26,558.88,3.0178187841409687
2012-10-26,0.0,136.61,6.27,1.26,671.4,2.7525160338868173
2012-10-27,19.03,121.85,9.65,3.45,785.32,7.494802694679769
2012-10-28,18.37,107.06,9.78,4.45,844.25,10.943738447983733
2012-10-29,19.14,70.02,9.78,6.37,960.09,14.575069842087425
2012-10-30,36.11,59.48,9.75,6.93,999.84,24.70631861741782
2012-10-31,57.47,66.5,9.04,5.97,938.65,58.86404771263977
2012-11-01,53.9,74.08,8.75,5.34,896.66,37.47401347339884
2012-11-02,14.71,65.3,8.05,5.11,881.13,19.234449393425955
2012-11-03,15.13,64.02,9.1,6.28,956.96,17.9079356421552
2012-11-04,16.99,106.97,12.4,7.41,1034.58,16.01765354659437
2012-11-05,15.63,139.0,10.43,3.44,784.1,15.221745295831921
2012-11-06,10.46,162.65,11.51,1.6,685.6,11.590413901728226
2012-11-07,5.22,124.69,5.09,-0.12,605.37,9.783038915621821
2012-11-08,0.0,165.36,3.66,-2.25,518.89,8.539432273805488
2012-11-09,0.0,195.31,2.64,-4.94,426.44,7.445058429007115
2012-11-10,0.0,191.86,1.89,-5.52,405.87,6.732057287699083
2012-11-11,0.0,186.29,3.77,-3.45,473.17,6.466754537444933
2012-11-12,29.57,91.69,6.29,2.01,706.83,9.25243341511352
2012-11-13,11.86,43.81,4.59,2.66,742.92,12.734532012199253
2012-11-14,14.09,107.5,6.22,0.86,649.37,12.004949449000337
2012-11-15,0.0,172.41,6.73,-0.36,596.05,9.36850336834971
2012-11-16,0.0,149.5,5.51,-0.21,600.53,8.987130664859368
2012-11-17,21.85,111.27,6.19,0.39,628.41,32.167958468315824
2012-11-18,46.75,59.07,3.47,0.72,643.36,23.711433303964753
2012-11-19,68.6,82.58,6.36,2.32,723.55,61.185446777363595
2012-11-20,68.82,63.72,4.09,1.02,658.82,41.619368946119955
2012-11-21,34.02,89.7,2.63,-1.79,539.81,30.012373622500842
2012-11-22,23.35,115.59,3.84,-2.61,508.88,19.73189205015249
2012-11-23,34.93,81.75,5.47,1.29,669.39,38.46889878685191
2012-11-24,31.8,102.94,3.76,-1.85,536.91,28.685859871230086
2012-11-25,0.0,150.94,2.91,-3.62,470.93,18.57119251779058
2012-11-26,0.0,171.26,6.31,-2.72,501.64,14.956442545577769
2012-11-27,0.0,155.48,7.83,0.26,621.17,12.83402054354456
2012-11-28,3.27,100.81,7.4,2.13,720.0,13.314881778380208
2012-11-29,20.26,53.89,5.42,2.49,733.09,35.48424284649271
2012-11-30,45.9,37.79,4.94,2.96,758.79,70.63685725516773
2012-12-01,59.85,44.12,3.96,1.62,690.82,66.49150178244662
2012-12-02,59.19,54.67,3.37,0.4,633.4,46.427981294476446
2012-12-03,38.17,57.67,3.93,0.75,646.39,37.80564191121653
2012-12-04,37.15,81.12,4.85,0.11,621.25,46.096352856658754
2012-12-05,25.62,76.37,1.83,-2.63,507.67,29.18330252795662
2012-12-06,15.73,55.7,1.96,-1.08,566.72,21.22422002033209
2012-12-07,18.89,78.29,1.95,-2.49,513.28,18.23956407997289
2012-12-08,10.29,72.1,1.28,-2.73,503.6,15.437303780413416
2012-12-09,5.07,92.79,3.95,-1.69,544.32,13.54702168485259
2012-12-10,3.2,69.99,4.48,0.58,635.49,12.436066418163334
2012-12-11,0.0,80.16,3.08,-0.14,604.55,11.606995323619111
2012-12-12,7.28,80.14,2.34,-2.18,524.01,10.56236574449339
2012-12-13,6.88,82.59,2.27,-2.51,511.54,9.467991899695017
2012-12-14,5.01,91.22,1.73,-3.68,470.87,8.788153602168755
2012-12-15,9.87,63.73,-0.16,-3.6,471.19,8.32387378922399
2012-12-16,28.94,80.77,1.01,-3.49,475.09,7.876175398170111
2012-12-17,46.35,113.59,1.89,-5.29,416.04,8.091733882751608
2012-12-18,23.66,86.93,-0.92,-5.55,405.19,7.279244210098271
2012-12-19,29.62,70.06,-0.23,-3.82,463.86,7.163174256862079
2012-12-20,71.76,72.95,-0.12,-3.86,464.25,7.212918522534733
2012-12-21,23.57,74.08,0.16,-3.7,467.09,6.566243068790239
2012-12-22,16.32,54.33,0.85,-1.88,535.71,6.682313022026431
2012-12-23,31.48,69.47,0.61,-2.87,498.29,7.047104303625888
2012-12-24,13.73,94.2,1.3,-3.73,467.35,6.317521740426972
2012-12-25,17.85,72.72,0.71,-2.67,505.52,5.936149036936631
2012-12-26,21.19,60.59,1.66,-1.23,560.05,5.571357755337172
2012-12-27,5.92,90.8,2.55,-2.01,530.24,5.322636426973906
2012-12-28,6.33,83.19,3.3,-0.68,584.43,5.057333676719756
2012-12-29,0.33,137.9,2.61,-2.87,497.36,4.825193770247372
2012-12-30,0.0,136.68,1.42,-3.9,462.96,4.543309598102337
2012-12-31,0.16,137.29,2.01,-3.38,480.16,4.278006847848186
2013-01-01,1.68,118.31,4.2,-2.86,495.71,3.9961226757031505
2013-01-02,0.0,121.07,5.94,-0.42,593.84,3.797145613012537
2013-01-03,0.0,131.04,5.21,-1.82,538.45,3.6479128159945775
2013-01-04,6.57,74.95,4.81,-0.08,600.0,3.6479128159945775
2013-01-05,2.0,88.37,4.16,-0.65,586.57,4.079029785157573
2013-01-06,10.63,67.56,2.57,-1.58,547.41,4.294588269739071
2013-01-07,17.52,81.23,5.13,-0.05,608.6,5.67084628668248
2013-01-08,25.93,96.83,5.7,-0.77,581.01,9.584061852931208
2013-01-09,42.34,112.29,3.19,-4.29,448.89,28.02260299559471
2013-01-10,15.72,105.11,-0.04,-6.16,389.55,12.966671918671635
2013-01-11,0.0,169.17,-0.53,-8.51,321.53,9.07003777431379
2013-01-12,0.0,178.19,0.09,-8.69,316.24,7.262662788207386
2013-01-13,0.0,183.09,1.19,-8.04,333.76,6.151707521518128
2013-01-14,0.0,150.72,1.12,-5.22,418.34,5.388962114537445
2013-01-15,0.0,169.39,5.16,-2.55,516.25,4.725705238902067
2013-01-16,0.0,163.47,6.01,-1.19,562.29,4.3443325354117235
2013-01-17,0.0,168.69,6.94,-0.55,587.38,4.095611207048457
2013-01-18,0.0,152.0,7.09,0.78,642.29,4.079029785157573
2013-01-19,0.0,156.64,7.99,1.47,675.64,4.211681160284649
2013-01-20,0.0,127.11,7.57,2.58,738.27,4.77544950457472
2013-01-21,0.0,148.09,7.73,1.6,683.68,5.753753396136902
2013-01-22,0.0,138.98,6.63,1.12,656.49,6.035637568281937
2013-01-23,7.68,128.47,5.34,-1.96,532.03,8.158059570315146
2013-01-24,12.29,115.27,2.67,-3.33,478.49,8.50626943002372
2013-01-25,9.14,117.78,4.47,-1.71,542.18,7.478221272788884
2013-01-26,9.42,97.55,2.4,-2.32,516.17,6.732057287699083
2013-01-27,5.3,91.61,1.36,-2.94,494.92,6.002474724500169
2013-01-28,7.49,82.32,1.31,-2.44,514.12,5.455287802100982
2013-01-29,8.91,103.33,5.32,0.49,632.0,5.140240786174178
2013-01-30,7.32,70.64,5.94,2.76,747.67,5.289473583192137
2013-01-31,5.49,93.08,5.27,1.14,664.31,5.737171974246017
2013-02-01,0.0,196.64,7.37,-0.13,605.36,5.869823349373093
2013-02-02,0.0,221.28,10.63,0.98,640.3,5.604520599118942
2013-02-03,0.0,168.07,5.93,0.17,617.24,5.571357755337172
2013-02-04,0.0,168.04,7.1,1.42,675.27,5.355799270755675
2013-02-05,15.5,71.8,3.5,0.52,635.27,6.300940318536089
2013-02-06,32.73,70.12,2.69,-0.12,606.77,8.02540819518807
2013-02-07,24.88,153.69,3.33,-3.63,471.42,9.716713228058284
2013-02-08,14.28,181.14,3.29,-5.42,409.55,7.494802694679769
2013-02-09,0.0,213.33,4.01,-2.84,498.95,6.168288943409013
2013-02-10,0.0,213.2,5.25,-1.4,553.01,5.355799270755675
2013-02-11,0.66,188.51,5.03,-0.43,592.03,4.792030926465604
2013-02-12,3.56,131.47,5.58,0.67,640.29,4.394076801084378
2013-02-13,0.19,162.11,4.3,-0.12,605.59,4.360913957302609
2013-02-14,0.0,235.99,6.77,-0.25,599.96,4.178518316502879
2013-02-15,2.0,266.87,11.04,1.78,696.25,4.178518316502879
2013-02-16,0.0,241.82,6.24,-1.03,566.95,4.692542395120298
2013-02-17,3.35,179.22,3.11,-3.68,469.19,4.6759609732294125
2013-02-18,6.26,146.99,1.66,-3.52,474.29,4.427239644866146
2013-02-19,5.51,173.91,3.35,-3.12,486.41,4.178518316502879
2013-02-20,5.33,161.27,2.0,-3.68,468.7,3.896634144357844
2013-02-21,8.78,149.61,2.52,-2.51,510.77,3.714238503558115
2013-02-22,23.82,172.37,3.16,-2.77,501.69,5.272892161301253
2013-02-23,33.73,186.77,3.78,-2.84,499.67,5.140240786174178
2013-02-24,11.14,139.49,2.68,-1.77,541.23,4.394076801084378
2013-02-25,18.39,179.39,2.47,-3.52,476.23,4.5598910199932225
2013-02-26,13.4,198.7,2.49,-4.44,441.32,4.079029785157573
2013-02-27,7.46,197.15,3.52,-3.23,481.43,3.7308199254489995
2013-02-28,18.69,183.26,6.32,0.25,623.92,4.178518316502879
2013-03-01,23.81,117.02,7.69,4.06,820.75,8.522850851914603
2013-03-02,13.37,227.51,6.59,-2.04,533.19,13.016416184344289
2013-03-03,7.5,228.69,4.54,-3.97,459.84,11.358273995255844
2013-03-04,3.0,264.2,5.49,-4.77,430.93,8.274129523551336
2013-03-05,5.52,145.81,2.83,-1.6,544.45,6.964197194171466
2013-03-06,7.14,146.15,3.06,-1.16,563.26,6.184870365299897
2013-03-07,7.0,206.7,5.21,-1.4,554.04,5.571357755337172
2013-03-08,0.0,339.13,7.2,-2.44,511.47,5.040752254828871
2013-03-09,0.0,352.93,8.16,-2.45,512.08,4.642798129447645
2013-03-10,0.0,259.3,5.35,-0.68,581.89,4.443821066757031
2013-03-11,5.07,245.17,7.11,-0.1,606.54,4.294588269739071
2013-03-12,31.5,90.86,6.05,3.53,787.31,8.788153602168755
2013-03-13,37.62,127.07,7.68,4.15,824.85,16.913050328702134
2013-03-14,15.17,175.95,7.87,2.86,753.91,15.006186811250421
2013-03-15,7.14,170.19,7.88,3.09,763.87,13.032997606235172
2013-03-16,6.5,212.94,4.38,-1.71,545.64,12.137600824127412
2013-03-17,8.22,241.74,4.12,-3.09,488.35,10.313644416130122
2013-03-18,4.93,257.53,5.4,-2.63,507.83,8.589176539478142
2013-03-19,13.71,261.83,6.43,-1.89,535.17,7.660616913588613
2013-03-20,26.7,241.21,4.05,-2.94,495.49,16.083979234157912
2013-03-21,25.1,278.01,3.06,-5.11,420.52,13.066160450016941
2013-03-22,8.36,334.25,3.14,-6.32,385.4,9.716713228058284
2013-03-23,0.0,412.27,4.9,-4.6,435.99,7.942501085733649
2013-03-24,0.0,397.26,5.69,-3.15,484.27,6.848127240935275
2013-03-25,0.0,431.44,9.67,-1.29,557.91,6.101963255845475
2013-03-26,0.0,344.79,8.99,1.73,692.33,5.737171974246017
2013-03-27,2.0,289.22,8.34,2.59,739.81,5.853241927482208
2013-03-28,5.1,237.75,9.23,2.71,745.59,6.300940318536089
2013-03-29,0.0,409.88,11.81,1.97,705.46,6.7818015533717375
2013-03-30,0.0,449.67,15.17,1.84,700.4,7.3124070538800385
2013-03-31,0.0,442.66,17.85,4.48,838.68,8.556013695696372
2013-04-01,0.0,383.51,13.93,4.84,867.49,11.026645557438156
2013-04-02,0.0,377.42,10.57,2.09,712.0,11.689902433073533
2013-04-03,0.0,412.25,12.8,2.73,746.9,10.330225838021008
2013-04-04,0.05,254.83,9.17,4.08,823.19,13.99472007590647
2013-04-05,40.59,139.32,6.67,3.07,766.43,38.8005272246696
2013-04-06,31.01,212.45,6.74,1.09,662.47,36.810756597763465
2013-04-07,30.69,207.8,5.2,-0.21,601.13,22.71654799051169
2013-04-08,15.65,279.61,7.85,-0.11,606.35,16.581421890884446
2013-04-09,0.0,316.73,7.2,0.93,653.12,13.828905856997626
2013-04-10,18.42,273.88,8.18,1.31,674.33,16.316119140630292
2013-04-11,19.67,274.92,7.51,-0.23,600.78,15.768932218231107
2013-04-12,7.76,235.42,3.54,-2.63,507.09,13.397788887834631
2013-04-13,11.4,277.95,4.73,-2.97,493.04,12.038112292782106
2013-04-14,9.61,305.35,5.83,-3.21,482.9,10.728179963402233
2013-04-15,7.4,339.79,7.78,-3.71,469.07,9.63380611860386
2013-04-16,0.0,439.79,8.37,-2.27,519.04,8.77157218027787
2013-04-17,0.0,421.97,8.8,-0.99,570.58,8.124896726533377
2013-04-18,7.31,239.09,7.82,1.37,675.95,7.693779757370382
2013-04-19,6.83,227.26,8.93,2.9,756.1,8.489688008132834
2013-04-20,7.48,244.64,8.47,1.93,704.57,9.318759102677056
2013-04-21,0.0,375.82,7.49,-0.24,600.59,9.103200618095558
2013-04-22,0.35,467.25,10.39,-1.72,543.19,8.489688008132834
2013-04-23,0.0,470.84,11.92,-0.2,602.09,8.05857103896984
2013-04-24,0.0,488.57,14.9,1.04,652.45,8.02540819518807
2013-04-25,0.0,473.02,16.48,3.53,800.0,9.086619196204675
2013-04-26,0.0,442.52,16.5,5.37,905.67,11.175878354456115
2013-04-27,0.0,297.65,8.96,2.94,758.31,12.071275136563875
2013-04-28,9.3,227.26,8.38,2.36,726.54,11.872298073873262
2013-04-29,5.16,319.21,7.8,-1.59,548.74,11.441181104710267
2013-04-30,0.07,447.18,7.15,-2.79,501.57,9.467991899695017
2013-05-01,0.0,506.73,11.92,-2.15,524.23,8.357036633005759
2013-05-02,0.0,480.12,15.27,2.66,733.58,8.14147814842426
2013-05-03,0.0,501.6,17.49,2.8,746.65,9.202689149440866
2013-05-04,0.0,476.03,19.18,5.8,920.0,11.988368027109454
2013-05-05,0.0,478.01,21.71,7.5,1039.67,14.85695401423246
2013-05-06,0.0,448.85,21.85,9.25,1179.89,17.244678766519822
2013-05-07,0.0,398.48,18.95,9.04,1162.88,19.566077831243643
2013-05-08,0.0,402.07,18.92,8.88,1150.74,19.566077831243643
2013-05-09,0.0,444.05,20.59,8.4,1112.27,19.566077831243643
2013-05-10,0.0,434.23,20.58,8.72,1137.54,20.726777363605557
2013-05-11,0.0,430.92,20.63,8.83,1146.46,20.395148925787865
2013-05-12,16.36,208.38,13.43,7.05,1011.07,24.872132836326667
2013-05-13,17.43,225.11,9.53,2.81,756.31,23.8772475228736
2013-05-14,17.73,285.91,10.83,1.76,697.56,18.073749861064044
2013-05-15,0.04,358.49,11.38,3.16,769.1,13.762580169434088
2013-05-16,5.76,267.49,13.28,5.01,875.08,12.817439121653676
2013-05-17,3.99,228.45,10.93,4.25,834.13,13.265137512707554
2013-05-18,3.01,187.76,9.5,4.15,827.68,12.50239210572687
2013-05-19,3.77,252.68,11.66,4.12,824.71,11.606995323619111
2013-05-20,0.0,400.9,13.06,3.55,790.74,11.258785463910536
2013-05-21,5.99,172.38,7.24,2.36,726.25,11.640158167400878
2013-05-22,6.41,178.98,6.9,2.0,708.31,10.462877213148083
2013-05-23,7.15,206.94,7.17,1.56,686.92,9.783038915621821
2013-05-24,8.77,258.59,9.18,2.02,708.55,9.81620175940359
2013-05-25,6.03,156.9,7.68,3.65,796.05,9.55089900914944
2013-05-26,8.72,216.07,10.42,4.83,864.94,11.524088214164689
2013-05-27,10.38,194.03,9.72,4.78,862.19,17.410492985428668
2013-05-28,14.07,234.57,10.23,4.13,825.56,18.405378298881732
2013-05-29,6.14,228.33,8.88,3.26,777.89,15.387559514740763
2013-05-30,9.5,244.51,9.09,2.85,754.43,13.348044622161977
2013-05-31,4.62,301.43,10.77,2.69,745.44,11.988368027109454
2013-06-01,0.0,427.75,13.97,5.07,878.33,10.927157026092848
2013-06-02,0.0,399.63,13.97,6.07,941.43,11.01006413554727
2013-06-03,0.0,440.73,15.82,6.63,972.52,11.30852972958319
2013-06-04,0.0,522.66,19.81,5.34,898.72,12.154182246018298
2013-06-05,0.0,463.62,19.07,8.6,1128.01,13.397788887834631
2013-06-06,0.0,483.76,20.1,8.54,1123.48,14.276604248051505
2013-06-07,0.0,449.73,16.48,6.94,998.17,14.044464341579122
2013-06-08,0.0,464.41,16.01,6.04,938.31,12.784276277871905
2013-06-09,0.0,442.27,12.97,4.14,825.69,11.507506792273803
2013-06-10,0.0,473.63,13.23,3.27,775.7,10.396551525584545
2013-06-11,0.0,363.74,10.11,3.56,790.57,9.335340524567942
2013-06-12,3.33,262.97,10.01,3.77,802.72,8.705246492714334
2013-06-13,3.11,332.96,13.45,4.52,849.07,8.274129523551336
2013-06-14,0.0,416.66,13.11,5.15,883.87,8.008826773297185
2013-06-15,0.0,512.14,18.43,5.45,906.02,8.008826773297185
2013-06-16,0.0,458.72,18.27,8.2,1096.34,8.605757961369026
2013-06-17,0.0,480.46,16.96,5.92,934.7,8.970549242968485
2013-06-18,3.83,296.92,13.49,5.65,915.57,9.418247634022364
2013-06-19,0.0,377.31,12.23,5.0,874.32,8.02540819518807
2013-06-20,3.7,202.31,10.17,5.33,895.84,7.378732741443577
2013-06-21,0.0,332.34,12.1,5.99,940.04,6.9476157722805825
2013-06-22,0.0,485.08,17.39,5.9,930.18,6.798382975262622
2013-06-23,7.7,222.45,14.85,9.19,1175.16,7.843012554388341
2013-06-24,16.67,190.69,12.72,8.07,1086.93,10.247318728566587
2013-06-25,12.4,235.37,13.59,7.7,1059.7,12.137600824127412
2013-06-26,17.56,197.39,12.98,8.13,1091.91,16.913050328702134
2013-06-27,10.74,214.79,15.08,9.71,1217.1,20.063520487970177
2013-06-28,0.0,464.23,21.6,10.38,1270.51,15.967909280921718
2013-06-29,0.0,435.5,22.81,12.52,1445.01,13.24855609081667
2013-06-30,0.0,486.54,26.62,12.58,1446.76,12.038112292782106
2013-07-01,0.0,437.39,27.11,15.79,1785.73,12.087856558454758
2013-07-02,0.0,434.25,22.96,12.39,1431.0,11.04322697932904
2013-07-03,0.0,473.2,21.8,9.49,1199.38,9.617224696712977
2013-07-04,0.0,440.59,17.99,7.82,1065.25,8.50626943002372
2013-07-05,0.0,424.26,17.19,7.72,1057.46,7.6108726479159605
2013-07-06,0.0,470.68,20.39,8.57,1125.7,7.179755678752963
2013-07-07,0.0,409.02,19.75,10.54,1282.81,7.013941459844119
2013-07-08,0.0,435.56,20.26,10.04,1243.55,6.732057287699083
2013-07-09,0.0,466.48,23.06,10.87,1309.59,6.499917381226702
2013-07-10,0.0,440.37,19.03,8.59,1127.57,6.350684584208742
2013-07-11,0.0,433.62,15.11,5.22,888.78,5.720590552355134
2013-07-12,0.0,357.34,14.09,6.5,967.05,5.057333676719756
2013-07-13,0.0,491.49,19.14,5.75,919.62,4.642798129447645
2013-07-14,0.0,482.15,20.83,7.51,1041.13,4.443821066757031
2013-07-15,0.0,503.74,22.37,7.0,999.65,4.3443325354117235
2013-07-16,0.0,475.26,24.02,10.27,1261.34,4.211681160284649
2013-07-17,0.0,381.49,20.12,11.13,1330.78,4.178518316502879
2013-07-18,0.0,435.87,21.41,10.13,1250.45,4.079029785157573
2013-07-19,0.0,431.07,22.52,11.16,1333.18,3.979541253812266
2013-07-20,0.0,420.37,22.16,11.12,1329.2,3.88005272246696
2013-07-21,0.0,389.21,21.35,11.5,1360.0,3.714238503558115
2013-07-22,0.0,405.0,21.51,11.06,1324.44,3.548424284649271
2013-07-23,0.0,434.9,24.04,11.71,1376.66,3.3660286438495417
2013-07-24,0.0,424.52,23.79,11.71,1376.7,3.2831215343951197
2013-07-25,0.0,426.48,24.1,11.66,1372.9,3.117307315486275
2013-07-26,0.0,436.65,23.37,10.28,1262.15,2.9349116746865467
2013-07-27,0.0,393.28,20.0,9.01,1161.17,2.769097455777702
2013-07-28,0.0,334.83,17.88,9.22,1177.6,2.619864658759742
2013-07-29,0.0,366.39,19.57,9.78,1222.15,2.487213283632667
2013-07-30,0.0,343.99,19.83,10.85,1308.08,2.4208875960691287
2013-07-31,0.0,355.58,20.94,11.51,1361.17,2.354561908505591
2013-08-01,0.0,305.32,18.11,10.48,1278.07,2.288236220942053
2013-08-02,0.0,166.34,13.86,10.02,1241.91,2.2384919552694
2013-08-03,0.0,364.09,19.19,9.82,1225.65,2.1721662677058617
2013-08-04,0.0,418.33,22.8,10.77,1301.41,2.139003423924093
2013-08-05,0.0,400.14,23.4,12.04,1403.36,2.139003423924093
2013-08-06,0.0,419.65,24.05,11.51,1361.13,2.0892591582514397
2013-08-07,0.0,405.69,23.87,11.94,1395.17,1.989770626906133
2013-08-08,0.0,380.66,22.85,12.15,1411.91,1.94002636123348
2013-08-09,0.0,401.82,23.79,12.0,1400.0,1.906863517451711
2013-08-10,1.41,291.71,20.75,12.21,1416.66,1.9234449393425954
2013-08-11,0.0,274.82,17.86,10.92,1313.78,1.8571192517790576
2013-08-12,0.0,340.09,18.25,9.47,1197.46,1.7742121423246355
2013-08-13,0.0,435.82,21.01,7.91,1040.2,1.6913050328702133
2013-08-14,0.0,364.15,20.46,10.65,1291.62,1.7742121423246355
2013-08-15,12.61,179.46,16.14,10.4,1271.75,2.6861903463232797
2013-08-16,0.0,403.25,21.41,10.01,1226.1,1.8571192517790576
2013-08-17,0.0,304.64,18.38,10.76,1300.99,1.6913050328702133
2013-08-18,0.0,318.23,17.76,9.87,1229.81,1.608397923415791
2013-08-19,0.0,381.9,18.73,8.55,1123.0,1.5752350796340222
2013-08-20,0.0,428.96,19.43,6.8,965.28,1.5420722358522532
2013-08-21,0.0,462.5,23.78,7.65,958.57,1.4757465482887153
2013-08-22,0.0,418.97,24.92,11.64,1269.94,1.459165126397831
2013-08-23,0.0,321.4,18.05,9.69,1212.76,1.459165126397831
2013-08-24,0.0,313.1,16.45,8.54,1122.83,1.4425837045069465
2013-08-25,0.0,372.18,17.11,7.18,977.9,1.4094208607251777
2013-08-26,0.0,344.0,16.04,7.13,975.32,1.4094208607251777
2013-08-27,5.62,242.52,17.59,9.18,1173.71,1.608397923415791
2013-08-28,9.5,183.07,17.37,11.33,1347.64,1.9731892050152489
2013-08-29,13.18,150.76,15.29,10.49,1281.08,6.035637568281937
2013-08-30,25.68,236.6,16.59,8.56,1124.93,6.019056146391053
2013-08-31,0.0,429.06,21.56,7.55,958.14,2.570120393087089
2013-09-01,0.0,346.87,21.0,11.1,1308.34,2.0063520487970177
2013-09-02,1.48,257.4,18.74,10.85,1307.83,1.7907935642155197
2013-09-03,1.51,256.81,16.19,9.28,1182.73,1.8073749861064043
2013-09-04,6.23,233.27,17.57,9.27,1181.51,1.6581421890884442
2013-09-05,7.2,181.01,16.58,10.55,1283.98,1.5918165015249066
2013-09-06,10.66,179.35,16.73,11.38,1352.85,1.6249793453066754
2013-09-07,0.0,305.75,17.96,10.05,1244.21,1.5254908139613688
2013-09-08,0.0,386.63,21.62,9.6,1200.05,1.4757465482887153
2013-09-09,0.0,349.27,21.55,11.37,1349.66,1.459165126397831
2013-09-10,0.0,386.63,23.79,10.76,1290.55,1.4094208607251777
2013-09-11,0.0,360.65,26.37,14.2,1612.47,1.3762580169434087
2013-09-12,0.0,300.84,24.08,15.21,1733.86,1.3596765950525243
2013-09-13,0.0,289.25,21.99,13.76,1580.71,1.3430951731616398
2013-09-14,0.02,297.94,22.81,13.99,1599.41,1.309932329379871
2013-09-15,0.0,295.58,19.37,10.94,1315.16,1.4425837045069465
2013-09-16,6.0,125.32,13.23,8.99,1158.89,1.5752350796340222
2013-09-17,4.11,172.6,12.46,6.44,967.83,1.426002282616062
2013-09-18,2.05,287.73,12.82,4.9,867.46,1.3265137512707557
2013-09-19,0.0,361.82,17.73,6.0,935.38,1.2436066418163334
2013-09-20,0.0,316.15,15.58,6.47,962.13,1.2270252199254488
2013-09-21,4.97,196.08,12.76,5.83,927.67,1.3430951731616398
2013-09-22,16.05,127.14,10.0,5.82,928.52,6.1185446777363595
2013-09-23,30.46,153.64,9.42,4.31,836.98,5.869823349373093
2013-09-24,9.38,180.85,9.02,2.9,756.56,3.2665401125042353
2013-09-25,4.08,213.2,10.29,2.65,742.05,2.470631861741782
2013-09-26,0.0,309.9,11.98,3.16,767.83,2.022933470687902
2013-09-27,0.52,222.61,9.93,4.17,828.32,1.9234449393425954
2013-09-28,38.43,169.78,10.32,4.41,842.55,24.540504398508975
2013-09-29,87.1,124.78,7.58,3.42,785.68,45.59891019993222
2013-09-30,62.47,110.25,6.57,2.96,759.76,38.63471300576076
2013-10-01,32.27,176.96,7.99,2.18,716.77,22.550733771602843
2013-10-02,16.88,148.01,7.0,2.1,712.81,16.74723610979329
2013-10-03,7.13,210.21,8.74,0.89,650.31,12.05469371467299
2013-10-04,0.0,331.19,12.75,1.59,683.31,9.28559625889529
2013-10-05,0.0,320.76,16.37,5.08,886.77,7.693779757370382
2013-10-06,3.96,255.96,17.02,4.85,868.35,6.649150178244661
2013-10-07,6.6,144.38,8.95,3.44,784.17,6.9476157722805825
2013-10-08,8.21,145.97,7.32,1.93,704.69,6.284358896645204
2013-10-09,0.0,298.63,10.16,0.28,623.19,5.2231478956286
2013-10-10,0.0,232.57,9.24,2.56,737.97,4.6759609732294125
2013-10-11,0.0,179.72,7.67,2.86,753.62,4.244844004066417
2013-10-12,2.0,196.29,7.48,2.14,713.06,3.896634144357844
2013-10-13,0.0,286.66,10.24,0.69,639.63,3.5815871284310394
2013-10-14,0.0,287.23,11.94,1.92,703.9,3.3660286438495417
2013-10-15,0.0,270.17,13.58,4.24,822.15,3.1504701592680444
2013-10-16,0.0,259.76,12.05,3.18,774.57,2.9846559403592
2013-10-17,0.0,254.44,12.88,4.05,804.08,2.83542314334124
2013-10-18,0.0,266.79,15.27,5.09,886.15,2.7193531901050485
2013-10-19,0.0,249.63,14.57,5.52,910.43,2.6032832368688577
2013-10-20,0.0,201.64,13.83,7.22,1017.2,2.487213283632667
2013-10-21,0.0,222.94,16.16,8.21,1096.42,2.4043061741782443
2013-10-22,0.0,242.19,17.69,8.0,1080.32,2.3213990647238223
2013-10-23,0.0,239.99,16.72,6.99,999.23,2.2384919552694
2013-10-24,0.0,214.3,14.96,6.83,986.23,2.1721662677058617
2013-10-25,0.0,180.92,11.26,4.89,870.79,2.0892591582514397
2013-10-26,0.0,198.8,11.77,4.44,841.86,2.0395148925787865
2013-10-27,0.0,183.12,9.53,2.9,755.83,2.0063520487970177
2013-10-28,0.01,202.52,7.67,-0.23,600.82,1.9566077831243642
2013-10-29,0.0,231.69,10.25,-0.1,600.0,1.906863517451711
2013-10-30,0.0,198.6,9.63,1.39,671.09,1.8571192517790576
2013-10-31,4.38,109.38,10.05,4.38,831.8,1.8737006736699422
2013-11-01,4.41,113.13,10.54,4.55,847.63,1.8073749861064043
2013-11-02,15.0,102.48,6.42,1.17,669.23,4.3443325354117235
2013-11-03,12.86,140.17,5.54,-2.31,516.88,3.0178187841409687
2013-11-04,0.0,193.47,4.53,-3.7,468.54,2.255073377160284
2013-11-05,10.51,120.27,6.64,0.18,619.42,2.38772475228736
2013-11-06,0.0,167.75,6.92,-0.01,610.42,2.2384919552694
2013-11-07,32.01,88.91,6.91,2.22,718.3,20.063520487970177
2013-11-08,32.09,108.19,6.56,0.66,642.53,12.35315930870891
2013-11-09,0.0,132.79,4.99,-0.4,594.93,7.063685725516773
2013-11-10,3.79,104.07,7.42,1.82,697.38,5.322636426973906
2013-11-11,0.0,166.38,11.26,3.53,792.93,4.510146754320568
2013-11-12,11.9,109.59,10.42,4.36,833.83,7.527965538461538
2013-11-13,19.86,99.89,8.31,2.53,735.32,8.240966679769569
2013-11-14,0.0,132.0,5.69,0.05,616.08,5.936149036936631
2013-11-15,12.94,71.83,3.77,-0.18,602.32,5.339217848864791
2013-11-16,7.31,81.08,3.21,-1.26,557.64,5.737171974246017
2013-11-17,9.2,86.96,4.29,-0.57,589.24,4.941263723483564
2013-11-18,31.59,74.76,6.61,2.49,734.14,13.314881778380208
2013-11-19,46.54,141.68,6.38,-3.76,469.77,20.56096314469671
2013-11-20,0.0,158.97,0.39,-6.81,366.1,10.313644416130122
2013-11-21,0.0,179.85,2.58,-6.52,374.2,7.5611283822433055
2013-11-22,0.0,181.04,7.3,-2.54,508.79,6.23461463097255
2013-11-23,0.0,169.7,10.28,1.16,659.46,5.405543536428328
2013-11-24,0.0,159.63,10.58,2.24,721.06,4.77544950457472
2013-11-25,0.0,152.31,9.47,1.68,690.52,4.2282625821755335
2013-11-26,0.0,148.11,8.29,0.71,638.44,3.8303084567943064
2013-11-27,0.0,141.94,10.18,2.75,745.33,3.6810756597763468
2013-11-28,0.0,142.79,10.14,2.6,735.01,3.399191487631311
2013-11-29,0.0,116.9,7.22,1.65,691.34,3.200214424940697
2013-11-30,10.76,55.35,6.21,2.88,752.93,3.100725893595391
2013-12-01,21.6,106.77,7.0,-0.51,593.08,8.904223555404945
2013-12-02,13.73,88.86,1.0,-4.72,432.2,7.511384116570653
2013-12-03,0.0,123.53,-1.71,-7.7,345.51,4.991007989156217
2013-12-04,0.0,143.75,-2.37,-9.81,290.82,4.062448363266689
2013-12-05,0.0,137.76,-3.24,-10.21,282.37,3.5981685503219247
2013-12-06,0.27,118.94,-5.81,-11.66,253.12,3.332865800067773
2013-12-07,0.0,144.79,-6.57,-14.21,205.84,2.9680745184683155
2013-12-08,0.0,153.47,-3.02,-11.89,248.04,2.83542314334124
2013-12-09,0.0,122.89,-2.14,-8.43,320.54,2.769097455777702
2013-12-10,0.44,90.23,0.28,-4.16,443.54,2.6696089244323953
2013-12-11,0.0,121.51,3.02,-3.27,476.57,2.5867018149779732
2013-12-12,11.02,61.02,2.88,-1.16,561.87,2.6032832368688577
2013-12-13,7.45,56.22,4.98,1.24,659.24,2.6364460806506265
2013-12-14,0.27,79.53,5.75,1.75,699.06,2.5369575493053196
2013-12-15,3.94,68.53,5.85,1.23,666.78,2.5867018149779732
2013-12-16,2.86,90.4,6.74,0.48,628.26,2.4540504398508975
2013-12-17,0.0,99.76,6.39,1.15,651.98,2.3048176428329374
2013-12-18,0.0,132.22,3.33,-4.31,447.97,2.2219105333785154
2013-12-19,0.0,118.91,-0.14,-6.5,377.23,2.0892591582514397
2013-12-20,12.27,104.48,4.52,-3.38,475.63,2.1224220020332085
2013-12-21,8.33,66.31,5.03,0.54,631.36,2.1721662677058617
2013-12-22,5.35,58.4,6.71,2.88,753.58,2.205329111487631
2013-12-23,10.8,78.77,5.08,-0.25,600.88,3.4157729095221954
2013-12-24,3.75,96.18,3.85,-2.73,501.26,2.769097455777702
2013-12-25,0.0,125.55,7.12,0.2,617.24,2.371143330396475
2013-12-26,0.0,112.07,7.32,1.43,675.1,2.205329111487631
2013-12-27,0.0,118.31,5.9,-0.35,600.0,2.2716547990511686
2013-12-28,0.0,101.23,4.79,-0.29,598.36,2.155584845814978
2013-12-29,0.0,93.44,5.04,0.5,640.0,2.022933470687902
2013-12-30,1.48,101.08,7.0,2.02,720.0,1.989770626906133
2013-12-31,1.2,89.75,5.38,1.13,660.8,1.9731892050152489
2014-01-01,0.0,113.94,7.0,1.09,656.38,1.8902820955608264
2014-01-02,10.03,97.82,6.93,-0.25,599.63,2.3379804866147063
2014-01-03,16.98,99.7,2.95,-4.23,448.08,3.249958690613351
2014-01-04,0.0,154.49,4.43,-4.82,428.25,2.2716547990511686
2014-01-05,0.0,144.31,6.88,-1.24,559.72,2.0892591582514397
2014-01-06,4.53,101.3,7.72,0.43,627.25,2.022933470687902
2014-01-07,13.57,53.19,5.09,1.79,703.52,2.7525160338868173
2014-01-08,19.87,69.98,4.62,0.31,627.81,4.858356614029142
2014-01-09,20.77,82.07,3.6,-1.52,549.67,6.334103162317858
2014-01-10,33.18,68.7,5.25,1.08,661.85,7.461639850897999
2014-01-11,51.95,94.35,5.97,-0.05,613.47,54.71869223991866
2014-01-12,51.24,85.91,4.53,-0.73,583.26,21.887476895967467
2014-01-13,17.49,41.37,5.05,2.68,743.75,17.078864547610976
2014-01-14,0.0,95.66,6.0,1.74,693.13,12.883764809217212
2014-01-15,0.0,155.65,7.24,-0.76,579.93,10.064923087766857
2014-01-16,0.0,158.71,10.88,2.51,729.4,8.721827914605218
2014-01-17,0.0,131.39,11.31,5.14,888.72,8.124896726533377
2014-01-18,0.0,157.15,9.71,1.94,712.3,7.478221272788884
2014-01-19,0.0,142.9,7.0,0.54,635.73,6.715475865808199
2014-01-20,0.0,164.42,10.4,2.25,719.74,6.002474724500169
2014-01-21,0.0,172.23,9.79,1.12,651.72,5.52161348966452
2014-01-22,0.0,124.85,5.85,0.7,637.41,5.090496520501524
2014-01-23,0.0,177.61,9.71,1.0,640.4,4.692542395120298
2014-01-24,0.0,182.71,12.39,3.1,765.14,4.377495379193493
2014-01-25,0.0,191.55,12.01,2.02,708.3,4.128774050830226
2014-01-26,0.0,187.95,10.83,1.69,690.88,3.9132155662487285
2014-01-27,0.0,146.81,7.63,1.76,696.54,3.714238503558115
2014-01-28,11.83,101.14,7.62,2.45,722.37,4.062448363266689
2014-01-29,16.3,83.5,5.12,1.05,659.57,9.617224696712977
2014-01-30,14.38,57.3,2.54,-0.11,606.36,7.1963371006438495
2014-01-31,6.59,114.78,3.37,-2.31,517.61,5.455287802100982
2014-02-01,0.0,161.59,2.37,-3.51,475.9,4.659379551338528
2014-02-02,0.0,187.67,1.62,-5.5,407.33,4.178518316502879
2014-02-03,5.97,159.58,-2.04,-9.0,313.93,3.813727034903422
2014-02-04,0.0,223.62,-2.53,-10.16,282.29,3.4157729095221954
2014-02-05,0.0,230.33,-5.23,-12.98,230.49,3.1504701592680444
2014-02-06,0.0,207.59,-7.2,-13.66,216.6,2.918330252795662
2014-02-07,0.0,262.38,-2.39,-12.47,235.5,2.9514930965774306
2014-02-08,0.0,250.74,-0.38,-9.35,301.41,2.8685859871230086
2014-02-09,5.51,152.78,1.82,-4.57,437.9,2.785678877668586
2014-02-10,22.73,116.68,4.34,-0.29,600.0,3.7474013473398844
2014-02-11,29.44,141.42,3.94,-1.77,541.06,5.355799270755675
2014-02-12,36.0,134.07,5.82,0.09,616.91,15.984490702812602
2014-02-13,18.14,113.24,5.01,0.25,625.32,11.076389823110809
2014-02-14,22.61,116.38,4.78,-0.01,611.51,13.679673059979665
2014-02-15,28.7,145.94,3.96,-2.11,525.64,15.752350796340222
2014-02-16,47.66,142.26,2.51,-3.24,483.28,18.23956407997289
2014-02-17,63.69,133.18,3.19,-1.97,531.65,12.436066418163334
2014-02-18,34.07,129.17,2.75,-2.13,524.56,12.253670777363602
2014-02-19,51.53,169.03,2.92,-3.73,468.79,10.794505650965773
2014-02-20,19.51,172.29,4.01,-2.69,504.81,9.21927057133175
2014-02-21,6.62,182.46,2.91,-4.05,456.77,7.90933824195188
2014-02-22,4.14,214.71,2.09,-5.19,418.28,6.8647086628261595
2014-02-23,6.39,132.05,3.26,-1.09,566.43,6.218033209081667
2014-02-24,11.92,151.98,5.44,0.42,626.71,6.964197194171466
2014-02-25,9.82,189.96,10.47,3.4,788.16,9.882527446967128
2014-02-26,0.0,292.56,11.57,2.45,723.3,9.982015978312434
2014-02-27,0.0,284.13,10.08,1.72,697.76,10.031760243985088
2014-02-28,0.0,310.64,9.58,-0.48,590.84,9.99859740020332
2014-03-01,0.0,190.41,4.07,-0.63,584.97,9.51773616536767
2014-03-02,18.95,92.0,4.25,1.42,674.73,11.689902433073533
2014-03-03,28.63,126.47,6.31,2.35,725.85,17.9079356421552
2014-03-04,28.33,133.05,6.65,2.57,738.08,19.068635174517112
2014-03-05,44.99,166.61,9.02,3.77,801.47,40.95611207048458
2014-03-06,55.63,83.69,5.72,3.34,778.9,82.74129523551338
2014-03-07,37.35,206.65,8.0,1.33,674.07,39.132155662487285
2014-03-08,36.07,195.94,6.95,1.78,694.39,37.80564191121653
2014-03-09,55.94,175.59,7.56,2.51,734.77,46.096352856658754
2014-03-10,14.28,237.8,6.58,-0.99,571.52,26.032832368688577
2014-03-11,1.18,350.0,9.13,-2.24,518.45,17.9079356421552
2014-03-12,0.0,372.64,12.78,0.71,640.0,14.807209748559808
2014-03-13,0.0,362.26,10.03,-0.33,596.67,12.966671918671635
2014-03-14,16.59,241.49,7.48,-0.41,595.72,15.503629467976955
2014-03-15,24.59,247.21,8.09,-0.08,608.28,15.387559514740763
2014-03-16,27.58,188.83,4.58,-0.78,580.74,25.203761274144355
2014-03-17,13.92,223.99,4.0,-2.62,509.1,15.487048046086072
2014-03-18,2.1,297.04,6.73,-0.45,592.06,12.518973527617755
2014-03-19,6.4,255.23,5.36,-2.73,504.98,11.142715510674345
2014-03-20,2.61,311.5,4.6,-4.47,442.2,9.799620337512707
2014-03-21,0.35,368.53,4.61,-4.92,427.64,8.754990758386986
2014-03-22,0.0,406.04,7.14,-4.15,451.34,7.942501085733649
2014-03-23,0.0,401.61,8.67,-2.26,517.79,7.328988475770925
2014-03-24,0.0,415.45,14.04,0.76,639.12,6.848127240935275
2014-03-25,12.48,216.59,6.4,0.76,645.96,11.30852972958319
2014-03-26,30.3,162.28,4.91,0.42,632.27,14.044464341579122
2014-03-27,12.91,215.56,6.36,0.21,624.29,11.358273995255844
2014-03-28,12.98,173.49,6.41,1.7,692.56,13.464114575398167
2014-03-29,32.26,154.27,5.38,1.36,677.03,21.55584845814978
2014-03-30,26.14,263.81,6.6,-1.05,566.89,17.9079356421552
2014-03-31,2.51,375.99,8.31,-2.12,522.65,12.933509074889866
2014-04-01,0.0,378.74,8.98,0.15,618.2,10.56236574449339
2014-04-02,0.0,394.66,8.81,-0.74,582.94,9.136363461877329
2014-04-03,0.0,189.71,4.14,0.35,628.75,8.754990758386986
2014-04-04,14.69,232.08,5.8,-0.66,585.8,8.871060711623178
2014-04-05,11.11,171.66,6.29,1.71,692.58,8.622339383259911
2014-04-06,9.03,261.26,10.05,2.34,724.78,9.451410477804133
2014-04-07,0.0,404.67,14.51,4.29,833.87,9.020293508641137
2014-04-08,0.0,373.7,10.04,1.48,685.18,9.882527446967128
2014-04-09,0.0,411.2,8.72,-1.31,558.55,9.716713228058284
2014-04-10,0.0,435.57,10.06,-1.24,559.04,8.124896726533377
2014-04-11,0.0,435.97,11.02,-0.22,600.89,7.478221272788884
2014-04-12,0.0,433.35,11.34,0.34,629.2,7.1134299911894265
2014-04-13,0.0,469.93,14.78,0.37,623.94,6.748638709589969
2014-04-14,0.0,456.86,14.02,1.01,656.21,6.582824490681124
2014-04-15,0.0,391.97,8.73,-0.41,595.64,6.582824490681124
2014-04-16,13.2,169.67,7.31,2.7,745.2,7.229499944425617
2014-04-17,22.44,220.39,7.04,1.0,661.44,14.508744154523887
2014-04-18,16.86,294.15,7.62,-1.3,558.53,11.955205183327683
2014-04-19,13.0,211.17,6.34,0.67,643.13,9.335340524567942
2014-04-20,12.66,276.22,7.33,-0.54,590.56,8.622339383259911
2014-04-21,3.05,257.02,8.68,1.9,700.95,7.527965538461538
2014-04-22,8.46,278.52,7.02,-0.69,584.32,7.57770980413419
2014-04-23,21.31,267.04,7.09,0.01,613.28,7.843012554388341
2014-04-24,25.79,265.87,6.88,-0.13,608.97,19.068635174517112
2014-04-25,14.07,299.06,7.09,-1.35,555.11,13.348044622161977
2014-04-26,9.46,311.61,6.83,-2.21,520.77,10.41313294747543
2014-04-27,14.56,249.46,6.17,-0.38,596.3,10.280481572348355
2014-04-28,15.66,332.53,8.65,-1.12,564.72,9.418247634022364
2014-04-29,0.0,478.07,16.11,3.19,769.36,8.672083648932563
2014-04-30,0.0,486.89,22.52,7.34,1027.6,9.335340524567942
2014-05-01,0.0,474.0,23.95,9.47,1197.51,11.590413901728226
2014-05-02,0.0,428.78,14.53,4.29,835.37,12.518973527617755
2014-05-03,25.25,144.79,6.93,3.11,768.56,14.508744154523887
2014-05-04,41.63,167.4,7.66,3.29,776.86,31.83633003049813
2014-05-05,31.19,212.81,9.04,3.36,782.3,25.369575493053198
2014-05-06,9.6,336.5,10.1,2.05,710.06,16.133723499830563
2014-05-07,0.0,484.86,13.54,0.78,644.07,12.83402054354456
2014-05-08,0.0,235.28,7.44,2.84,753.49,12.568717793290409
2014-05-09,16.93,191.88,7.08,2.19,716.23,14.608232685869194
2014-05-10,9.4,298.91,9.09,0.7,643.63,11.855716651982377
2014-05-11,4.16,347.73,13.31,2.19,716.78,10.363388681802778
2014-05-12,0.0,488.64,17.51,4.58,848.38,9.915690290748897
2014-05-13,0.0,486.19,20.75,7.47,1037.8,10.41313294747543
2014-05-14,0.0,486.5,23.47,9.5,1200.38,12.303415043036257
2014-05-15,0.0,486.22,23.19,9.29,1183.48,14.127371451033547
2014-05-16,0.0,415.75,15.51,6.12,950.75,12.966671918671635
2014-05-17,0.0,363.33,12.78,5.13,884.98,10.9769012917655
2014-05-18,0.2,325.22,11.17,4.48,844.83,10.031760243985088
2014-05-19,7.24,308.41,13.19,4.0,818.25,9.302177680786173
2014-05-20,0.0,451.01,15.29,4.47,843.46,8.904223555404945
2014-05-21,0.0,452.44,16.41,5.34,895.06,8.83789786784141
2014-05-22,0.0,445.26,18.8,7.69,1055.23,9.351921946458825
2014-05-23,0.0,381.61,14.99,6.49,974.67,11.441181104710267
2014-05-24,9.26,261.58,13.0,5.56,910.44,10.048341665875972
2014-05-25,0.0,254.76,9.79,4.66,854.57,8.373618054896644
2014-05-26,4.57,258.31,10.4,3.22,774.59,7.826431132497457
2014-05-27,0.0,409.16,11.52,2.43,729.6,7.279244210098271
2014-05-28,4.19,313.82,11.73,2.26,720.65,6.615987334462893
2014-05-29,1.42,305.05,10.35,3.57,791.36,6.26777747475432
2014-05-30,0.0,498.92,15.63,2.51,734.45,5.952730458827515
2014-05-31,0.0,480.62,17.04,4.95,871.81,6.135126099627244
2014-06-01,0.0,454.24,17.98,7.07,1007.45,6.582824490681124
2014-06-02,0.0,437.95,18.26,7.81,1064.98,6.931034350389697
2014-06-03,0.0,407.05,16.72,7.41,1033.01,7.1134299911894265
2014-06-04,0.0,429.68,16.41,6.23,948.54,6.7818015533717375
2014-06-05,0.0,446.71,16.11,5.19,885.72,6.350684584208742
2014-06-06,0.0,476.94,17.91,5.36,896.23,5.853241927482208
2014-06-07,0.0,447.66,18.16,6.82,990.13,5.604520599118942
2014-06-08,0.0,412.39,18.04,7.97,1077.81,5.554776333446289
2014-06-09,0.0,416.39,15.93,5.84,928.6,5.621102021009826
2014-06-10,0.0,379.97,13.56,4.83,863.62,5.206566473737715
2014-06-11,0.0,445.68,16.65,5.51,906.22,4.642798129447645
2014-06-12,0.0,358.11,14.44,6.53,975.59,4.576472441884106
2014-06-13,3.12,287.07,14.22,5.81,926.68,4.526728176211453
2014-06-14,0.0,352.63,13.06,5.62,914.59,4.2614254259573014
2014-06-15,0.0,338.4,10.7,3.78,805.19,4.02928551948492
2014-06-16,11.08,292.25,11.45,3.06,766.82,3.763982769230769
2014-06-17,0.0,402.92,14.67,5.72,918.59,3.548424284649271
2014-06-18,0.0,420.31,16.56,6.87,995.3,3.5318428627583867
2014-06-19,0.0,414.04,15.64,6.27,957.48,3.548424284649271
2014-06-20,0.0,392.69,12.57,4.04,820.32,3.565005706540155
2014-06-21,0.0,506.52,17.15,3.21,770.26,3.216795846831582
2014-06-22,0.0,488.94,19.81,6.44,957.88,3.1504701592680444
2014-06-23,1.05,397.15,17.1,7.61,1049.12,3.1836330030498132
2014-06-24,1.24,360.5,17.06,8.98,1158.71,3.167051581158929
2014-06-25,0.0,421.7,19.17,8.85,1147.8,3.117307315486275
2014-06-26,0.0,392.34,16.65,7.58,1049.95,3.0509816279227375
2014-06-27,12.43,216.86,13.19,7.44,1039.5,4.178518316502879
2014-06-28,13.88,208.73,13.05,7.23,1025.26,4.62621670755676
2014-06-29,4.48,261.9,13.84,6.34,963.39,4.012704097594035
2014-06-30,0.0,502.85,20.15,5.69,917.87,3.4655171751948486
2014-07-01,0.0,498.85,27.28,11.05,1324.39,3.448935753303964
2014-07-02,0.0,445.57,21.76,10.15,1252.38,3.482098597085733
2014-07-03,0.0,351.28,15.05,7.27,1025.75,3.249958690613351
2014-07-04,0.0,453.64,17.18,5.77,921.85,2.918330252795662
2014-07-05,0.0,360.36,17.63,9.51,1200.42,2.802260299559471
2014-07-06,0.0,386.86,20.96,11.83,1386.7,2.901748830904778
2014-07-07,0.0,440.73,22.71,11.31,1344.68,2.901748830904778
2014-07-08,0.0,467.29,24.64,11.43,1354.37,2.8188417214503554
2014-07-09,0.0,438.12,22.66,11.24,1339.02,2.769097455777702
2014-07-10,0.0,457.32,23.29,10.7,1296.37,2.6364460806506265
2014-07-11,0.0,479.6,25.81,11.19,1335.56,2.5369575493053196
2014-07-12,0.0,450.86,27.08,13.77,1581.82,2.470631861741782
2014-07-13,0.0,453.42,28.03,14.17,1617.8,2.4208875960691287
2014-07-14,0.0,394.71,24.71,14.14,1613.78,2.4540504398508975
2014-07-15,0.0,438.23,27.3,14.16,1616.17,2.255073377160284
2014-07-16,0.0,431.52,25.74,13.09,1499.55,2.155584845814978
2014-07-17,0.0,390.29,22.2,11.72,1377.9,2.056096314469671
2014-07-18,0.0,405.11,21.72,10.73,1298.16,1.94002636123348
2014-07-19,0.0,335.59,18.14,9.84,1227.35,1.9234449393425954
2014-07-20,0.0,242.66,13.5,7.87,1071.48,1.8902820955608264
2014-07-21,0.0,391.95,15.72,5.92,933.79,1.7410492985428665
2014-07-22,0.0,384.62,17.38,7.75,1059.85,1.6747236109793289
2014-07-23,7.62,217.66,13.71,7.06,1011.73,1.9566077831243642
2014-07-24,6.15,227.47,14.48,7.48,1042.95,1.94002636123348
2014-07-25,0.0,419.64,17.68,6.79,994.12,1.7078864547610977
2014-07-26,0.0,447.73,20.2,7.59,1047.02,1.608397923415791
2014-07-27,0.0,467.72,23.88,9.16,1158.91,1.5752350796340222
2014-07-28,0.0,445.14,25.5,11.56,1345.24,1.5420722358522532
2014-07-29,0.0,415.72,25.3,12.71,1454.54,1.5420722358522532
2014-07-30,0.0,413.06,24.71,12.38,1430.05,1.5089093920704844
2014-07-31,0.0,448.48,26.7,12.12,1389.46,1.4757465482887153
2014-08-01,0.0,409.19,25.36,13.01,1489.36,1.4425837045069465
2014-08-02,0.0,404.64,26.05,13.74,1543.85,1.392839438834293
2014-08-03,0.0,427.41,27.3,13.76,1378.18,1.392839438834293
2014-08-04,0.0,413.04,26.28,13.67,1260.86,1.392839438834293
2014-08-05,0.0,376.85,23.14,12.34,1190.25,1.3762580169434087
2014-08-06,0.0,349.55,20.49,10.87,1142.48,1.3265137512707557
2014-08-07,0.0,365.53,19.92,9.86,1054.72,1.2767694855981022
2014-08-08,0.0,400.77,19.53,8.19,833.1,1.2270252199254488
2014-08-09,0.0,452.79,22.06,8.01,693.52,1.19386237614368
2014-08-10,0.0,487.8,27.08,9.62,660.39,1.1772809542527956
2014-08-11,0.0,461.46,30.6,14.51,928.63,1.1606995323619111
2014-08-12,0.0,341.33,22.61,13.04,1132.23,1.1772809542527956
2014-08-13,16.79,100.85,14.94,11.58,1367.16,1.989770626906133
2014-08-14,23.87,214.67,17.74,10.23,1257.4,1.4757465482887153
2014-08-15,5.38,146.08,16.61,12.02,1403.94,1.459165126397831
2014-08-16,0.0,302.55,19.06,11.16,1302.86,1.2933509074889866
2014-08-17,0.0,369.33,21.51,11.21,1214.26,1.2104437980345644
2014-08-18,0.0,425.14,24.42,11.07,1081.01,1.1606995323619111
2014-08-19,0.0,373.78,21.51,10.68,1140.21,1.1441181104710265
2014-08-20,0.0,323.55,18.6,9.76,1157.15,1.1109552666892577
2014-08-21,0.0,354.66,18.94,8.96,1063.06,1.0612110010166043
2014-08-22,0.0,372.06,18.96,8.13,987.18,1.0280481572348354
2014-08-23,0.0,397.59,22.24,9.76,1010.84,1.0280481572348354
2014-08-24,0.0,345.27,20.57,10.39,1135.49,1.0280481572348354
2014-08-25,0.0,418.13,23.87,9.86,963.84,0.9948853134530665
2014-08-26,0.0,399.43,25.24,12.04,1132.77,0.9783038915621821
2014-08-27,0.0,371.79,23.14,11.58,1135.23,0.9783038915621821
2014-08-28,0.0,319.92,19.89,10.65,1163.52,0.9617224696712977
2014-08-29,0.0,215.57,14.53,8.77,1131.33,0.9617224696712977
2014-08-30,5.8,176.75,14.16,8.16,1093.59,1.011466735343951
2014-08-31,0.32,281.08,14.34,6.87,984.18,1.011466735343951
2014-09-01,0.0,329.1,16.75,7.67,992.51,0.9285596258895288
2014-09-02,0.0,253.15,13.83,7.34,1024.32,0.9285596258895288
2014-09-03,3.25,268.54,15.54,6.11,931.74,0.9451410477804132
2014-09-04,0.0,411.59,18.89,5.64,791.34,0.8788153602168755
2014-09-05,0.0,421.17,22.82,7.86,884.23,0.862233938325991
2014-09-06,0.0,411.77,26.12,10.81,1071.32,0.8290710945442221
2014-09-07,0.0,364.23,23.85,11.91,1233.32,0.8290710945442221
2014-09-08,0.0,345.17,19.07,8.6,1045.61,0.8290710945442221
2014-09-09,0.0,333.2,17.1,7.39,988.75,0.8124896726533377
2014-09-10,0.0,353.59,16.29,5.79,875.34,0.8124896726533377
2014-09-11,0.0,396.36,17.46,4.14,744.62,0.7793268288715688
2014-09-12,0.0,394.16,20.27,6.19,832.13,0.7627454069806844
2014-09-13,0.0,384.17,22.1,7.94,939.79,0.7461639850898
2014-09-14,0.0,378.22,23.68,9.17,1019.18,0.7295825631989155
2014-09-15,0.0,378.91,25.59,10.35,1036.69,0.713001141308031
2014-09-16,0.0,277.86,21.07,11.84,1330.17,0.6964197194171465
2014-09-17,0.0,254.29,18.16,10.09,1232.85,0.713001141308031
2014-09-18,6.88,103.65,14.39,10.28,1262.32,0.8788153602168755
2014-09-19,2.33,208.07,16.79,9.62,1209.43,0.7959082507624533
2014-09-20,0.0,375.57,23.09,7.42,918.32,0.7793268288715688
2014-09-21,0.0,281.08,22.02,12.26,1398.24,0.7295825631989155
2014-09-22,0.0,203.71,16.63,10.24,1259.26,0.713001141308031
2014-09-23,21.74,125.68,13.64,9.19,1175.34,1.2767694855981022
2014-09-24,40.34,123.0,13.7,8.84,1147.3,8.721827914605218
2014-09-25,18.55,151.68,13.6,7.55,1047.32,2.6032832368688577
2014-09-26,20.97,150.34,13.5,7.55,1047.78,16.28295629684852
2014-09-27,20.59,215.71,15.61,6.11,944.75,4.609635285665875
2014-09-28,0.0,318.76,18.52,6.82,985.49,2.487213283632667
2014-09-29,3.73,196.95,14.34,5.86,927.68,1.8902820955608264
2014-09-30,0.42,191.58,11.69,5.48,905.75,1.608397923415791
2014-10-01,0.0,274.36,12.64,3.37,781.06,1.426002282616062
2014-10-02,0.0,284.63,13.81,3.71,799.22,1.309932329379871
2014-10-03,0.0,312.24,20.21,7.31,1024.52,1.2104437980345644
2014-10-04,0.0,235.34,18.97,10.53,1282.75,1.1441181104710265
2014-10-05,0.0,274.05,19.71,9.29,1183.45,1.0943738447983733
2014-10-06,0.0,277.29,21.4,10.47,1277.3,1.0446295791257199
2014-10-07,0.0,260.73,18.79,9.06,1164.65,1.011466735343951
2014-10-08,0.0,231.96,17.39,9.12,1169.27,0.9617224696712977
2014-10-09,0.0,242.94,18.52,9.5,1200.0,0.9285596258895288
2014-10-10,0.0,202.04,15.45,8.46,1116.66,0.8788153602168755
2014-10-11,6.46,128.77,11.06,6.08,945.54,0.9285596258895288
2014-10-12,4.56,152.53,11.61,4.94,871.99,0.9783038915621821
2014-10-13,15.66,172.71,13.4,5.39,899.63,1.5752350796340222
2014-10-14,23.7,121.72,9.19,4.07,821.28,4.112192628939342
2014-10-15,19.68,93.79,8.98,5.21,888.82,7.57770980413419
2014-10-16,21.4,138.37,11.15,5.27,892.38,8.804735024059639
2014-10-17,15.31,87.94,10.23,6.66,980.72,17.244678766519822
2014-10-18,27.26,95.52,12.33,8.33,1106.17,21.390034239240933
2014-10-19,9.51,109.2,13.63,8.91,1152.74,10.595528588275158
2014-10-20,26.22,117.05,10.87,6.02,943.67,32.167958468315824
2014-10-21,30.18,97.89,9.09,5.17,888.08,39.46378410030498
2014-10-22,51.52,90.8,8.63,5.04,880.85,75.44546960352422
2014-10-23,51.96,104.78,7.01,2.74,749.06,46.427981294476446
2014-10-24,21.78,125.61,7.94,2.64,742.86,23.711433303964753
2014-10-25,19.22,133.22,9.15,3.36,781.82,39.79541253812267
2014-10-26,45.1,122.58,6.89,1.58,688.81,39.297969881396135
2014-10-27,20.15,132.38,6.87,1.01,657.33,21.55584845814978
2014-10-28,25.34,101.95,8.83,4.48,844.01,35.15261440867502
2014-10-29,33.15,97.32,9.88,5.72,918.39,33.99191487631311
2014-10-30,17.62,113.89,9.99,5.02,876.3,39.297969881396135
2014-10-31,37.07,115.11,7.12,2.14,716.45,33.16284378176889
2014-11-01,8.84,153.33,7.6,0.11,615.09,19.4002636123348
2014-11-02,0.0,194.95,7.3,0.54,637.84,14.691139795323618
2014-11-03,28.44,80.69,8.94,5.53,907.09,21.72166267705862
2014-11-04,44.22,102.06,9.24,4.9,870.51,43.2775111352084
2014-11-05,15.8,139.37,10.87,4.21,830.55,21.058405801423245
2014-11-06,17.87,146.94,10.33,2.99,763.46,39.132155662487285
2014-11-07,37.13,133.54,6.9,0.54,637.89,25.203761274144355
2014-11-08,0.0,212.66,11.0,1.8,700.82,16.581421890884446
2014-11-09,7.42,140.13,8.34,1.17,666.26,14.558488420196541
2014-11-10,9.9,146.44,5.9,-2.04,527.64,11.90546091765503
2014-11-11,0.0,194.15,2.77,-4.94,426.87,10.197574462893932
2014-11-12,0.0,191.03,2.44,-5.17,420.2,8.904223555404945
2014-11-13,0.0,187.22,1.89,-5.69,399.35,8.02540819518807
2014-11-14,0.0,196.35,1.39,-7.45,347.46,7.279244210098271
2014-11-15,0.0,196.21,2.71,-6.54,373.36,6.582824490681124
2014-11-16,0.0,201.82,9.07,-2.34,516.64,6.035637568281937
2014-11-17,0.0,193.0,10.82,0.06,612.17,5.604520599118942
2014-11-18,0.0,178.04,10.4,1.22,665.24,5.2231478956286
2014-11-19,0.0,168.74,11.04,2.43,727.93,4.891519457810911
2014-11-20,9.14,70.64,6.13,2.62,739.15,5.48845064588275
2014-11-21,22.78,68.6,5.62,1.75,696.46,22.219105333785155
2014-11-22,34.13,77.24,4.66,0.17,621.53,15.851839327685529
2014-11-23,16.31,89.11,5.41,0.0,613.26,16.33270056252118
2014-11-24,25.52,123.86,8.1,-1.14,562.9,13.364626044052862
2014-11-25,26.83,76.29,9.11,4.33,831.57,25.86701814977973
2014-11-26,25.94,35.15,9.01,6.97,999.36,26.364460806506266
2014-11-27,39.23,43.91,8.89,6.25,956.85,45.43309598102338
2014-11-28,56.27,121.36,7.34,-2.2,525.83,67.154758658082
2014-11-29,35.34,120.42,-1.73,-9.05,311.83,31.173073154862752
2014-11-30,1.89,176.45,1.63,-8.64,315.63,18.73700673669942
2014-12-01,0.0,161.44,2.05,-5.78,397.61,14.392674201287699
2014-12-02,0.0,171.47,4.05,-4.98,433.59,12.038112292782106
2014-12-03,0.79,136.25,5.96,-0.89,574.04,10.595528588275158
2014-12-04,4.93,67.67,6.12,2.05,720.0,9.7001318061674
2014-12-05,9.61,63.02,7.79,3.94,805.77,12.950090496780751
2014-12-06,16.26,56.09,6.43,3.05,761.55,19.068635174517112
2014-12-07,7.74,85.04,8.74,3.25,773.6,13.679673059979665
2014-12-08,18.0,63.36,7.86,3.97,815.03,20.8925915825144
2014-12-09,60.32,69.15,9.16,4.81,862.34,93.51921946458826
2014-12-10,68.45,86.94,9.54,3.78,804.33,107.77924229074888
2014-12-11,77.25,70.28,7.07,2.49,734.27,70.30522881735004
2014-12-12,34.89,76.35,5.02,0.01,613.96,47.92030926465604
2014-12-13,6.69,105.37,5.4,-1.55,550.48,29.68074518468315
2014-12-14,0.0,117.34,4.54,-1.49,549.59,22.71654799051169
2014-12-15,0.76,88.96,3.99,-0.58,587.19,17.742121423246356
2014-12-16,4.05,32.81,3.43,1.51,679.91,15.089093920704842
2014-12-17,3.0,47.88,4.25,1.38,674.63,13.182230403253133
